新老品标签,国家,PID,SPU,shop_name,二级类目,三级类目,店铺评分,首图 url,上架时间,商品卡日均占比,GPM分层,可用库存,销量排名,是否在联盟,商品详情页URL,营销价,颜色,尺码
新老品,US,1732463249766453855,S260628013750,Vanshee Show,标码女装,女士套装及西服,4.2,https://p16-she-va.ibyteimg.com/tos-alisg-i-f7lenjegsh-sg/2be9d8e18133452bbea273db5e287b41~tplv-g9dfdl17fc-origin-image.image,2026/6/28,,,4884,1,In Affiliate,https://shop.tiktok.com/view/product/1732463249766453855?region=US&locale=en,19.9,"Baby pink,Rose pink,Yellow,Coral Pink 2,Black/Gray,Black,Coral pink,Caramel,Turquoise green,Dark wash","M,S,XL,L"
新老品,US,1732436212305204136,S260610003638,Chic Weaves,标码女装,女士针织衫,4.4,https://p16-she-va.ibyteimg.com/tos-alisg-i-f7lenjegsh-sg/416e6139c18e45c19ed83dac2556bf76~tplv-g9dfdl17fc-origin-image.image,2026/6/12,,,2063,2,In Affiliate,https://shop.tiktok.com/view/product/1732436212305204136?region=US&locale=en,27.7,"Cranberry Red - Multicolor 9,Pink - Multicolor 2,Purple - Multicolor 3,Multi-color,Apricot Color - Multicolor 4,White - Multicolor 8,Colorful 6 — mixed colors,Light Blue - Multicolor 5,Denim blue - color 7,Grass green - multicolor 10","M,S,XL,L,XXL"
新老品,US,1731899640523821919,S251010010150,Chic Curves,大码女装,女士下装,4.4,https://p16-she-va.ibyteimg.com/tos-alisg-i-f7lenjegsh-sg/932a55adf5ed40c2a7efa3387c014e44~tplv-g9dfdl17fc-origin-image.image,2025/10/13,,,9030,3,In Affiliate,https://shop.tiktok.com/view/product/1731899640523821919?region=US&locale=en,24.8,"Red,Army green,Gray,Black background with white polka dots,Black and white,Black,Deep blue,Apricot,Blue,Lake Blue,Brown leopard print,White background with black polka dots,Yellow,Dark Coffee Color,Brown","4XL,1XL,0XL,3XL,2XL"
新老品,US,1732258417239494779,S260124060956,ROVELA Clothing,标码女装,女士套装及西服,4.1,https://p16-she-va.ibyteimg.com/tos-alisg-i-f7lenjegsh-sg/23873652473842dc9a19d0bcf3230859~tplv-g9dfdl17fc-origin-image.image,2026/1/27,,高GPM,5801,4,In Affiliate,https://shop.tiktok.com/view/product/1732258417239494779?region=US&locale=en,24.4,"Khaki,Hot pink,Orange,Navy blue,Army green,Gray,Black,Dark gray,Dark Blue,Brown","M,S,XL,L,XXL"
新老品,US,1731404975383220420,S250625021533,FACIO Direct,标码女装,女士针织衫,4.2,https://p16-she-va.ibyteimg.com/tos-alisg-i-f7lenjegsh-sg/40cb66a7a7194ac4a372e6ed42d130b0~tplv-g9dfdl17fc-origin-image.image,2025/7/5,,,1460,5,In Affiliate,https://shop.tiktok.com/view/product/1731404975383220420?region=US&locale=en,30,"Coral red,Khaki,Red,Olive green,Light blue,Navy blue,Lilac,Mocha brown,Black,Dark gray,Pastel blue,Green,Blue,Coffee brown,Mint green,Pink,Yellow,Mauve purple,Brown","M,S,XL,L,XS"
新老品,US,1731602751530177225,S250809009719,Dynoppy,标码女装,女士套装及西服,4.3,https://p16-she-va.ibyteimg.com/tos-alisg-i-f7lenjegsh-sg/254aea44c9a74c019bfa29cadab37279~tplv-g9dfdl17fc-origin-image.image,2025/8/12,,,850,6,In Affiliate,https://shop.tiktok.com/view/product/1731602751530177225?region=US&locale=en,27.4,"Coffee brown,Red,Navy blue,Gray,Black,Burgundy","M,S,XL,L,XS"
新老品,US,1732153774993739945,S251217092425,Sylure,标码女装,女士套装及西服,4.5,https://p16-she-va.ibyteimg.com/tos-alisg-i-f7lenjegsh-sg/c79fb4831bc14bbab74a98ad1cc3defd~tplv-g9dfdl17fc-origin-image.image,2025/12/31,,,1375,7,In Affiliate,https://shop.tiktok.com/view/product/1732153774993739945?region=US&locale=en,23.2,"Black and khaki,Jet black,Baby pink,Khaki,Yellow,Red and black,Black,Black and white","M,S,XL,L,XXL"
新老品,GB,1729811532813736677,S260427033046,Afant,标码女装,女士下装,4.9,https://p16-she-va.ibyteimg.com/tos-alisg-i-f7lenjegsh-sg/1a4630cf8af145a896a5f0dee73ea1d2~tplv-g9dfdl17fc-origin-image.image,2026/4/29,,高GPM,1916,1,In Affiliate,https://shop.tiktok.com/view/product/1729811532813736677?region=GB&locale=en,25.4,"Sky blue,Yellow,Army green,Coffee color,Rose,Black","XL,M,L,S,XXL"
新老品,US,1732402613314949516,S260518008263,Jane Mano,标码女装,女士下装,3.9,https://p16-she-va.ibyteimg.com/tos-alisg-i-f7lenjegsh-sg/9022696598bc421a9b1e9027bbf16201~tplv-g9dfdl17fc-origin-image.image,2026/5/23,,,2426,8,In Affiliate,https://shop.tiktok.com/view/product/1732402613314949516?region=US&locale=en,20,"Pink,Army green,Black,Fawn brown,Deep blue,Apricot,Burgundy","M,S,XS,L,XL"
新老品,US,1729387696935768412,S230627004373,Zhichn Clthing,标码女装,女士针织衫,4.8,https://p16-she-va.ibyteimg.com/tos-alisg-i-f7lenjegsh-sg/75aa0ee1db0d46489871c3113648f882~tplv-g9dfdl17fc-origin-image.image,2023/8/1,,,3746,9,In Affiliate,https://shop.tiktok.com/view/product/1729387696935768412?region=US&locale=en,19.3,"Dusty Blue,Light Blue*1 pc+Light Gray*1 pc,Brown*1 pc+Apricot*1 pc,Pale Green*1 pc+White*1 pc,Cream*1 pc+Pale Green*1 pc+Gray*1 pc,White*1 pc+Light Blue*1 pc,Off white,Ocean blue,Gray*1 pc+White*1 pc,Grey,Chartreuse,Curry*1 pc+Cream*1 pc,Coffee Brown*1 pc+Brown*1 pc+Apricot*1 pc,Pale green, Gray*1 pc+Black*1 pc+ Blue*1 pc,Brown,Burgundy,Curry,Gray*1 pc+Black*1 pc+Cream*1 pc,Cream,Brown*1 pc+Coffee Brown*1 pc,Black,Apricot,Light Blue,Coffee brown,Pink,Black*1 pc+White*1 pc+Ocean Blue*1 pc,White*1 pc+Light Gray*1 pc+Light Blue*1 pc,Gray*1 pc+Black*1 pc,Mauve Purple*1 pc+White*1 pc,pebble lime,Cream*1 pc+Black*1 pc,Mauve purple","M,S,L"
新老品,GB,1729837427069917294,S260528008769,Soft Frame,标码女装,女士下装,4.7,https://p16-she-va.ibyteimg.com/tos-alisg-i-f7lenjegsh-sg/cdb1173169da4719805265e568ebf178~tplv-g9dfdl17fc-origin-image.image,2026/5/31,,,1980,2,In Affiliate,https://shop.tiktok.com/view/product/1729837427069917294?region=GB&locale=en,14.8,"Copper brown,Off-white polka dots,Coffee brown,Blue-brown,Black,Khaki,Pastel blue,Reed green","L,M,XL,S"
新老品,US,1732446751953359411,S260607015127,The Beautiful Closet,标码女装,女士下装,3.3,https://p16-she-va.ibyteimg.com/tos-alisg-i-f7lenjegsh-sg/e9374e6c58724134b15ca70904b34503~tplv-g9dfdl17fc-origin-image.image,2026/6/16,,,4989,10,In Affiliate,https://shop.tiktok.com/view/product/1732446751953359411?region=US&locale=en,17.9,"Plum Red,Khaki,Light green,Army green,White,Black,Deep Blue,Sky blue,Polka dots,Apricot,Brown","M,S,XL,L"
新老品,US,1729650042121916869,S240902006916,Spoils Me,标码女装,女士套装及西服,4.1,https://p16-she-va.ibyteimg.com/tos-maliva-i-g9dfdl17fc-us/cc59869c5fb44a5a88eaf3751ebba936~tplv-g9dfdl17fc-origin-image.image,2024/9/18,,高GPM,1995,11,In Affiliate,https://shop.tiktok.com/view/product/1729650042121916869?region=US&locale=en,32.5,"Burgundy,Army green,Black,Off white,Dark green,Green,Blue,Grey,Pink,Emerald green,Deep red,Sky blue,Dark Blue,Brown","M,S,L,XL,XXL"
新老品,US,1732313618323050648,S260331062310,Oohneed,标码女装,女士套装及西服,4.1,https://p16-she-va.ibyteimg.com/tos-alisg-i-f7lenjegsh-sg/1b458d55e31d425db35994daea3f8f6b~tplv-g9dfdl17fc-origin-image.image,2026/4/10,,,3362,12,In Affiliate,https://shop.tiktok.com/view/product/1732313618323050648?region=US&locale=en,22.6,"Dusty gray,Light blue,Navy blue,Lemon yellow,Yellow,Gray,Black,Apricot,Brown","M,S,XXS,XS,L,XXL,XL"
新老品,GB,1729847846255565236,S260609034147,Top Quality Tshirts,标码女装,女士套装及西服,3.9,https://p16-she-va.ibyteimg.com/tos-alisg-i-f7lenjegsh-sg/cd336173f99842568238fce1ac5f8475~tplv-g9dfdl17fc-origin-image.image,2026/6/14,,,1094,3,In Affiliate,https://shop.tiktok.com/view/product/1729847846255565236?region=GB&locale=en,19.3,"Black,Dark brown,Navy blue,Burgundy,White,Light wash","S,XL,XXL,L,M"
新老品,US,1732098338295485006,S251128046077,ChicVibe Fashion,标码女装,女士套装及西服,4.5,https://p16-she-va.ibyteimg.com/tos-alisg-i-f7lenjegsh-sg/80da0aa4a0234d928b24b9bbd46b73d9~tplv-g9dfdl17fc-origin-image.image,2025/12/1,,,2912,13,In Affiliate,https://shop.tiktok.com/view/product/1732098338295485006?region=US&locale=en,15.9,"Khaki,Gray,Black,Mulberry,Green","M,S,XS,XL,XXL,L"
新老品,US,1732353486527238978,S260418002528,Aliling Store,标码女装,女士下装,4.4,https://p16-she-va.ibyteimg.com/tos-alisg-i-f7lenjegsh-sg/21ab2a9b718a4b28b8a54c5a8dc4c139~tplv-g9dfdl17fc-origin-image.image,2026/4/24,,高GPM,4140,14,In Affiliate,https://shop.tiktok.com/view/product/1732353486527238978?region=US&locale=en,23.2,"Brown,Mustard Yellow,Red,Army green,Black,Apricot,Blue","M,S,XL,L"
新老品,US,1729479925562053719,S260128062588,Novelife,标码女装,女士套装及西服,4.6,https://p16-she-va.ibyteimg.com/tos-alisg-i-f7lenjegsh-sg/ed29d68870fe44339022fede090d1113~tplv-g9dfdl17fc-origin-image.image,2026/3/10,,,743,15,In Affiliate,https://shop.tiktok.com/view/product/1729479925562053719?region=US&locale=en,31.3,"Brown & Black & Leopard Print,Apricot & Leopard Print,Pink,Coffee color,Floral Gray,Dark Brown & Leopard Print,Black and white,Blue","M,S,XL,XS,L"
新老品,US,1730855241666236462,S250210000993,Tuo Go,标码女装,女士下装,4.2,https://p16-she-va.ibyteimg.com/tos-maliva-i-g9dfdl17fc-us/a6da665de3674da0a31f1682c594e315~tplv-g9dfdl17fc-origin-image.image,2025/3/12,,,7254,16,In Affiliate,https://shop.tiktok.com/view/product/1730855241666236462?region=US&locale=en,14.6,"Jet black,Baby pink,Khaki,Navy blue,Army green,Lilac,Rust orange,Black,Royal Blue,Light wash,Green,Blue,Silver,Purple,Mint green,Deep red,Yellow,Bright yellow,Burgundy","M,S,L,XL"
新老品,US,1732400337455583419,S260516000966,Comfleur,标码女装,女士套装及西服,3.5,https://p16-she-va.ibyteimg.com/tos-alisg-i-f7lenjegsh-sg/751d0f0546ff4be68fe2b51375d4d8ee~tplv-g9dfdl17fc-origin-image.image,2026/5/22,,高GPM,1322,17,In Affiliate,https://shop.tiktok.com/view/product/1732400337455583419?region=US&locale=en,26.2,"Khaki,Hot pink,Army green,Dark purple,Gray,Black,Dark wash,Burgundy","M,S,XL,L,XS"
新老品,US,1732015321642275159,S251103029462,FOXCLAW Curve,大码女装,女士上装,4,https://p16-she-va.ibyteimg.com/tos-alisg-i-f7lenjegsh-sg/6b497720df5a464499907b4cd05ce875~tplv-g9dfdl17fc-origin-image.image,2025/11/16,,高GPM,3900,18,In Affiliate,https://shop.tiktok.com/view/product/1732015321642275159?region=US&locale=en,16.5,"Pink,Khaki,Camel,Hot pink,Olive green,Orange,Light blue,Gray,White,Black,Dark wash,Burgundy","5XL,4XL,1XL,3XL,2XL"
新老品,US,1731833711082311995,S250918014275,Hotgrils clothes,标码女装,女士下装,4.8,https://p16-she-va.ibyteimg.com/tos-alisg-i-f7lenjegsh-sg/5636e1bacd974b56b4ca0451e4c9fd0b~tplv-g9dfdl17fc-origin-image.image,2025/9/26,,,282,19,In Affiliate,https://shop.tiktok.com/view/product/1731833711082311995?region=US&locale=en,21,"Royal blue,Gray,Black","M,S,L"
新老品,US,1729479845478241357,S260128044038,YarnPop,标码女装,女士针织衫,4.8,https://p16-she-va.ibyteimg.com/tos-alisg-i-f7lenjegsh-sg/0e441397aa6f42039fbb00573da8e78d~tplv-g9dfdl17fc-origin-image.image,2026/1/30,,,1538,20,In Affiliate,https://shop.tiktok.com/view/product/1729479845478241357?region=US&locale=en,13.2,"Green,Baby pink,Khaki,Cream,Light green,White,Black,Coral pink,Sky blue,Apricot,Bright yellow,Brown","M,S,L,XL"
新老品,US,1732397483803579179,S260514005562,Chic Mod,标码女装,女士套装及西服,3.4,https://p16-she-va.ibyteimg.com/tos-alisg-i-f7lenjegsh-sg/4e2940c984a54206885da07459c14e32~tplv-g9dfdl17fc-origin-image.image,2026/5/25,,,1969,21,In Affiliate,https://shop.tiktok.com/view/product/1732397483803579179?region=US&locale=en,23,"Burgundy,Yellow,White,Black,Blue","M,S,XXS,XS,XL,L"
新老品,US,1730539955370758885,S241225010648,Afant,标码女装,女士套装及西服,4.7,https://p16-she-va.ibyteimg.com/tos-maliva-i-g9dfdl17fc-us/4361320a3159430db82987dbf2f984a3~tplv-g9dfdl17fc-origin-image.image,2025/1/19,,,2902,22,In Affiliate,https://shop.tiktok.com/view/product/1730539955370758885?region=US&locale=en,23.4,"Coffee brown,Purple,Light Green,Camel,Multicolor2,Multicolor3,Deep red,Black and white,Blue and white,Royal Blue,Dark green,Apricot,Multicolor1","M,S,XL,L,XXL"
新老品,US,1730942130085007916,S250322009473,Lefter Shorts,标码女装,女士下装,4.8,https://p16-she-va.ibyteimg.com/tos-alisg-i-f7lenjegsh-sg/e065aa3cd2ad44f18fc6c281db658a5b~tplv-g9dfdl17fc-origin-image.image,2025/3/28,,,1102,23,In Affiliate,https://shop.tiktok.com/view/product/1730942130085007916?region=US&locale=en,34.2,"Multicolor5,Multicolor2,Multicolor3,Multicolor6,Multicolor1,Multicolor4","M,S,L,XL,XXL,XS"
新老品,GB,1729795747216988651,S260410016609,DolceAmara,标码女装,女士套装及西服,4.8,https://p16-she-va.ibyteimg.com/tos-alisg-i-f7lenjegsh-sg/6fdde0a5f01f48a8a0d9cf1fd741c422~tplv-g9dfdl17fc-origin-image.image,2026/4/22,,,915,4,In Affiliate,https://shop.tiktok.com/view/product/1729795747216988651?region=GB&locale=en,25.7,"Burgundy,Yellow,Blue,Khaki gray,Pink","S,XL,XXL,M,L"
新老品,US,1730065980107165698,S241112011069,Low Price Fashion,标码女装,女士针织衫,4.9,https://p16-she-va.ibyteimg.com/tos-alisg-i-f7lenjegsh-sg/ec263ffd2c80450191e544601ad47355~tplv-g9dfdl17fc-origin-image.image,2024/11/26,,,4370,24,In Affiliate,https://shop.tiktok.com/view/product/1730065980107165698?region=US&locale=en,8.3,"Coffee brown,Grey,Dark Gray,Navy blue,Deep red,Rusty pink,Yellow,Gray,Black,Off white","M,S,XL,L,XXL,XS"
新老品,US,1732286763402563671,S260312021243,Novelife,标码女装,女士套装及西服,4.6,https://p16-she-va.ibyteimg.com/tos-alisg-i-f7lenjegsh-sg/f749d3fff55747e9abcae0c8b7bfe08a~tplv-g9dfdl17fc-origin-image.image,2026/3/24,,,2377,25,In Affiliate,https://shop.tiktok.com/view/product/1732286763402563671?region=US&locale=en,22.6,"White and Red,White and Green,Yellow,Pink-brown mix,Brown and blue,Black,Brown","M,S,XL,L,XXL"
新老品,GB,1729841973443074495,S260604036354,Chic Value Line,标码女装,女士套装及西服,4.6,https://p16-she-va.ibyteimg.com/tos-alisg-i-f7lenjegsh-sg/a4a22b50641b42f6b45ff1ee25035dde~tplv-g9dfdl17fc-origin-image.image,2026/6/4,,,2041,5,In Affiliate,https://shop.tiktok.com/view/product/1729841973443074495?region=GB&locale=en,17.1,"Red and blue,Chartreuse,Rust orange,Blue,White,Blue and white floral pattern,Green","M,S,L,XL"
新老品,GB,1729443457023904835,S241205008501,Chic Unique Designs,标码女装,女士下装,5,https://p16-she-va.ibyteimg.com/tos-alisg-i-f7lenjegsh-sg/4eba5d1990ea41d6bed15573cfe951d4~tplv-g9dfdl17fc-origin-image.image,2024/12/18,,,2590,6,In Affiliate,https://shop.tiktok.com/view/product/1729443457023904835?region=GB&locale=en,9.7,"Khaki,Multicolor4,Multicolor10,Sky blue,Multicolor11,Multicolor8,Multicolor7,Multicolor12,Reddish Purple,Multicolor1,Multicolor2,Black,Bright blue,Blue and white,Multicolor-multicolor,Multicolor6,Multicolor3,Multicolor9,Dark Blue,Multicolor5","S,M,L,XL,XXL"
新老品,GB,1729794195037985731,S260408047252,Calorie Club,标码女装,女士下装,4.7,https://p16-she-va.ibyteimg.com/tos-alisg-i-f7lenjegsh-sg/b71303b0ffa94175953191505bdce052~tplv-g9dfdl17fc-origin-image.image,2026/4/8,,,2344,7,In Affiliate,https://shop.tiktok.com/view/product/1729794195037985731?region=GB&locale=en,15,"Premium Black,Forest Green,Moss green,Chocolate Brown + Cherry Red,Eggplant purple,Chocolate Brown,Creamy White,Wine stain red,Sakura Pink,Cherry Red,Premium Black + Premium Black,Micro-stamp blue + black coffee,Mulberry,Seaside Blue,Black coffee,Light Blue Micro Stamp","S,L,XL,M"
新老品,US,1732390143910580334,S260508026117,Soft Frame,标码女装,女士套装及西服,4,https://p16-she-va.ibyteimg.com/tos-alisg-i-f7lenjegsh-sg/f3bbeaedbd944769bda9f9944897e1c3~tplv-g9dfdl17fc-origin-image.image,2026/5/13,,,2581,26,In Affiliate,https://shop.tiktok.com/view/product/1732390143910580334?region=US&locale=en,22.7,"Brown,Baby pink,Royal blue,Yellow,Pink 2,Blue and brown stripes,Light yellow,Mulberry,Apricot,Blue and white stripes,Burgundy","M,S,XL,XS,L"
新老品,US,1732324751842776003,S260408047252,Calorie Club,标码女装,女士下装,4.6,https://p16-she-va.ibyteimg.com/tos-alisg-i-f7lenjegsh-sg/b71303b0ffa94175953191505bdce052~tplv-g9dfdl17fc-origin-image.image,2026/4/8,,,2344,27,In Affiliate,https://shop.tiktok.com/view/product/1732324751842776003?region=US&locale=en,16.4,"Wine stain red,Black coffee,Creamy White,Chocolate Brown + Cherry Red,Light Blue Micro Stamp,Cherry Red,Forest Green,Micro-stamp blue + black coffee,Chocolate Brown,Eggplant purple,Premium Black + Premium Black,Seaside Blue,Moss green,Premium Black,Mulberry,Sakura Pink","M,S,L,XL"
新老品,US,1731433230082871614,S250705016183,Sleek Nova,标码女装,女士套装及西服,4.2,https://p16-she-va.ibyteimg.com/tos-alisg-i-f7lenjegsh-sg/97c939e270be412a8410d08307c7c7e3~tplv-g9dfdl17fc-origin-image.image,2025/7/10,,,2822,28,In Affiliate,https://shop.tiktok.com/view/product/1731433230082871614?region=US&locale=en,18.9,"Brown,Khaki,Hot pink,Red,White,Black,Chartreuse,Miami blue,Blue","M,S,XL,L,XXL"
新老品,GB,1729826450466904878,S260509016167,Einsamw,标码女装,女士套装及西服,4.9,https://p16-she-va.ibyteimg.com/tos-alisg-i-f7lenjegsh-sg/8c174f05602e4e7a84b7289065f6511a~tplv-g9dfdl17fc-origin-image.image,2026/5/18,,高GPM,1369,8,In Affiliate,https://shop.tiktok.com/view/product/1729826450466904878?region=GB&locale=en,29.9,"Dark wash,Yellow,Red,Coffee brown,Pink","XL,S,XXL,M,L"
新老品,US,1732166243047805703,S251222168249,UNITHORSE,大码女装,女士连衣裙,3.1,https://p16-she-va.ibyteimg.com/tos-alisg-i-f7lenjegsh-sg/38da67cb08924ee5815d7b67faf01b1c~tplv-g9dfdl17fc-origin-image.image,2025/12/22,,高GPM,1072,29,In Affiliate,https://shop.tiktok.com/view/product/1732166243047805703?region=US&locale=en,46.2,"Baby pink,Olive green,Navy blue,White,Black,Dark green,Bright orange,Burgundy","4XL,1XL,0XL,3XL,2XL"
新老品,US,1732361826291257881,S260423031134,chrzz,标码女装,女士套装及西服,5,https://p16-she-va.ibyteimg.com/tos-alisg-i-f7lenjegsh-sg/7de3c13a039f4c19957a8af24a7158d8~tplv-g9dfdl17fc-origin-image.image,2026/4/23,,,1239,30,In Affiliate,https://shop.tiktok.com/view/product/1732361826291257881?region=US&locale=en,28.1,"Hot pink,White,Black,Chartreuse,Coral pink","M,S,XL,L,XXL"
新老品,GB,1729611547424561561,S250806009429,LAVUE,标码女装,女士套装及西服,3.7,https://p16-she-va.ibyteimg.com/tos-alisg-i-f7lenjegsh-sg/a0b57885809b4fd9913096c8547e8e30~tplv-g9dfdl17fc-origin-image.image,2025/8/18,,高GPM,1621,9,In Affiliate,https://shop.tiktok.com/view/product/1729611547424561561?region=GB&locale=en,19.3,"Dark purple,Green,Khaki gray,Wine red,Pink,Gray,Blue,Black","XL,XS,L,M,S"
新老品,US,1732323580319994347,S260408003831,Finjani Plus,大码女装,女士连衣裙,4.3,https://p16-she-va.ibyteimg.com/tos-alisg-i-f7lenjegsh-sg/5c679ff131d7489e8dcf3c0317cee3ca~tplv-g9dfdl17fc-origin-image.image,2026/4/8,,,362,31,In Affiliate,https://shop.tiktok.com/view/product/1732323580319994347?region=US&locale=en,20.2,Black,"4XL,1XL,0XL,3XL,2XL"
新老品,US,1732441283195015604,S260613024485,Cherry Show,标码女装,女士套装及西服,3.8,https://p16-she-va.ibyteimg.com/tos-alisg-i-f7lenjegsh-sg/012759383c834ee182530e0dfff8ae81~tplv-g9dfdl17fc-origin-image.image,2026/6/13,,,2012,32,In Affiliate,https://shop.tiktok.com/view/product/1732441283195015604?region=US&locale=en,15.9,"Coffee brown,Yellow,Blue","M,S,L,XL"
新老品,US,1732293512896483834,S260317002127,Elegant Finjani,大码女装,女士连衣裙,4.4,https://p16-she-va.ibyteimg.com/tos-alisg-i-f7lenjegsh-sg/95624fe9c2de4010924d9bc15e555997~tplv-g9dfdl17fc-origin-image.image,2026/3/17,,高GPM,4028,33,In Affiliate,https://shop.tiktok.com/view/product/1732293512896483834?region=US&locale=en,13.9,"Jet black,Olive green,Orange,Navy blue,Gray,Black,Dark green,Apricot,Blue,Coffee brown,Purple,Pink,Hot pink,Lemon yellow,Sky blue,Brown","5XL,4XL,1XL,0XL,3XL,2XL"
新老品,US,1732076557935350065,S251121061352,Hawthaw Women Apparel,标码女装,女士套装及西服,4,https://p16-she-va.ibyteimg.com/tos-alisg-i-f7lenjegsh-sg/6386b2eb94294202a195d19ff7bf0314~tplv-g9dfdl17fc-origin-image.image,2025/12/5,,,4373,34,In Affiliate,https://shop.tiktok.com/view/product/1732076557935350065?region=US&locale=en,15.7,"Burgundy,Royal blue,Red,Navy blue,Mocha brown,Black,Green","M,S,L,XL,XS,XXL"
新老品,US,1732322374685462794,S260407036245,HoneyBadgercome,标码女装,女士套装及西服,4.5,https://p16-she-va.ibyteimg.com/tos-alisg-i-f7lenjegsh-sg/c2dcc62ba8384a7ca73f991b290a7a0b~tplv-g9dfdl17fc-origin-image.image,2026/4/9,,,921,35,In Affiliate,https://shop.tiktok.com/view/product/1732322374685462794?region=US&locale=en,14.2,"Brown,White,Black,Burgundy","M,S,XS,L,XL"
新老品,US,1731500565687799990,S250630002371,AloiiaOnline,标码女装,女士下装,4.4,https://p16-she-va.ibyteimg.com/tos-alisg-i-f7lenjegsh-sg/d5f4d355c66048659ebc0a619e866c40~tplv-g9dfdl17fc-origin-image.image,2025/7/23,,高GPM,1165,36,In Affiliate,https://shop.tiktok.com/view/product/1731500565687799990?region=US&locale=en,20.8,"Brown,Hot pink,Red,Blue","M,S,L,XS,XXL,XL"
新老品,US,1732133995425992730,S251209116866,Fenrrichic,标码女装,女士套装及西服,3.9,https://p16-she-va.ibyteimg.com/tos-alisg-i-f7lenjegsh-sg/fc1a603cc5924903a2bb8efddbb93083~tplv-g9dfdl17fc-origin-image.image,2026/1/11,,高GPM,1580,37,In Affiliate,https://shop.tiktok.com/view/product/1732133995425992730?region=US&locale=en,18.1,"Baby pink,Navy blue,Gray,Black,Brown","M,S,L,XL,XXL"
新老品,GB,1729572312673393551,S250704007193,FianiVibe,标码女装,女士下装,4.7,https://p16-she-va.ibyteimg.com/tos-maliva-i-g9dfdl17fc-us/a347f8504c624318b93a9d11a2ddf965~tplv-g9dfdl17fc-origin-image.image,2025/7/12,,,1351,10,In Affiliate,https://shop.tiktok.com/view/product/1729572312673393551?region=GB&locale=en,14.7,"Blue,Navy blue,Cream,Brown,Dark gray,Black,Green","XXL,XS,XL,M,L,S"
新老品,US,1729673063478169831,S240913009120,NovaMode.,标码女装,女士下装,4.5,https://p16-she-va.ibyteimg.com/tos-alisg-i-f7lenjegsh-sg/8e382dec24284fe29902c685ff016e32~tplv-g9dfdl17fc-origin-image.image,2024/9/30,,高GPM,2716,38,In Affiliate,https://shop.tiktok.com/view/product/1729673063478169831?region=US&locale=en,23.4,"Off White*1 pc+Dark Brown*1 pc,Black*1 pc+Off White*1 pc,Dark Gray,Khaki gray,Multicolor,Black,Multicolor1,Blue,Grey,Purple,Deep red,Black*1 pc+Dark Brown*1 pc,Off-white,Dark brown,pebble lime","M,S,L,XS,XXL,XL"
新老品,US,1732101414871863986,S251129090742,Budhaul,标码女装,女士套装及西服,4.3,https://p16-she-va.ibyteimg.com/tos-alisg-i-f7lenjegsh-sg/85f1ebc750c546b4ba840120e3189faf~tplv-g9dfdl17fc-origin-image.image,2025/12/2,,,1266,39,In Affiliate,https://shop.tiktok.com/view/product/1732101414871863986?region=US&locale=en,21.6,"Blue,Purple,Leaf green,Rusty pink,Black,Brown","M,S,XL,L,XS,XXL"
新老品,US,1732452512499011624,S260621020237,FIRSTROW,标码女装,女士套装及西服,4.2,https://p16-she-va.ibyteimg.com/tos-alisg-i-f7lenjegsh-sg/ece29f73ee7c40f790ea998f7ba690a9~tplv-g9dfdl17fc-origin-image.image,2026/6/27,,,835,40,In Affiliate,https://shop.tiktok.com/view/product/1732452512499011624?region=US&locale=en,25.4,"Medium wash,Lime orange,Gray","M,S,L"
新老品,US,1732258014251487280,S260102036483,Eastoon Stars,标码女装,女士下装,4,https://p16-she-va.ibyteimg.com/tos-alisg-i-f7lenjegsh-sg/a0811673aa7047818a2723e7b6c5d984~tplv-g9dfdl17fc-origin-image.image,2026/1/7,,,1423,41,In Affiliate,https://shop.tiktok.com/view/product/1732258014251487280?region=US&locale=en,22.2,"Coffee brown,Pink,Khaki,Army green,Navy blue,Black,Apricot","M,S,XL,XS,L"
新老品,GB,1729451270051827526,S241229002061,Chic Panthers,标码女装,女士下装,4.8,https://p16-she-va.ibyteimg.com/tos-alisg-i-f7lenjegsh-sg/14420abd5ac245b7adf6cca06dedf36a~tplv-g9dfdl17fc-origin-image.image,2025/1/11,,高GPM,1485,11,In Affiliate,https://shop.tiktok.com/view/product/1729451270051827526?region=GB&locale=en,12.7,"Apricot,Khaki,Black","L,S,XS,M,XL"
新老品,US,1730255908420358449,S241127008690,Hawthaw Women Apparel,标码女装,女士套装及西服,4,https://p16-she-va.ibyteimg.com/tos-maliva-i-g9dfdl17fc-us/f1712d06703248139b2d3b415db47017~tplv-g9dfdl17fc-origin-image.image,2024/12/14,,,3958,42,In Affiliate,https://shop.tiktok.com/view/product/1730255908420358449?region=US&locale=en,23.1,"Green,Blue,Light Green,Pink,Khaki,Navy blue,Deep red,Yellow,Black,Chartreuse,Apricot,Burgundy","M,S,XS,L,XXL,XL"
新老品,GB,1729440910999260997,S241203004194,ZANZEA CHOICE,标码女装,女士套装及西服,4,https://p16-she-va.ibyteimg.com/tos-alisg-i-f7lenjegsh-sg/6e07e6c807f646f399a3ccff6cdda0ce~tplv-g9dfdl17fc-origin-image.image,2024/12/11,,,3553,12,In Affiliate,https://shop.tiktok.com/view/product/1729440910999260997?region=GB&locale=en,26.9,"Multicolor9,Grey,Multicolor2,Pale green,Hot pink,Multicolor3,Yellow,Khaki,Pink,Navy blue,Multicolor1,Multicolor4,Multicolor5,Army green,Multicolor8,Multicolor6,Multicolor10,Black,Blue,Multicolor7","XL,L,S,XXL,M"
新老品,US,1732279265484247882,S260227041635,"Pusheng Fushi Co., L",标码女装,女士套装及西服,4.4,https://p16-she-va.ibyteimg.com/tos-alisg-i-f7lenjegsh-sg/7c51f193af1543e797d945884fe13fd6~tplv-g9dfdl17fc-origin-image.image,2026/3/2,,高GPM,701,43,In Affiliate,https://shop.tiktok.com/view/product/1732279265484247882?region=US&locale=en,23.5,"Coffee brown,Khaki,Navy blue,Gray,Black,Dark gray,Apricot","M,S,L,XL,XXL"
新老品,US,1732304182046003287,S260324053537,Novelife,标码女装,女士套装及西服,4.6,https://p16-she-va.ibyteimg.com/tos-maliva-i-g9dfdl17fc-us/02e53ff63531400eaaf9c40798e00c70~tplv-g9dfdl17fc-origin-image.image,2026/4/10,,,351,44,In Affiliate,https://shop.tiktok.com/view/product/1732304182046003287?region=US&locale=en,26.3,"Silver,Lime Green,Black,Apricot,Burgundy","M,S,XL,L"
新老品,US,1732484368192279269,S260710020814,Afant,标码女装,女士套装及西服,4.7,https://p16-she-va.ibyteimg.com/tos-alisg-i-f7lenjegsh-sg/e8696be3a2fd493fa6cd93c826117fa1~tplv-g9dfdl17fc-origin-image.image,2026/7/12,,,159,45,In Affiliate,https://shop.tiktok.com/view/product/1732484368192279269?region=US&locale=en,36.2,"Coffee brown,Pink","M,S,XL,L"
新老品,US,1732444257895026726,S260612016600,XGGJ Women's Clothing,标码女装,女士套装及西服,4.6,https://p16-she-va.ibyteimg.com/tos-alisg-i-f7lenjegsh-sg/e22ce05e069a4feab4aca6629faa8abd~tplv-g9dfdl17fc-origin-image.image,2026/6/14,,高GPM,2047,46,In Affiliate,https://shop.tiktok.com/view/product/1732444257895026726?region=US&locale=en,18.9,"Khaki,White,Black,Light wash,Pale green,Burgundy","M,S,L,XL,XXL"
新老品,US,1732422560563368695,S260601031739,FlaireX,标码女装,女士套装及西服,4,https://p16-she-va.ibyteimg.com/tos-alisg-i-f7lenjegsh-sg/5fc0ee9ebd3046838c61ce133ccffc9a~tplv-g9dfdl17fc-origin-image.image,2026/6/4,,,1507,47,In Affiliate,https://shop.tiktok.com/view/product/1732422560563368695?region=US&locale=en,26.2,"Pink,Royal blue,Dark Gray,Light blue,Army green,Black,Apricot","M,S,L,XL,XXL"
新老品,US,1732222169951277353,S260114044960,Ophelia Muse,标码女装,女士套装及西服,4.6,https://p16-she-va.ibyteimg.com/tos-alisg-i-f7lenjegsh-sg/e04b63f0515246f991464c2ad611608c~tplv-g9dfdl17fc-origin-image.image,2026/1/27,,,2778,48,In Affiliate,https://shop.tiktok.com/view/product/1732222169951277353?region=US&locale=en,20.6,"Green,Pink,Red,Light blue,Yellow,Blue","M,S,XS,L,XL"
新老品,GB,1729490452571986000,S250316007676,chic angel,标码女装,女士下装,4.5,https://p16-she-va.ibyteimg.com/tos-alisg-i-f7lenjegsh-sg/02b017aa43d64dc1b47cdfff4270bd7e~tplv-g9dfdl17fc-origin-image.image,2025/4/20,,高GPM,1680,13,In Affiliate,https://shop.tiktok.com/view/product/1729490452571986000?region=GB&locale=en,14,"Khaki,Off white,Dark brown,Salmon pink,Beige,Dark wash,Olive green,Black,Pink,Apricot,Burgundy,Light blue","S,XL,L,M"
新老品,GB,1729823556829354947,S260507034047,Calorie Club,标码女装,女士套装及西服,4.7,https://p16-she-va.ibyteimg.com/tos-alisg-i-f7lenjegsh-sg/776353d8f8d8429b92f275c8e538ad5d~tplv-g9dfdl17fc-origin-image.image,2026/5/7,,,842,14,In Affiliate,https://shop.tiktok.com/view/product/1729823556829354947?region=GB&locale=en,29.8,"Micro Stamp Blue,Eggplant Purple,Black coffee,Moss Green,Premium Black,Illusion blue","S,XL,L,M"
新老品,GB,1729508782622612419,S250508013693,Calorie Club,标码女装,女士套装及西服,4.7,https://p16-she-va.ibyteimg.com/tos-alisg-i-f7lenjegsh-sg/db875a8605a14daca0a3defc26af3125~tplv-g9dfdl17fc-origin-image.image,2025/5/15,,,8231,15,In Affiliate,https://shop.tiktok.com/view/product/1729508782622612419?region=GB&locale=en,33.8,"Deep red,Apricot,Pink,Coffee brown,Green,Cherry Red,Dark Gray,Smoked Purple,Purple,Grey,Black,Cream Yellow,Sakura Pink,Begonia Pink,Mint green,Lime Green,Clear Sky Blue,Yellow","S,M,L,XL"
新老品,US,1732352193703482186,S260417005144,"Pusheng2 Fushi Co., DongGuan",标码女装,女士套装及西服,4.2,https://p16-she-va.ibyteimg.com/tos-alisg-i-f7lenjegsh-sg/010b3b2435124f019703b739c2b1420a~tplv-g9dfdl17fc-origin-image.image,2026/4/21,,,638,49,In Affiliate,https://shop.tiktok.com/view/product/1732352193703482186?region=US&locale=en,18,"Coffee brown,Khaki,Navy blue,Gray,Black,Dark gray,Apricot","M,S,L,XL,XXL"
新老品,GB,1729757457464596603,S260124060956,ROVELA Clothing,标码女装,女士套装及西服,4.8,https://p16-she-va.ibyteimg.com/tos-alisg-i-f7lenjegsh-sg/23873652473842dc9a19d0bcf3230859~tplv-g9dfdl17fc-origin-image.image,2026/1/27,,,5801,16,In Affiliate,https://shop.tiktok.com/view/product/1729757457464596603?region=GB&locale=en,18.3,"Dark gray,Orange,Navy blue,Hot pink,Army green,Gray,Brown,Dark Blue,Black,Khaki","M,L,XL,S,XXL"
新老品,US,1732371291191219033,S260422021831,YIMH,大码女装,女士连衣裙,4.9,https://p16-she-va.ibyteimg.com/tos-alisg-i-f7lenjegsh-sg/6304516b4ec94ed3be079d598f23168e~tplv-g9dfdl17fc-origin-image.image,2026/4/27,,高GPM,481,50,In Affiliate,https://shop.tiktok.com/view/product/1732371291191219033?region=US&locale=en,16.1,"Medium wash,Purple,Lime Green,Orange,Gray,Bright orange,Green","5XL,4XL,1XL,3XL,2XL"
新老品,US,1732471885637390827,S260703003696,Finjani Plus,大码女装,女士连衣裙,4.3,https://p16-she-va.ibyteimg.com/tos-alisg-i-f7lenjegsh-sg/33e7c7b7479f4630b2badb0f90f205c3~tplv-g9dfdl17fc-origin-image.image,2026/7/3,,,404,51,In Affiliate,https://shop.tiktok.com/view/product/1732471885637390827?region=US&locale=en,37.6,"Blue,Burgundy,Black,Maroon,Brown","4XL,1XL,0XL,3XL,2XL"
新老品,US,1731180402442277182,S250505013441,Sleek Nova,标码女装,女士套装及西服,4.2,https://p16-she-va.ibyteimg.com/tos-alisg-i-f7lenjegsh-sg/6b0eb3cee7c44376ae6dae3fc4e4c49b~tplv-g9dfdl17fc-origin-image.image,2025/5/17,,,3181,52,In Affiliate,https://shop.tiktok.com/view/product/1731180402442277182?region=US&locale=en,15.3,"Silver,Khaki,Hot pink,Lilac,Black,Lime yellow,Fawn brown,Chartreuse,Miami blue,Apricot,Blue","M,S,L,XL,XXL"
新老品,US,1732098781023342678,S251128066417,Chic Silk Elite,标码女装,女士下装,3.8,https://p16-she-va.ibyteimg.com/tos-alisg-i-f7lenjegsh-sg/d80c071f5de343cc8a683baff97d982a~tplv-g9dfdl17fc-origin-image.image,2025/11/28,,高GPM,1948,53,In Affiliate,https://shop.tiktok.com/view/product/1732098781023342678?region=US&locale=en,19,"Green,Brown,Purple,Hot pink,Orange,Yellow,Black,Dark wash,Blue","M,S,XL,L,XXL"
新老品,GB,1729789337853139096,S260331062310,Oohneed,标码女装,女士套装及西服,4.5,https://p16-she-va.ibyteimg.com/tos-alisg-i-f7lenjegsh-sg/1b458d55e31d425db35994daea3f8f6b~tplv-g9dfdl17fc-origin-image.image,2026/4/10,,,3362,17,In Affiliate,https://shop.tiktok.com/view/product/1729789337853139096?region=GB&locale=en,22,"Yellow,Dusty gray,Gray,Lemon yellow,Black,Light blue,Brown,Navy blue,Apricot","XS,L,XL,M,XXL,S,XXS"
新老品,US,1732197469032321255,S260105096548,NovaMode.,标码女装,女士下装,4.5,https://p16-she-va.ibyteimg.com/tos-alisg-i-f7lenjegsh-sg/3ad7b2b39b2a41c6a96308a9f42c1e64~tplv-g9dfdl17fc-origin-image.image,2026/1/12,,,1490,54,In Affiliate,https://shop.tiktok.com/view/product/1732197469032321255?region=US&locale=en,20.2,"Black,Dark gray,Apricot,Brown","M,S,XL,L,XS"
新老品,US,1732340124728660725,S260411011378,SJQ Women's Clothing,标码女装,女士套装及西服,3.9,https://p16-she-va.ibyteimg.com/tos-alisg-i-f7lenjegsh-sg/86b4258c3c464bd29f69d770c078f5e0~tplv-g9dfdl17fc-origin-image.image,2026/4/18,,,4219,55,In Affiliate,https://shop.tiktok.com/view/product/1732340124728660725?region=US&locale=en,17.9,"Coffee brown,Purple,Olive green,Cyan,Orange,Army green,Yellow,Black,Fawn brown,Turquoise blue","M,S,L,XL,XXL"
新老品,GB,1729825880033499246,S260508026117,Soft Frame,标码女装,女士套装及西服,4.7,https://p16-she-va.ibyteimg.com/tos-alisg-i-f7lenjegsh-sg/f3bbeaedbd944769bda9f9944897e1c3~tplv-g9dfdl17fc-origin-image.image,2026/5/13,,,2581,18,In Affiliate,https://shop.tiktok.com/view/product/1729825880033499246?region=GB&locale=en,22,"Pink 2,Blue and white stripes,Apricot,Burgundy,Baby pink,Mulberry,Yellow,Brown,Blue and brown stripes,Light yellow,Royal blue","XS,L,S,M,XL"
新老品,US,1731412937584447684,S250702015988,FACIO Direct,标码女装,女士针织衫,4.2,https://p16-she-va.ibyteimg.com/tos-alisg-i-f7lenjegsh-sg/d73e515cfaba42f383601763217d4a40~tplv-g9dfdl17fc-origin-image.image,2025/7/6,,高GPM,472,56,In Affiliate,https://shop.tiktok.com/view/product/1731412937584447684?region=US&locale=en,30.7,"Burgundy,Jet black,Baby pink,Navy blue,Army green,Deep pink,Black,Dark gray,Apricot,Champagne,Green,Medium wash,Yellow,Sky blue,Brown","M,S,XS,L"
新老品,US,1730332398489866545,S241219006584,FUMIDAR,大码女装,女士穆斯林服饰,4.9,https://p16-she-va.ibyteimg.com/tos-alisg-i-f7lenjegsh-sg/5fe6cb2f832b40ce93f926351dd5c064~tplv-g9dfdl17fc-origin-image.image,2024/12/23,,,1111,57,In Affiliate,https://shop.tiktok.com/view/product/1730332398489866545?region=US&locale=en,25,"Dark Orange,Coffee brown,Mint green,Pink,Khaki,Army green,Navy blue,Black,Sky blue,Olive brown,Royal Blue,Mauve purple",one-size
新老品,US,1732406295534080179,S260520031675,ZOVINRIA,标码女装,女士针织衫,3.8,https://p16-she-va.ibyteimg.com/tos-alisg-i-f7lenjegsh-sg/cff65432323d4495b81f90afc1609635~tplv-g9dfdl17fc-origin-image.image,2026/5/29,,,1096,58,In Affiliate,https://shop.tiktok.com/view/product/1732406295534080179?region=US&locale=en,21.5,"Hot pink,Orange,Yellow","M,S,L"
新老品,GB,1729862428195461727,S260628013750,Vanshee Show,标码女装,女士套装及西服,4,https://p16-she-va.ibyteimg.com/tos-alisg-i-f7lenjegsh-sg/c565aa75212f43ac9d872f3aa55d75b1~tplv-g9dfdl17fc-origin-image.image,2026/6/28,,,4884,19,In Affiliate,https://shop.tiktok.com/view/product/1729862428195461727?region=GB&locale=en,19.5,"Rose pink,Baby pink,Black,Black/Gray,Yellow,Dark wash,Coral pink,Turquoise green,Caramel,Coral Pink 2","XL,S,L,M"
新老品,US,1731462786910950225,S250526013318,Shiny Girl VIP,标码女装,女士下装,4.7,https://p16-she-va.ibyteimg.com/tos-alisg-i-f7lenjegsh-sg/ff485ecf8fbc4b3f97074633e17f3ce0~tplv-g9dfdl17fc-origin-image.image,2025/7/15,,,1775,59,In Affiliate,https://shop.tiktok.com/view/product/1731462786910950225?region=US&locale=en,14.8,"Brown,Burgundy,Coffee brown,Black,Blue","M,S,L,XL,XS"
新老品,GB,1729409495036104543,S240516003315,SaltWhite,标码女装,女士下装,4.9,https://p16-she-va.ibyteimg.com/tos-alisg-i-f7lenjegsh-sg/56309e7873964b5cb89714018b028d83~tplv-g9dfdl17fc-origin-image.image,2024/5/23,,高GPM,3420,20,In Affiliate,https://shop.tiktok.com/view/product/1729409495036104543?region=GB&locale=en,13.6,"Navy Blue*1 pc+Khaki*1 pc+Black*1 pc,Turquoise blue,Hot pink,Black*1 pc+Khaki*1 pc,Blue,Green,Purple*1 pc+Sky Blue*1 pc+Pink*1 pc,Lime yellow,Purple,Black,Navy blue,Pink,Khaki,Army green,Sky blue,Coffee brown,Deep red,Pink*1 pc+Sky Blue*1 pc+Khaki*1 pc,Black*1 pc+Navy Blue*1 pc,Lime orange","XXL,XL,M,S,L"
新老品,GB,1729869464448703427,S260709038299,Calorie Club,标码女装,女士套装及西服,4.7,https://p16-she-va.ibyteimg.com/tos-alisg-i-f7lenjegsh-sg/bc1a995d586143138af8e0a93d38d1f2~tplv-g9dfdl17fc-origin-image.image,2026/7/9,,,224,21,In Affiliate,https://shop.tiktok.com/view/product/1729869464448703427?region=GB&locale=en,32.9,"Cream white with black polka dots,Dark blue with white polka dots,Black and white polka dots,Brown and white polka dots","M,L,S,XL"
新老品,US,1732222624717901927,S260114105099,CHIC SWOON,标码女装,女士套装及西服,3.8,https://p16-she-va.ibyteimg.com/tos-alisg-i-f7lenjegsh-sg/a2e800a3cf934518a388e513cc9791b9~tplv-g9dfdl17fc-origin-image.image,2026/1/27,,,868,60,In Affiliate,https://shop.tiktok.com/view/product/1732222624717901927?region=US&locale=en,28.7,"Multicolor2,Navy blue,Black,Apricot,Multicolor1,Brown","M,S,L,XL,XXL"
新老品,US,1731587443170251178,S250801010427,Perform Quirky,标码女装,女士下装,4.8,https://p16-she-va.ibyteimg.com/tos-alisg-i-f7lenjegsh-sg/3bcaf783df1f48e2a24c292fd209f137~tplv-g9dfdl17fc-origin-image.image,2025/8/9,,,2308,61,In Affiliate,https://shop.tiktok.com/view/product/1731587443170251178?region=US&locale=en,8.4,"Jet black,Royal blue,Army green,Yellow,White,Black,Fawn brown,Coral pink,Light wash,Green","M,S,L,XL"
新老品,US,1729584188490879281,S240803005144,Hawthaw Women Apparel,标码女装,女士套装及西服,4,https://p16-she-va.ibyteimg.com/tos-maliva-i-g9dfdl17fc-us/f98c937199a142c78853cdc5eea646da~tplv-g9dfdl17fc-origin-image.image,2024/8/12,,,2861,62,In Affiliate,https://shop.tiktok.com/view/product/1729584188490879281?region=US&locale=en,18.6,"Burgundy,Grey,Pink,Black,Apricot,Blue","M,S,L,XS"
新老品,US,1732290758964318534,S250918054639,Chic Luxe Fibers,标码女装,女士下装,3.3,https://p16-she-va.ibyteimg.com/tos-alisg-i-f7lenjegsh-sg/f6e31c78492746e5945e93a8a45a99c5~tplv-g9dfdl17fc-origin-image.image,2025/10/7,,高GPM,1492,63,In Affiliate,https://shop.tiktok.com/view/product/1732290758964318534?region=US&locale=en,16.1,"Coffee color,White,Black,Dark blue,Fawn brown","M,S,L,XL,XXL"
新老品,GB,1729402132633718507,S231104000432,Bettlity,标码女装,女士针织衫,4.4,https://p16-she-va.ibyteimg.com/tos-alisg-i-f7lenjegsh-sg/6fdf9ae5867d47c58fac0ff1e787f999~tplv-g9dfdl17fc-origin-image.image,2023/11/15,,高GPM,2440,22,In Affiliate,https://shop.tiktok.com/view/product/1729402132633718507?region=GB&locale=en,17.5,"Army Green*1 pc+Mint Green*1 pc,Dark Gray,Dark Gray*1 pc+Burgundy*1 pc,Mint green,Dark green,Burgundy*1 pc+Army Green*1 pc,Royal Blue,Pink*1 pc+Burgundy*1 pc,Pink,Army green,Khaki,Army Green*1 pc+Dark Green*1 pc,Dark Gray*1 pc+Dark Green*1 pc,Burgundy,Black,Light Green,Dark Gray*1 pc+Black*1 pc,Mauve purple","S,M,XXL,XL,L,XS"
新老品,US,1731210981194699450,S250517011022,MIXIFashion,标码女装,女士套装及西服,4.3,https://p16-she-va.ibyteimg.com/tos-maliva-i-g9dfdl17fc-us/67fc5c0af2c9464da24130444835c763~tplv-g9dfdl17fc-origin-image.image,2025/5/23,,,6757,64,In Affiliate,https://shop.tiktok.com/view/product/1731210981194699450?region=US&locale=en,24.7,"Coffee brown,Baby pink,Strong white,Olive green,Lilac,Black,Apricot,Blue","M,S,L,XL,XXL"
新老品,US,1732380227029667913,S260429018651,Easy Buy Relax,大码女装,女士下装,4.8,https://p16-she-va.ibyteimg.com/tos-alisg-i-f7lenjegsh-sg/bb2187a105a24b349840f02248d9c8f4~tplv-g9dfdl17fc-origin-image.image,2026/5/11,,高GPM,3331,65,In Affiliate,https://shop.tiktok.com/view/product/1732380227029667913?region=US&locale=en,26.6,"Jet black,Orange,Navy blue,Flame red,White,Black,Fawn brown,Copper brown,Brown","4XL,1XL,0XL,3XL,2XL"
新老品,US,1732299577584423108,S260320070427,FACIO Direct,标码女装,女士针织衫,4.2,https://p16-she-va.ibyteimg.com/tos-alisg-i-f7lenjegsh-sg/95901fb8e0904f03834b6550a11e1e80~tplv-g9dfdl17fc-origin-image.image,2026/3/30,,,788,66,In Affiliate,https://shop.tiktok.com/view/product/1732299577584423108?region=US&locale=en,16.3,"Green,Coffee brown,Pink,Khaki,Yellow,White,Pastel blue,Burgundy","M,S,L,XS,XL"
新老品,GB,1729835655938415233,S260525002418,Starry Muse,标码女装,女士套装及西服,4.6,https://p16-she-va.ibyteimg.com/tos-alisg-i-f7lenjegsh-sg/52f0eac79df7441d82542a6a06f79da8~tplv-g9dfdl17fc-origin-image.image,2026/5/28,,,304,23,In Affiliate,https://shop.tiktok.com/view/product/1729835655938415233?region=GB&locale=en,22,"Burgundy,Pink,Cream,Black,Khaki","M,S,XL,L"
新老品,US,1732414001197060975,S260526030088,Fourfo,标码女装,女士下装,4.7,https://p16-she-va.ibyteimg.com/tos-alisg-i-f7lenjegsh-sg/5d39e719c35342799b50252715ba92eb~tplv-g9dfdl17fc-origin-image.image,2026/5/31,,,1426,67,In Affiliate,https://shop.tiktok.com/view/product/1732414001197060975?region=US&locale=en,15.8,"Light green,Gray,Black,Brown","M,S,L"
新老品,US,1730995115107586816,S250318015748,FashionNove,标码女装,女士下装,4.3,https://p16-she-va.ibyteimg.com/tos-alisg-i-f7lenjegsh-sg/1424de20bcde4b6f861c8575293bf493~tplv-g9dfdl17fc-origin-image.image,2025/4/7,,,605,68,In Affiliate,https://shop.tiktok.com/view/product/1730995115107586816?region=US&locale=en,19.9,"Gray-green,Multicolor,Grayish white,Bright orange","M,S,L,XL,XXL"
新老品,MX,1731821103000815274,S250521005074,love you so,标码女装,女士套装及西服,5,https://p16-she-va.ibyteimg.com/tos-alisg-i-f7lenjegsh-sg/093fc30248a447edb2c6293629264dad~tplv-g9dfdl17fc-origin-image.image,2025/6/11,,,1783,1,In Affiliate,https://shop.tiktok.com/view/product/1731821103000815274?region=MX&locale=en,14.5,"Fawn Brown,Blue,Army green,Yellow,Green","S,L,XL,M"
新老品,US,1729413212566229739,S231104000432,Bettlity,标码女装,女士针织衫,4.7,https://p16-she-va.ibyteimg.com/tos-alisg-i-f7lenjegsh-sg/6fdf9ae5867d47c58fac0ff1e787f999~tplv-g9dfdl17fc-origin-image.image,2023/11/15,,高GPM,2440,69,In Affiliate,https://shop.tiktok.com/view/product/1729413212566229739?region=US&locale=en,23,"Burgundy*1 pc+Army Green*1 pc,Burgundy,Dark Gray*1 pc+Burgundy*1 pc,Light Green,Khaki,Dark Gray,Dark Gray*1 pc+Dark Green*1 pc,Dark Gray*1 pc+Black*1 pc,Army green,Black,Pink*1 pc+Burgundy*1 pc,Dark green,Royal Blue,Mint green,Pink,Army Green*1 pc+Dark Green*1 pc,Mauve purple,Army Green*1 pc+Mint Green*1 pc","M,S,XS,XL,XXL,L"
新老品,US,1732414024704299871,S260526031119,SeeYouLater Store,标码女装,女士下装,4.7,https://p16-she-va.ibyteimg.com/tos-alisg-i-f7lenjegsh-sg/a5763135435b4b56ab14e074c528f392~tplv-g9dfdl17fc-origin-image.image,2026/5/29,内容场占比低,,1486,70,In Affiliate,https://shop.tiktok.com/view/product/1732414024704299871?region=US&locale=en,15.4,"Light green,Gray,Black,Copper brown","M,S,L"
新老品,US,1732357342020539386,S260421023266,Lira Maison,标码女装,女士套装及西服,3.6,https://p16-she-va.ibyteimg.com/tos-alisg-i-f7lenjegsh-sg/4de8bf31a73e4e0783148d598386c14a~tplv-g9dfdl17fc-origin-image.image,2026/5/3,,,2616,71,In Affiliate,https://shop.tiktok.com/view/product/1732357342020539386?region=US&locale=en,17.5,"Brown,Green,Navy blue,Black,Dark gray,Burgundy","M,S,L,XL,XS"
新老品,GB,1729736570762270869,S251224049494,Sanuuchic,标码女装,女士套装及西服,4.7,https://p16-she-va.ibyteimg.com/tos-alisg-i-f7lenjegsh-sg/650008743e7445e3a80023db710abb26~tplv-g9dfdl17fc-origin-image.image,2026/1/6,,高GPM,480,24,In Affiliate,https://shop.tiktok.com/view/product/1729736570762270869?region=GB&locale=en,21.9,"Brown,Burgundy,Apricot,Gray,Black","M,XL,L,XXL,S"
新老品,US,1732399461808968134,S260515012899,TY Trove,标码女装,女士套装及西服,4.1,https://p16-she-va.ibyteimg.com/tos-maliva-i-g9dfdl17fc-us/5a3e595c780a441d980ef61a0354f945~tplv-g9dfdl17fc-origin-image.image,2026/5/29,,高GPM,555,72,In Affiliate,https://shop.tiktok.com/view/product/1732399461808968134?region=US&locale=en,35,"Pink,Black,Blue","M,S,L,XL"
新老品,US,1730939787549249699,S250317018578,Yz Sweaters,标码女装,女士针织衫,4.3,https://p16-she-va.ibyteimg.com/tos-alisg-i-f7lenjegsh-sg/04e91b3c4e984d68a703fecbd2286771~tplv-g9dfdl17fc-origin-image.image,2025/3/27,,,2815,73,In Affiliate,https://shop.tiktok.com/view/product/1730939787549249699?region=US&locale=en,15.9,"Light Blue,Grey,Royal blue,Pink,Yellow,Black,Off white,Beige,Maroon","M,S,L,XL"
新老品,US,1731172880999683011,S250508013693,Calorie Club,标码女装,女士套装及西服,4.6,https://p16-she-va.ibyteimg.com/tos-alisg-i-f7lenjegsh-sg/db875a8605a14daca0a3defc26af3125~tplv-g9dfdl17fc-origin-image.image,2025/5/15,,高GPM,8231,74,In Affiliate,https://shop.tiktok.com/view/product/1731172880999683011?region=US&locale=en,31.7,"Cream Yellow,Dark Gray,Black,Clear Sky Blue,Smoked Purple,Apricot,Green,Cherry Red,Grey,Purple,Lime Green,Pink,Mint green,Coffee brown,Begonia Pink,Deep red,Yellow,Sakura Pink","M,S,L,XL"
新老品,GB,1729816006758669124,S260501013437,PULKRITU,标码女装,女士套装及西服,4.2,https://p16-she-va.ibyteimg.com/tos-alisg-i-f7lenjegsh-sg/4e9b6e5a52994023beb4f2a105a92cf9~tplv-g9dfdl17fc-origin-image.image,2026/5/4,,,991,25,In Affiliate,https://shop.tiktok.com/view/product/1729816006758669124?region=GB&locale=en,26.2,"Green,Orange,Fawn brown,Polka dots,Hot pink,Brown","XL,XXL,L,S,XXXL,M"
新老品,GB,1729864582924245297,S260701019549,Avant Garde Codes,标码女装,女士套装及西服,4,https://p16-she-va.ibyteimg.com/tos-alisg-i-f7lenjegsh-sg/8d771ce7782e4983a747e28e7a7d4853~tplv-g9dfdl17fc-origin-image.image,2026/7/6,,高GPM,429,26,In Affiliate,https://shop.tiktok.com/view/product/1729864582924245297?region=GB&locale=en,24.4,"Black,Apricot,Red,Light blue,White,Pink,Pale green,Orange","S,L,XXL,M,XL"
新老品,US,1732349344616255503,S260324054739,CITY GIRL,标码女装,女士下装,4.6,https://p16-she-va.ibyteimg.com/tos-alisg-i-f7lenjegsh-sg/ec47aef034614ebd8041522871045e4a~tplv-g9dfdl17fc-origin-image.image,2026/4/28,,,1119,75,In Affiliate,https://shop.tiktok.com/view/product/1732349344616255503?region=US&locale=en,18.7,"Brown,Solid black with stripes all over,Army green,Gray,Stripes + Black,Black,Black polka dots + stripes,Stripes + Gray,Dark wash,Black Polka Dots,Pink,Light blue polka dots + stripes,Coffee color polka dots + stripes,Gray + Stripes,Brown polka dots,Brown, fully striped,Brown + Stripes,Yellow,Gray all-over striped,Black + Stripes,White,Sky blue,Gray polka dots,Burgundy","M,S,XL,L"
新老品,US,1732315749824041023,S260324066860,Feimeng clothing,标码女装,女士下装,3.9,https://p16-she-va.ibyteimg.com/tos-alisg-i-f7lenjegsh-sg/f40e994fcf594399804b1f4b6b53073d~tplv-g9dfdl17fc-origin-image.image,2026/4/17,,,3463,76,In Affiliate,https://shop.tiktok.com/view/product/1732315749824041023?region=US&locale=en,12.9,"Burgundy,Baby pink,Black, gray, wine red,Army green,Gray,Black, gray, aqua blue,Black,Black, gray, army green,Black, gray, brown,Black, gray, purple,Black, gray, pink,Yellow,White,Black, white, gray,Sky blue,Black, gray, yellow,Mauve purple,Brown","M,S,L,XL,XS"
新老品,US,1729536287281943391,S240611004746,SeeYouLater Store,标码女装,女士下装,4.7,https://p16-she-va.ibyteimg.com/tos-alisg-i-f7lenjegsh-sg/483f582cc24d4b2faf4e9021136691fa~tplv-g9dfdl17fc-origin-image.image,2024/6/30,,,818,77,In Affiliate,https://shop.tiktok.com/view/product/1729536287281943391?region=US&locale=en,12.4,"Pink And White*1 pc+Blue And White*1 pc,Pink and white,Red and White*1 pc+Black And White*1 pc,Black And White*1 pc+Pink And White*1 pc,Black and white,pants one set （4pc ）,Blue and white,Red and white","M,S,L"
新老品,US,1732352775436210875,S260417020908,FormeFemme fashion,标码女装,女士套装及西服,4,https://p16-she-va.ibyteimg.com/tos-alisg-i-f7lenjegsh-sg/df73358552b0499ebac98719df260140~tplv-g9dfdl17fc-origin-image.image,2026/4/22,,,2255,78,In Affiliate,https://shop.tiktok.com/view/product/1732352775436210875?region=US&locale=en,18,"Burgundy,Plaid,Baby pink,Daffodil yellow,Royal blue,Pattern,Gray / Black Floral Pattern,Black,Black and white,Black/Pink Floral,Heather violet,Apricot,Pink,White,Light Apricot Color,Peach Heart,Brown","M,S,L,XL,XXL"
新老品,US,1730891981494718654,S250312017906,Wake Seasons,标码女装,女士下装,4.1,https://p16-she-va.ibyteimg.com/tos-maliva-i-g9dfdl17fc-us/33b3b2a0329a41588bce05752923e8cd~tplv-g9dfdl17fc-origin-image.image,2025/3/19,,,249317,79,In Affiliate,https://shop.tiktok.com/view/product/1730891981494718654?region=US&locale=en,24.2,"Gray 2223,Yellow 2223,Set8,2223 - Yellow Chapter,Leopard print,Set3,Multicolor1,Set2,White leopard print,Set1,Multicolor5,Set4,Multicolor2,2223 - Charcoal Gray,Multicolor3,Set6,Set7,Set5,Camouflage,All Over Print,Multicolor4","M,S,XL,L"
新老品,US,1731768770148340574,S250908019507,Mayins,标码女装,女士套装及西服,4.7,https://p16-she-va.ibyteimg.com/tos-alisg-i-f7lenjegsh-sg/109ab00a11114a8482057a5baf65da4f~tplv-g9dfdl17fc-origin-image.image,2025/9/14,,,928,80,In Affiliate,https://shop.tiktok.com/view/product/1731768770148340574?region=US&locale=en,19,"Black - Polka Dot,Pink,Multicolor2,Multicolor3,White,Multicolor,Red - Polka Dot,Brown","M,S,XL,L,XXL"
新老品,GB,1729445895122881778,S241213008988,Morrie Moon,标码女装,女士针织衫,4.7,https://p16-she-va.ibyteimg.com/tos-maliva-i-g9dfdl17fc-us/cb4e73a872394a33867febe438a9b289~tplv-g9dfdl17fc-origin-image.image,2024/12/24,,高GPM,1489,27,In Affiliate,https://shop.tiktok.com/view/product/1729445895122881778?region=GB&locale=en,25.6,"Army green,Black,Navy blue,Grey,Brown,Khaki,Baby pink,Cream,Light Green,Burgundy,Royal Blue,Orange,Mocha brown","M,S,XXL,XL,L"
新老品,GB,1729857712505985064,S260621020237,FIRSTROW,标码女装,女士套装及西服,4.5,https://p16-she-va.ibyteimg.com/tos-alisg-i-f7lenjegsh-sg/ece29f73ee7c40f790ea998f7ba690a9~tplv-g9dfdl17fc-origin-image.image,2026/6/27,,,835,28,In Affiliate,https://shop.tiktok.com/view/product/1729857712505985064?region=GB&locale=en,17.8,"Gray,Medium wash,Lime orange","S,M,L"
新老品,US,1732258147779121592,S260124047532,Hugcitar,标码女装,女士套装及西服,4.4,https://p16-she-va.ibyteimg.com/tos-alisg-i-f7lenjegsh-sg/7c9bf07296034706aaa6f7853370217e~tplv-g9dfdl17fc-origin-image.image,2026/2/4,,,1836,81,In Affiliate,https://shop.tiktok.com/view/product/1732258147779121592?region=US&locale=en,36.2,"Pink,Red,Light blue,White,Black,Chartreuse,Apricot","M,XXXL,S,L,XS,XXL,XL"
新老品,US,1732292826324112340,S260315032598,fashion iconn,标码女装,女士针织衫,4.6,https://p16-she-va.ibyteimg.com/tos-alisg-i-f7lenjegsh-sg/4fb2d9bac56348b1a0823b91c3b1fb74~tplv-g9dfdl17fc-origin-image.image,2026/3/23,,,526,82,In Affiliate,https://shop.tiktok.com/view/product/1732292826324112340?region=US&locale=en,20.6,"Mint green,Pink,Khaki,White,Black,Dark orange,Beige","M,S,XL,XS,XXL,L"
新老品,US,1731335060538822764,S250614012321,Opulence Gowns,标码女装,女士下装,3.5,https://p16-she-va.ibyteimg.com/tos-alisg-i-f7lenjegsh-sg/be3e322992ba4c1aab8f2cc1aa41b6a7~tplv-g9dfdl17fc-origin-image.image,2025/6/20,,,841,83,In Affiliate,https://shop.tiktok.com/view/product/1731335060538822764?region=US&locale=en,16.4,"Burgundy,Jet black,Brown,Light green,Off White,Black,Light wash,Grass Green,Silver,Purple,Pink,Hot pink,Dark brown,Maroon,Golden","M,S,XL,L,XS"
新老品,GB,1729726598298114171,S251210154917,ROVELA Clothing,标码女装,女士下装,4.8,https://p16-she-va.ibyteimg.com/tos-alisg-i-f7lenjegsh-sg/c4af70f693f540199170f60f332e6c0b~tplv-g9dfdl17fc-origin-image.image,2025/12/23,,高GPM,3112,29,In Affiliate,https://shop.tiktok.com/view/product/1729726598298114171?region=GB&locale=en,12.5,"Khaki,Pink,Navy blue,Black,Brown,Light blue,White","XL,S,M,XXL,L"
新老品,GB,1729751498796144743,S260114105099,CHIC SWOON,标码女装,女士套装及西服,4.7,https://p16-she-va.ibyteimg.com/tos-alisg-i-f7lenjegsh-sg/a2e800a3cf934518a388e513cc9791b9~tplv-g9dfdl17fc-origin-image.image,2026/1/27,,,868,30,In Affiliate,https://shop.tiktok.com/view/product/1729751498796144743?region=GB&locale=en,26,"Brown,Multicolor2,Navy blue,Apricot,Multicolor1,Black","S,XL,M,XXL,L"
新老品,GB,1729841360695040003,S260604007582,Eyvonne,标码女装,女士套装及西服,4.8,https://p16-she-va.ibyteimg.com/tos-alisg-i-f7lenjegsh-sg/38f8abf3548243ab93ffdf3753d1f260~tplv-g9dfdl17fc-origin-image.image,2026/6/4,,,562,31,In Affiliate,https://shop.tiktok.com/view/product/1729841360695040003?region=GB&locale=en,19.8,"Black and white stripes,brownish-green stripe,Apricot & Coffee Stripes","XXL,S,XL,L,M"
新老品,US,1732250174985769822,S260121016403,Mayins,标码女装,女士套装及西服,4.7,https://p16-she-va.ibyteimg.com/tos-alisg-i-f7lenjegsh-sg/bd6a3b8e060b4eb5987062917c40fd41~tplv-g9dfdl17fc-origin-image.image,2026/1/27,,,3148,84,In Affiliate,https://shop.tiktok.com/view/product/1732250174985769822?region=US&locale=en,13.9,"Pink,Gray,Black,Fawn brown,Pale green,Brown","M,S,XL,L,XS"
新老品,US,1731094508494295089,S250407007878,Katlynne,标码女装,女士套装及西服,4.3,https://p16-she-va.ibyteimg.com/tos-maliva-i-g9dfdl17fc-us/978f17bd1bad404f979e0f1364880267~tplv-g9dfdl17fc-origin-image.image,2025/4/27,,,2910,85,In Affiliate,https://shop.tiktok.com/view/product/1731094508494295089?region=US&locale=en,20.8,"Turquoise,Cream,Navy blue,Black,Bright orange,Pale green","M,S,L,XL,XXL"
新老品,MX,1732929657103156550,S250918054639,Chic Luxe Fibers,标码女装,女士下装,3.5,https://p16-she-va.ibyteimg.com/tos-alisg-i-f7lenjegsh-sg/f6e31c78492746e5945e93a8a45a99c5~tplv-g9dfdl17fc-origin-image.image,2025/10/7,,,1492,2,In Affiliate,https://shop.tiktok.com/view/product/1732929657103156550?region=MX&locale=en,12.5,"Dark blue,White,Coffee color,Fawn brown,Black","M,XXL,L,XL,S"
新老品,US,1732274234530828364,S260224009621,KAYWIDE Resort,标码女装,女士套装及西服,3.4,https://p16-she-va.ibyteimg.com/tos-alisg-i-f7lenjegsh-sg/e8b0e7ca4ea44781bed9941194b058bd~tplv-g9dfdl17fc-origin-image.image,2026/2/26,,,793,86,In Affiliate,https://shop.tiktok.com/view/product/1732274234530828364?region=US&locale=en,25,"Khaki,Cream,Yellow,Black,Dark Blue,Brown","M,S,L,XL"
新老品,US,1732415814797136631,S260527035597,FlaireX,标码女装,女士套装及西服,4,https://p16-she-va.ibyteimg.com/tos-alisg-i-f7lenjegsh-sg/9336135b453c4e0480e04f58909a675e~tplv-g9dfdl17fc-origin-image.image,2026/5/31,,高GPM,311,87,In Affiliate,https://shop.tiktok.com/view/product/1732415814797136631?region=US&locale=en,24.2,"Pink,Black,Apricot,Brown","M,S,XL,L"
新老品,GB,1729754723835484236,S260120021508,KAYWIDE Resort,标码女装,女士套装及西服,4.6,https://p16-she-va.ibyteimg.com/tos-maliva-i-g9dfdl17fc-us/4987d4b447bd4faa96de309006c6c8b5~tplv-g9dfdl17fc-origin-image.image,2026/1/22,,高GPM,1106,32,In Affiliate,https://shop.tiktok.com/view/product/1729754723835484236?region=GB&locale=en,17.1,"Yellow,Pink,Burgundy,Navy blue,Apricot,Coffee brown,Black","XL,L,S,M"
新老品,US,1731956076613964535,S251020040859,FlaireX,标码女装,女士套装及西服,4,https://p16-she-va.ibyteimg.com/tos-maliva-i-g9dfdl17fc-us/81a96f61220a4004adb63d41bfce8346~tplv-g9dfdl17fc-origin-image.image,2025/10/23,,高GPM,1982,88,In Affiliate,https://shop.tiktok.com/view/product/1731956076613964535?region=US&locale=en,23.9,"Lavender,Pink,Olive green,Yellow,Fawn brown,Pastel blue,Apricot","M,S,XL,L,XXL"
新老品,US,1730916195740258364,S250311021136,Chic Chic Sweater,标码女装,女士针织衫,4.6,https://p16-she-va.ibyteimg.com/tos-alisg-i-f7lenjegsh-sg/1fb18c968e5c41ddbc2b879ef3afddac~tplv-g9dfdl17fc-origin-image.image,2025/3/23,,高GPM,1987,89,In Affiliate,https://shop.tiktok.com/view/product/1730916195740258364?region=US&locale=en,14,"Burgundy,Baby pink,Light Gray,Camel,Lavender,Red,Olive green,Navy blue,Rust orange,Black,Off white,Dark green,Pastel blue,Blue,Grey,Purple,Mint green,Emerald green,Lemon yellow,Yellow,Mauve purple,Brown","M,S,L,XL,XXL"
新老品,US,1732243965159772236,S260120021508,KAYWIDE Resort,标码女装,女士套装及西服,3.4,https://p16-she-va.ibyteimg.com/tos-maliva-i-g9dfdl17fc-us/4f046230bb9547bdbc77dca6a4984e60~tplv-g9dfdl17fc-origin-image.image,2026/1/22,,,1106,90,In Affiliate,https://shop.tiktok.com/view/product/1732243965159772236?region=US&locale=en,16.6,"Coffee brown,Pink,Navy blue,Yellow,Black,Apricot,Burgundy","M,S,XL,L"
新老品,DE,1729572315950324623,S250704007193,FianiVibe,标码女装,女士下装,Null,https://p16-she-va.ibyteimg.com/tos-alisg-i-f7lenjegsh-sg/3a917968a64c4282a2e4e990032debf0~tplv-g9dfdl17fc-origin-image.image,2025/7/12,,,1351,1,In Affiliate,https://shop.tiktok.com/view/product/1729572315950324623?region=DE&locale=en,22.1,"Blue,Navy blue,Cream,Brown,Dark gray,Black,Green","XXL,XS,XL,M,L,S"
新老品,MX,1735897428757021865,S260602035954,Sylure,标码女装,女士下装,3.8,https://p16-she-va.ibyteimg.com/tos-alisg-i-f7lenjegsh-sg/4e9401c2d2ea450aa57131c02e04feab~tplv-g9dfdl17fc-origin-image.image,2026/6/18,,,875,3,In Affiliate,https://shop.tiktok.com/view/product/1735897428757021865?region=MX&locale=en,9.8,"Stripe,Khaki,Black,Burgundy,Light wash,Iron gray,Reed green,Army green,Dark wash,Reddish brown","XL,XXL,L,M,S"
新老品,US,1732436176836792523,S260609020561,Sandovia,标码女装,女士下装,4.4,https://p16-she-va.ibyteimg.com/tos-alisg-i-f7lenjegsh-sg/f1581cba4bf74b97ba175e31592cc500~tplv-g9dfdl17fc-origin-image.image,2026/6/22,,,2089,91,In Affiliate,https://shop.tiktok.com/view/product/1732436176836792523?region=US&locale=en,19.2,"Green,Red,Yellow,Gray,Blue","M,S,L,XL"
新老品,US,1731641335651799476,S250812018173,Kaman Show,标码女装,女士套装及西服,3.6,https://p16-she-va.ibyteimg.com/tos-alisg-i-f7lenjegsh-sg/eafc3bd19fac4867bb01fcdba040f67b~tplv-g9dfdl17fc-origin-image.image,2025/8/19,,,484,92,In Affiliate,https://shop.tiktok.com/view/product/1731641335651799476?region=US&locale=en,29.1,"Coffee color,Gray,Black","M,S,XL,L"
新老品,GB,1729602019733051818,S250801010427,Perform Quirky,标码女装,女士下装,4.7,https://p16-she-va.ibyteimg.com/tos-alisg-i-f7lenjegsh-sg/3bcaf783df1f48e2a24c292fd209f137~tplv-g9dfdl17fc-origin-image.image,2025/8/9,,,2308,33,In Affiliate,https://shop.tiktok.com/view/product/1729602019733051818?region=GB&locale=en,10.3,"Yellow,Royal blue,Light wash,Army green,White,Fawn brown,Coral pink,Green,Jet black,Black","L,S,XL,M"
新老品,GB,1729428040262258251,S240905000268,StreetWeat Outfits,标码女装,女士下装,4.7,https://p16-she-va.ibyteimg.com/tos-alisg-i-f7lenjegsh-sg/d8da177626624efdaf1c8f22a78ef0d5~tplv-g9dfdl17fc-origin-image.image,2024/9/25,,高GPM,1554,34,In Affiliate,https://shop.tiktok.com/view/product/1729428040262258251?region=GB&locale=en,12.5,"Purple,Copper brown,Light brown,Green,Rust Red,Yellow,Coral pink,White,Champagne,Grey,Coffee brown,Flame red,Blue,Brown,Deep red","S,XL,XXL,L,M,XS"
新老品,US,1732364883782505272,S260424014454,CY Garment,大码女装,女士连衣裙,4,https://p16-she-va.ibyteimg.com/tos-alisg-i-f7lenjegsh-sg/f5c62c1d493149afbc3c4df93cfff22b~tplv-g9dfdl17fc-origin-image.image,2026/4/27,,高GPM,258,93,In Affiliate,https://shop.tiktok.com/view/product/1732364883782505272?region=US&locale=en,17.9,"Purple,Gray,White,Black,Chartreuse,Brown","5XL,4XL,6XL,1XL,3XL,2XL"
新老品,US,1730436496285667653,S241230003739,YouAnnn,标码女装,女士针织衫,4.1,https://p16-she-va.ibyteimg.com/tos-maliva-i-g9dfdl17fc-us/4910a252ee5241c6995945c560057f9f~tplv-g9dfdl17fc-origin-image.image,2025/1/6,,,558,94,In Affiliate,https://shop.tiktok.com/view/product/1730436496285667653?region=US&locale=en,24.4,"Red,Army green,Gray,brown red,Apricot,Brown","M,S,XL,L,XXL"
新老品,GB,1729400672215403868,S230627004373,Zhichn Clthing,标码女装,女士针织衫,4.6,https://p16-she-va.ibyteimg.com/tos-alisg-i-f7lenjegsh-sg/75aa0ee1db0d46489871c3113648f882~tplv-g9dfdl17fc-origin-image.image,2023/8/1,,,3746,35,In Affiliate,https://shop.tiktok.com/view/product/1729400672215403868?region=GB&locale=en,18.6,"Pink,Dusty Blue,Light Blue,Gray*1 pc+Black*1 pc,Coffee Brown*1 pc+Brown*1 pc+Apricot*1 pc,Cream*1 pc+Black*1 pc,Chartreuse,Brown,Gray*1 pc+White*1 pc, Gray*1 pc+Black*1 pc+ Blue*1 pc,Burgundy,Brown*1 pc+Coffee Brown*1 pc,Grey,Cream,Curry,Gray*1 pc+Black*1 pc+Cream*1 pc,Off white,Light Blue*1 pc+Light Gray*1 pc,Black,Ocean blue,pebble lime,Mauve purple,Pale green,Mauve Purple*1 pc+White*1 pc,White*1 pc+Light Gray*1 pc+Light Blue*1 pc,Curry*1 pc+Cream*1 pc,Cream*1 pc+Pale Green*1 pc+Gray*1 pc,Black*1 pc+White*1 pc+Ocean Blue*1 pc,Brown*1 pc+Apricot*1 pc,Apricot,Pale Green*1 pc+White*1 pc,Coffee brown,White*1 pc+Light Blue*1 pc","L,S,M"
新老品,US,1732263483683148640,S260207037124,HeartShine,标码女装,女士特殊服饰,3.4,https://p16-she-va.ibyteimg.com/tos-alisg-i-f7lenjegsh-sg/c0a0ebc8d34c46d18824756437109ad3~tplv-g9dfdl17fc-origin-image.image,2026/2/7,,高GPM,764,95,In Affiliate,https://shop.tiktok.com/view/product/1732263483683148640?region=US&locale=en,21.1,"Brown,Baby pink,B Burgundy,Turquoise,Cyan,Navy blue,Black,Turquoise blue,Mauve purple,Burgundy","M,S,L,XL,XXL"
新老品,MX,1735235915322853370,S260421023266,Lira Maison,标码女装,女士套装及西服,4.8,https://p16-she-va.ibyteimg.com/tos-alisg-i-f7lenjegsh-sg/4de8bf31a73e4e0783148d598386c14a~tplv-g9dfdl17fc-origin-image.image,2026/5/3,,,2616,4,In Affiliate,https://shop.tiktok.com/view/product/1735235915322853370?region=MX&locale=en,15.5,"Burgundy,Navy blue,Green,Brown,Dark gray,Black","XL,M,L,S,XS"
新老品,US,1731425592130637993,S250616014603,Sylure,标码女装,女士套装及西服,4.5,https://p16-she-va.ibyteimg.com/tos-alisg-i-f7lenjegsh-sg/de2a53258a9a45d2b40618a2a9f26f04~tplv-g9dfdl17fc-origin-image.image,2025/7/8,,,3951,96,In Affiliate,https://shop.tiktok.com/view/product/1731425592130637993?region=US&locale=en,20.3,"Brown,Baby pink,Turquoise,Light blue,Navy blue,Yellow,Black,Burgundy","M,S,L,XL,XXL"
新老品,GB,1729564522911537348,S250625021533,FACIO Direct,标码女装,女士针织衫,4.8,https://p16-she-va.ibyteimg.com/tos-alisg-i-f7lenjegsh-sg/e15125ecdf0046b2af5389f86c466887~tplv-g9dfdl17fc-origin-image.image,2025/7/5,,,1460,36,In Affiliate,https://shop.tiktok.com/view/product/1729564522911537348?region=GB&locale=en,25.4,"Coffee brown,Light blue,Mint green,Green,Navy blue,Pink,Black,Khaki,Blue,Pastel blue,Coral red,Red,Brown,Mauve purple,Olive green,Mocha brown,Lilac,Yellow,Dark gray","M,S,L,XL,XS"
新老品,GB,1729584530083191292,S250719019896,Hi anan,标码女装,女士针织衫,4.7,https://p16-she-va.ibyteimg.com/tos-alisg-i-f7lenjegsh-sg/3315ae6ab79b4f6fb40645b22603b170~tplv-g9dfdl17fc-origin-image.image,2025/7/24,,高GPM,1399,37,In Affiliate,https://shop.tiktok.com/view/product/1729584530083191292?region=GB&locale=en,21.4,"Royal blue,Khaki,Silver,Dark beige,Turquoise,Curry,Black","M,S,L,XL"
新老品,GB,1729862995649141343,S260629018452,Vanshee Show,标码女装,女士套装及西服,4,https://p16-she-va.ibyteimg.com/tos-alisg-i-f7lenjegsh-sg/ab787d96bae04b86816aeaa1352c0011~tplv-g9dfdl17fc-origin-image.image,2026/6/29,,,760,38,In Affiliate,https://shop.tiktok.com/view/product/1729862995649141343?region=GB&locale=en,15.4,"Coffee brown,Yellow,Light wash","M,S,XL,L"
新老品,GB,1729811106831112253,S260427018449,Modish Moo,大码女装,牛仔,4.3,https://p16-she-va.ibyteimg.com/tos-alisg-i-f7lenjegsh-sg/d2e1d31e144e47dab9420c5b575d2b6b~tplv-g9dfdl17fc-origin-image.image,2026/5/10,,,285,39,In Affiliate,https://shop.tiktok.com/view/product/1729811106831112253?region=GB&locale=en,23.4,Royal blue,"4XL,3XL,2XL,0XL,1XL"
新老品,US,1732299461191438526,S260320064554,Wake Seasons,标码女装,女士套装及西服,4.1,https://p16-she-va.ibyteimg.com/tos-alisg-i-f7lenjegsh-sg/4f17cb89646148d6b5d2416089f5841c~tplv-g9dfdl17fc-origin-image.image,2026/3/20,,,462288,97,In Affiliate,https://shop.tiktok.com/view/product/1732299461191438526?region=US&locale=en,21.3,"Multicolor7,Multicolor6,Multicolor9,Black,Multicolor,Multicolor8,Multicolor11,Multicolor5,Multicolor2,Multicolor3,White,Red and black,Multicolor10,Multicolor4","M,S,XL,L"
新老品,US,1732458324945244668,S260625005679,Hi anan,标码女装,女士针织衫,4.2,https://p16-she-va.ibyteimg.com/tos-alisg-i-f7lenjegsh-sg/6f7e621136114285881fb171c2b6528a~tplv-g9dfdl17fc-origin-image.image,2026/7/3,,高GPM,900,98,In Affiliate,https://shop.tiktok.com/view/product/1732458324945244668?region=US&locale=en,29.5,"Medium wash,Khaki,White,Black,Brown","M,S,L,XL"
新老品,US,1731761022658515452,S250906034461,Hi anan,标码女装,女士针织衫,4.2,https://p16-she-va.ibyteimg.com/tos-alisg-i-f7lenjegsh-sg/e53c33c2f6a74508866931ae7ef3768f~tplv-g9dfdl17fc-origin-image.image,2025/9/12,,,1306,99,In Affiliate,https://shop.tiktok.com/view/product/1731761022658515452?region=US&locale=en,16.7,"White,Black,Apricot,Copper brown,Burgundy","M,S,XL,L"
新老品,US,1732353974579007678,S260418021854,Wake Seasons,标码女装,女士套装及西服,4.1,https://p16-she-va.ibyteimg.com/tos-alisg-i-f7lenjegsh-sg/4925b46c4e21409d916ccf0864978b3f~tplv-g9dfdl17fc-origin-image.image,2026/4/18,内容场占比低,高GPM,284376,100,In Affiliate,https://shop.tiktok.com/view/product/1732353974579007678?region=US&locale=en,17.9,"Multicolor7,Multicolor6,Multicolor9,Multicolor12,Black,Multicolor,Multicolor8,Multicolor5,Multicolor11,Multicolor2,Multicolor3,White,Multicolor10,Multicolor4","M,S,XL,L"
新老品,US,1732136063067787849,S251211138907,Posh Couture,标码女装,女士下装,4.6,https://p16-she-va.ibyteimg.com/tos-alisg-i-f7lenjegsh-sg/60b188c443e54256bebddc5906688590~tplv-g9dfdl17fc-origin-image.image,2025/12/21,,,411,101,In Affiliate,https://shop.tiktok.com/view/product/1732136063067787849?region=US&locale=en,23.9,"Pink Butterfly,Blue Butterfly,Purple Butterfly,Black,Apricot butterfly,Green","M,S,XS,XL,L"
新老品,US,1731562565773857014,S250723007450,ASTYR,标码女装,女士套装及西服,4.6,https://p16-she-va.ibyteimg.com/tos-maliva-i-g9dfdl17fc-us/450d8d2f3a3b44e28b8f8ab4d7be2e97~tplv-g9dfdl17fc-origin-image.image,2025/8/3,,,1021,102,In Affiliate,https://shop.tiktok.com/view/product/1731562565773857014?region=US&locale=en,21.3,"Silver,Khaki,Army green,Khaki gray,Gray,Black","M,S,L,XL,XXL"
新老品,US,1731155986737435430,S250416006056,Lysee Ti,标码女装,女士套装及西服,4.4,https://p16-she-va.ibyteimg.com/tos-maliva-i-g9dfdl17fc-us/f57a445739094563b69617a02e11df52~tplv-g9dfdl17fc-origin-image.image,2025/5/5,,,813,103,In Affiliate,https://shop.tiktok.com/view/product/1731155986737435430?region=US&locale=en,17.3,"Navy blue,Pale green,Lime red","M,S,XS,XL,L"
新老品,GB,1729800750573984606,S260416035491,Mayins,标码女装,女士套装及西服,4.6,https://p16-she-va.ibyteimg.com/tos-alisg-i-f7lenjegsh-sg/0e87ae9dce1c43799e07e61e22f7a1ff~tplv-g9dfdl17fc-origin-image.image,2026/4/27,,高GPM,1731,40,In Affiliate,https://shop.tiktok.com/view/product/1729800750573984606?region=GB&locale=en,20.9,"Burgundy,Red,White,Black,Blue","M,L,S,XXL,XL"
新老品,US,1729413744750662234,S231108004319,Orgnvin,标码女装,女士针织衫,4.4,https://p16-she-va.ibyteimg.com/tos-alisg-i-f7lenjegsh-sg/3ef4c2141f4c4ad7968520fa3f688d03~tplv-g9dfdl17fc-origin-image.image,2023/11/17,,,4079,104,In Affiliate,https://shop.tiktok.com/view/product/1729413744750662234?region=US&locale=en,17.1,"Khaki,Dark Gray,Orange,Army green,Black,Off white,Turquoise blue,Royal Blue,Hot Pink*1 pc+White*1 pc,Light wash,Green,Coffee brown,Purple,Pink,Hot pink,Black*1 pc+White*1 pc,Coffee Brown*1 pc+Black*1 pc,Deep red,Lemon yellow,Burgundy","M,S,L,XL"
新老品,GB,1729852544905550446,S260612031079,LINGliang Fashion,标码女装,女士针织衫,4.2,https://p16-she-va.ibyteimg.com/tos-alisg-i-f7lenjegsh-sg/19b9dd00fc8348928732bdfd8c943ba3~tplv-g9dfdl17fc-origin-image.image,2026/6/12,,,36023,41,In Affiliate,https://shop.tiktok.com/view/product/1729852544905550446?region=GB&locale=en,19,"Heather violet,Pink,Apricot,Light wash,White,Maroon,Reddish orange,Khaki,Black,Golden,Burgundy,Army green,Coffee brown","XS,L,S,M"
新老品,US,1732291744136270315,S260316000895,Finjani Plus,大码女装,女士上装,4.3,https://p16-she-va.ibyteimg.com/tos-alisg-i-f7lenjegsh-sg/3210ba96c2e345dbbd6a2b17f79f0864~tplv-g9dfdl17fc-origin-image.image,2026/3/16,,高GPM,2659,105,In Affiliate,https://shop.tiktok.com/view/product/1732291744136270315?region=US&locale=en,22.5,"Multicolor5,Multicolor2,Multicolor6,Multicolor,Multicolor1,Multicolor4","4XL,1XL,0XL,3XL,2XL"
新老品,US,1732355917756731982,S260420029260,ChicVibe Fashion,标码女装,女士套装及西服,4.5,https://p16-she-va.ibyteimg.com/tos-alisg-i-f7lenjegsh-sg/98d53f4ed972498eb00b67e91bad8474~tplv-g9dfdl17fc-origin-image.image,2026/4/22,,,492,106,In Affiliate,https://shop.tiktok.com/view/product/1732355917756731982?region=US&locale=en,9.8,"Black,Blue","M,S,XL,L,XS"
新老品,GB,1729769508441266252,S260224009621,KAYWIDE Resort,标码女装,女士套装及西服,4.6,https://p16-she-va.ibyteimg.com/tos-alisg-i-f7lenjegsh-sg/e8b0e7ca4ea44781bed9941194b058bd~tplv-g9dfdl17fc-origin-image.image,2026/2/26,,,793,42,In Affiliate,https://shop.tiktok.com/view/product/1729769508441266252?region=GB&locale=en,23.9,"Yellow,Cream,Black,Brown,Khaki,Dark Blue","M,XL,S,L"
新老品,US,1731517813128663564,S250723023192,NiceForWhat,标码女装,女士套装及西服,4.5,https://p16-she-va.ibyteimg.com/tos-alisg-i-f7lenjegsh-sg/50733f0b16bd4e9a85d23a4b922e5730~tplv-g9dfdl17fc-origin-image.image,2025/7/25,,,901,107,In Affiliate,https://shop.tiktok.com/view/product/1731517813128663564?region=US&locale=en,19.2,Multicolor,"M,S,L"
新老品,GB,1729470581915946458,S250223007010,Heather & Thistle,标码女装,女士套装及西服,4.5,https://p16-she-va.ibyteimg.com/tos-alisg-i-f7lenjegsh-sg/cf8691dd194b4d1586ef3c3aaba3b799~tplv-g9dfdl17fc-origin-image.image,2025/3/17,,,966,43,In Affiliate,https://shop.tiktok.com/view/product/1729470581915946458?region=GB&locale=en,20.7,"Chartreuse,Beige,Mint green","L,XS,XL,S,M"
新老品,US,1730214378157674807,S241124003538,EVANDAL,标码女装,女士套装及西服,4.7,https://p16-she-va.ibyteimg.com/tos-alisg-i-f7lenjegsh-sg/9e0fd7db38814e0b9cd7d3a8c96eae51~tplv-g9dfdl17fc-origin-image.image,2024/12/10,,高GPM,666,108,In Affiliate,https://shop.tiktok.com/view/product/1730214378157674807?region=US&locale=en,25.7,"Blue,Brown,Grey,Rust orange,Yellow,Black,Off white,Green","M,S,XL,L,XXL"
新老品,US,1731061893945200720,S250316007676,chic angel,标码女装,女士下装,4,https://p16-she-va.ibyteimg.com/tos-alisg-i-f7lenjegsh-sg/02b017aa43d64dc1b47cdfff4270bd7e~tplv-g9dfdl17fc-origin-image.image,2025/4/20,,,1680,109,In Affiliate,https://shop.tiktok.com/view/product/1731061893945200720?region=US&locale=en,13.8,"Pink,Khaki,Olive green,Light blue,Black,Off white,Dark brown,Beige,Salmon pink,Apricot,Dark wash,Burgundy","M,S,XL,L"
新老品,GB,1729755319114308446,S260121016403,Mayins,标码女装,女士套装及西服,4.6,https://p16-she-va.ibyteimg.com/tos-alisg-i-f7lenjegsh-sg/bd6a3b8e060b4eb5987062917c40fd41~tplv-g9dfdl17fc-origin-image.image,2026/1/27,,,3148,44,In Affiliate,https://shop.tiktok.com/view/product/1729755319114308446?region=GB&locale=en,17.1,"Brown,Fawn brown,Pale green,Black,Gray,Pink","M,L,XS,S,XL"
新老品,US,1732416695313207406,S260528008769,Soft Frame,标码女装,女士下装,4,https://p16-she-va.ibyteimg.com/tos-alisg-i-f7lenjegsh-sg/cdb1173169da4719805265e568ebf178~tplv-g9dfdl17fc-origin-image.image,2026/5/31,,高GPM,1980,110,In Affiliate,https://shop.tiktok.com/view/product/1732416695313207406?region=US&locale=en,16.2,"Coffee brown,Blue-brown,Khaki,Reed green,Black,Pastel blue,Off-white polka dots,Copper brown","M,S,L,XL"
新老品,US,1732419769969054271,S260530011726,GGB Wear,标码女装,女士套装及西服,3,https://p16-she-va.ibyteimg.com/tos-alisg-i-f7lenjegsh-sg/3aa9100fb9ea47d891e429e22695a1fd~tplv-g9dfdl17fc-origin-image.image,2026/6/15,,,312,111,Not in Affiliate,https://shop.tiktok.com/view/product/1732419769969054271?region=US&locale=en,28.9,"Pink,Black,Chestnut color","M,S,XL,XS,L"
新老品,GB,1729855360498571479,S260617018955,YUNJINJ,大码女装,女士连衣裙,4.3,https://p16-she-va.ibyteimg.com/tos-alisg-i-f7lenjegsh-sg/e828511c783648a2a8f220c255f04992~tplv-g9dfdl17fc-origin-image.image,2026/6/17,,,1097,45,In Affiliate,https://shop.tiktok.com/view/product/1729855360498571479?region=GB&locale=en,15.9,"Salmon orange,Black,Light blue,Deep pink,Leopard print,Baby pink,Lime Green","1XL,5XL,3XL,0XL,4XL,2XL"
新老品,MX,1732298886825542721,S250731010557,Zen Wear,标码女装,女士下装,3.6,https://p16-she-va.ibyteimg.com/tos-alisg-i-f7lenjegsh-sg/1c6ed503124148d5824714137ac18b05~tplv-g9dfdl17fc-origin-image.image,2025/8/13,,,1152,5,In Affiliate,https://shop.tiktok.com/view/product/1732298886825542721?region=MX&locale=en,11.2,"Black,Light wash,Brown,Leaf green,Burgundy,Apricot,Yellow,Flame red","L,XL,M,XS,S"
新老品,US,1732174576458895403,S251225067766,Yinos Fashion,标码女装,女士套装及西服,4.5,https://p16-she-va.ibyteimg.com/tos-alisg-i-f7lenjegsh-sg/d2b70a15bb904a1089edbe1fc6e3a4ba~tplv-g9dfdl17fc-origin-image.image,2026/1/8,,,2428,112,In Affiliate,https://shop.tiktok.com/view/product/1732174576458895403?region=US&locale=en,21.6,"Burgundy,Royal blue,Khaki,Dark purple,Black,Dark gray,Light wash,Military Green,Pink,Hot pink,Emerald green,Light pink,Dark brown,Bright orange,Golden","M,XXS,S,XS,L,XL"
新老品,US,1732486957655035923,S260712007420,ZC-fashion,大码女装,女士连衣裙,4.3,https://p16-she-va.ibyteimg.com/tos-alisg-i-f7lenjegsh-sg/c1d4ae5ab0f045feab3d1706707113b0~tplv-g9dfdl17fc-origin-image.image,2026/7/24,,,259,113,In Affiliate,https://shop.tiktok.com/view/product/1732486957655035923?region=US&locale=en,14.6,"Pink,Red,Black and white,Green","4XL,1XL,0XL,3XL,2XL"
新老品,US,1732489024165941517,S260713032020,Rosaily,标码女装,女士套装及西服,Null,https://p16-she-va.ibyteimg.com/tos-alisg-i-f7lenjegsh-sg/e47d457a4d874ea7bd6d65e9aa38bfe4~tplv-g9dfdl17fc-origin-image.image,2026/7/16,,,495,114,In Affiliate,https://shop.tiktok.com/view/product/1732489024165941517?region=US&locale=en,23.6,"Coral red,Khaki Brown,Yellow,Black","M,S,XL,L"
新老品,US,1732439705635033778,S260612018671,Budhaul,标码女装,女士套装及西服,4.3,https://p16-she-va.ibyteimg.com/tos-alisg-i-f7lenjegsh-sg/545bc91fa25e42edb11781565937eafc~tplv-g9dfdl17fc-origin-image.image,2026/6/16,,,954,115,In Affiliate,https://shop.tiktok.com/view/product/1732439705635033778?region=US&locale=en,10.7,"Pink,Light green,Black,Brown","M,S,XL,XS,L"
新老品,US,1730743606099546437,S250218002732,YouAnnn,标码女装,女士针织衫,4.1,https://p16-she-va.ibyteimg.com/tos-maliva-i-g9dfdl17fc-us/a9660cc0f5af4d26b3e5bda1bd0edeeb~tplv-g9dfdl17fc-origin-image.image,2025/2/24,,高GPM,1448,116,In Affiliate,https://shop.tiktok.com/view/product/1730743606099546437?region=US&locale=en,14,"Light Gray,Royal blue,Black and white,Black,Off white,Royal Blue,Green,Brown and white,Blue,Grey,Lime Green,Pink,Hot pink,Yellow,Bright orange,pebble lime,Mauve purple,Burgundy","M,S,L,XL,XXL"
新老品,US,1729953227160064170,S241101006147,UOOZEE,标码女装,女士下装,4,https://p16-she-va.ibyteimg.com/tos-alisg-i-f7lenjegsh-sg/8278c2fa38dc4686b960ecf8e208e2a0~tplv-g9dfdl17fc-origin-image.image,2024/11/14,,,1908,117,In Affiliate,https://shop.tiktok.com/view/product/1729953227160064170?region=US&locale=en,26.6,"Khaki,Navy blue,Army green,Black,Burgundy","M,XXXL,S,XL,L,XXL"
新老品,US,1732131339822272837,S251206184055,YouAnnn,标码女装,女士针织衫,4.1,https://p16-she-va.ibyteimg.com/tos-alisg-i-f7lenjegsh-sg/7b6c3e332cfd48e7bd9589b1335809cf~tplv-g9dfdl17fc-origin-image.image,2025/12/11,,,375,118,In Affiliate,https://shop.tiktok.com/view/product/1732131339822272837?region=US&locale=en,22.8,"Multicolor2,Fawn brown,Mulberry","M,S,XL,L,XXL"
新老品,GB,1729831049625901452,S260518008263,Jane Mano,标码女装,女士下装,3.8,https://p16-she-va.ibyteimg.com/tos-alisg-i-f7lenjegsh-sg/f821eb30741b43e9a3f885d950ee8c09~tplv-g9dfdl17fc-origin-image.image,2026/5/23,,,2426,46,In Affiliate,https://shop.tiktok.com/view/product/1729831049625901452?region=GB&locale=en,18.5,"Apricot,Deep blue,Black,Fawn brown,Pink,Army green,Burgundy","XS,L,M,S,XL"
新老品,US,1732453804955177191,S260622022740,NovaMode.,标码女装,女士下装,4.5,https://p16-she-va.ibyteimg.com/tos-alisg-i-f7lenjegsh-sg/13f0b5dc9baf45a98d9bb8018a98c646~tplv-g9dfdl17fc-origin-image.image,2026/6/24,,高GPM,212,119,In Affiliate,https://shop.tiktok.com/view/product/1732453804955177191?region=US&locale=en,23.3,"Army green,White,Black","M,S,XS,L,XL"
新老品,US,1732238692493267269,S260119043503,YouAnnn,标码女装,女士针织衫,4.1,https://p16-she-va.ibyteimg.com/tos-alisg-i-f7lenjegsh-sg/d9c96f4b7afd4ebe8a6d983bc652aef4~tplv-g9dfdl17fc-origin-image.image,2026/1/25,,,461,120,In Affiliate,https://shop.tiktok.com/view/product/1732238692493267269?region=US&locale=en,20,"Lime Green,Pink,Red,White,Black,Lime yellow","M,S,L,XL,XXL"
新老品,GB,1729636341935544811,S250904011575,DolceAmara,标码女装,女士套装及西服,4.8,https://p16-she-va.ibyteimg.com/tos-maliva-i-g9dfdl17fc-us/059b8d8585e7485a8b8044142c55223f~tplv-g9dfdl17fc-origin-image.image,2025/9/16,,,1185,47,In Affiliate,https://shop.tiktok.com/view/product/1729636341935544811?region=GB&locale=en,18.4,"Brown,Black,Blue and black,Red,Multicolor","XL,L,M,XXL,XS,S"
新老品,MX,1735976100757145139,S260607015127,The Beautiful Closet,标码女装,女士下装,4.5,https://p16-she-va.ibyteimg.com/tos-alisg-i-f7lenjegsh-sg/e9374e6c58724134b15ca70904b34503~tplv-g9dfdl17fc-origin-image.image,2026/6/16,,,4989,6,In Affiliate,https://shop.tiktok.com/view/product/1735976100757145139?region=MX&locale=en,16.5,"Light green,Apricot,Black,Deep Blue,Plum Red,Sky blue,Brown,Khaki,White,Polka dots,Army green","S,M,L,XL"
新老品,US,1732453718747025687,S260622007200,OFFBLACK,标码女装,女士套装及西服,3.6,https://p16-she-va.ibyteimg.com/tos-alisg-i-f7lenjegsh-sg/1323b893cf5746d797641507c3b20682~tplv-g9dfdl17fc-origin-image.image,2026/7/10,内容场占比低,,192,121,In Affiliate,https://shop.tiktok.com/view/product/1732453718747025687?region=US&locale=en,15.8,"Medium wash,Vermilion,Gray","M,S,L"
新老品,GB,1729804261054257346,S260420021543,KediChic,标码女装,女士套装及西服,4.5,https://p16-she-va.ibyteimg.com/tos-alisg-i-f7lenjegsh-sg/d0e1cbf018e54c4abaa75d97367e4219~tplv-g9dfdl17fc-origin-image.image,2026/5/8,,,580,48,In Affiliate,https://shop.tiktok.com/view/product/1729804261054257346?region=GB&locale=en,23.2,"Brown,Blue,Yellow,Pink","M,S,L,XL"
新老品,GB,1729821136465402041,S260506027967,Qianyun Clothing,标码女装,女士套装及西服,3,https://p16-she-va.ibyteimg.com/tos-alisg-i-f7lenjegsh-sg/7929936db61648e594a4e9c4321e7b93~tplv-g9dfdl17fc-origin-image.image,2026/5/6,,高GPM,1792,49,In Affiliate,https://shop.tiktok.com/view/product/1729821136465402041?region=GB&locale=en,19.5,"Coffee brown,Burgundy,Black,White,Hot pink,Light blue,Dark green,Turquoise,Army green,Light camel color,Light green,Navy blue,Dark gray,Apricot","XL,S,M,L,XXL"
新老品,GB,1729430888265452826,S241022004269,LILYTREE,标码女装,女士针织衫,4.6,https://p16-she-va.ibyteimg.com/tos-maliva-i-g9dfdl17fc-us/7e85825afaa947619feb6cc47bd41d29~tplv-g9dfdl17fc-origin-image.image,2024/10/25,,高GPM,1149,50,In Affiliate,https://shop.tiktok.com/view/product/1729430888265452826?region=GB&locale=en,19.4,"Salmon pink,Rust orange,Green,Deep red,Off white,Chartreuse,Lime red,Black,Cream,Grey","L,M,XL,S"
新老品,GB,1729454844760919596,S241207006420,Lefter Shorts,标码女装,女士下装,4.9,https://p16-she-va.ibyteimg.com/tos-alisg-i-f7lenjegsh-sg/d5f65aecea5b4214a96e757fdb4fa71a~tplv-g9dfdl17fc-origin-image.image,2025/1/19,,,2916,51,In Affiliate,https://shop.tiktok.com/view/product/1729454844760919596?region=GB&locale=en,10.2,"Blue,Baby pink,Dark Blue,Lime Green,Dark Gray,Red,Black,Mauve purple,pebble lime,Off white","XXL,S,XS,M,XL,L"
新老品,US,1732296156486537412,S260318058158,FACIO Direct,标码女装,女士针织衫,4.2,https://p16-she-va.ibyteimg.com/tos-alisg-i-f7lenjegsh-sg/a77d979863324096b0bb0e4fcca3bc92~tplv-g9dfdl17fc-origin-image.image,2026/3/20,,,589,122,In Affiliate,https://shop.tiktok.com/view/product/1732296156486537412?region=US&locale=en,18.3,"Mint green,Pink,Hot pink,Orange,Lilac,Yellow,Deep pink,Mauve purple,Green","M,S,XXS,L,XS,XL"
新老品,GB,1729778496887822423,S260312021243,Novelife,标码女装,女士套装及西服,4.6,https://p16-she-va.ibyteimg.com/tos-alisg-i-f7lenjegsh-sg/f749d3fff55747e9abcae0c8b7bfe08a~tplv-g9dfdl17fc-origin-image.image,2026/3/24,,,2377,52,In Affiliate,https://shop.tiktok.com/view/product/1729778496887822423?region=GB&locale=en,23.3,"Pink-brown mix,Brown and blue,Brown,White and Red,Yellow,Black,White and Green","M,XL,L,S,XXL"
新老品,US,1732214857720828768,S260111074861,HeartShine,标码女装,女士特殊服饰,3.4,https://p16-she-va.ibyteimg.com/tos-alisg-i-f7lenjegsh-sg/2f37df09f3ce4c74b8073533e2078bfb~tplv-g9dfdl17fc-origin-image.image,2026/1/11,,高GPM,1390,123,In Affiliate,https://shop.tiktok.com/view/product/1732214857720828768?region=US&locale=en,20.7,"Pink,Cyan,Navy blue,Black,Mauve purple,Pale green,Burgundy","M,S,L,XL,XXL"
新老品,GB,1729860120392538620,S260625005679,Hi anan,标码女装,女士针织衫,4.7,https://p16-she-va.ibyteimg.com/tos-alisg-i-f7lenjegsh-sg/6f7e621136114285881fb171c2b6528a~tplv-g9dfdl17fc-origin-image.image,2026/7/3,,高GPM,900,53,In Affiliate,https://shop.tiktok.com/view/product/1729860120392538620?region=GB&locale=en,23.9,"Medium wash,White,Khaki,Brown,Black","S,L,M,XL"
新老品,US,1732148382938075565,S251216044063,ZZSC jeans,大码女装,牛仔,4.6,https://p16-she-va.ibyteimg.com/tos-alisg-i-f7lenjegsh-sg/81293b9d7fd0439292cd4d9309129da1~tplv-g9dfdl17fc-origin-image.image,2025/12/16,,高GPM,379,124,In Affiliate,https://shop.tiktok.com/view/product/1732148382938075565?region=US&locale=en,36.4,"Royal blue,Light blue,Gray,Sky blue,Pastel blue,Light wash,Blue","4XL,1XL,0XL,3XL,2XL"
新老品,MX,1735492223212487790,S260508026117,Soft Frame,标码女装,女士套装及西服,4.1,https://p16-she-va.ibyteimg.com/tos-alisg-i-f7lenjegsh-sg/f3bbeaedbd944769bda9f9944897e1c3~tplv-g9dfdl17fc-origin-image.image,2026/5/13,,,2581,7,In Affiliate,https://shop.tiktok.com/view/product/1735492223212487790?region=MX&locale=en,16.4,"Apricot,Pink 2,Yellow,Brown,Blue and white stripes,Baby pink,Mulberry,Burgundy,Blue and brown stripes,Light yellow,Royal blue","S,XL,M,XS,L"
新老品,MX,1731697781461452404,S250402011967,Edge Grace,标码女装,女士套装及西服,4.7,https://p16-she-va.ibyteimg.com/tos-alisg-i-f7lenjegsh-sg/b63a05920a6f4bc4bc8a3c5afe1983f5~tplv-g9dfdl17fc-origin-image.image,2025/4/17,,,701,8,In Affiliate,https://shop.tiktok.com/view/product/1731697781461452404?region=MX&locale=en,18.2,"Khaki,Maroon,Coffee brown,Navy blue,Burgundy","S,M,L,XL,XS"
新老品,US,1731452863751819508,S250709001129,GleamStyle,标码女装,女士下装,3.4,https://p16-she-va.ibyteimg.com/tos-alisg-i-f7lenjegsh-sg/fc9135e904ce40fab1acc2f866336616~tplv-g9dfdl17fc-origin-image.image,2025/7/14,,,1435,125,In Affiliate,https://shop.tiktok.com/view/product/1731452863751819508?region=US&locale=en,19.8,"Blue,Silver,Black and gray,Rust brown,Navy blue,Gray,White,Black,Apricot,Brown","M,S,L,XL,XS"
新老品,US,1730927580443415054,S250312012262,YunShine,标码女装,女士针织衫,4.3,https://p16-she-va.ibyteimg.com/tos-alisg-i-f7lenjegsh-sg/79e5ae7f3ae844dc8bddaf608f94643a~tplv-g9dfdl17fc-origin-image.image,2025/3/25,,高GPM,1057,126,In Affiliate,https://shop.tiktok.com/view/product/1730927580443415054?region=US&locale=en,14.4,"Multicolor5,Khaki,Multicolor2,Army green,Multicolor3,Black,Fawn brown,Beige,Light wash,Multicolor1,Dark wash,Multicolor4","M,S,L,XL"
新老品,GB,1729759616128358487,S260128034607,Novelife,标码女装,女士套装及西服,4.6,https://p16-she-va.ibyteimg.com/tos-alisg-i-f7lenjegsh-sg/96a76acab6914efc880a2feaf4e6bc18~tplv-g9dfdl17fc-origin-image.image,2026/3/5,,高GPM,716,54,In Affiliate,https://shop.tiktok.com/view/product/1729759616128358487?region=GB&locale=en,19.6,"Blue,Clay brown,Brown and white,Burgundy,Black,Light wash","XL,XS,M,S,L"
新老品,GB,1729592890778753626,S250726019376,Orgnvin,标码女装,女士针织衫,4.5,https://p16-she-va.ibyteimg.com/tos-maliva-i-g9dfdl17fc-us/d4d104d6ac91479f8a22da271294c055~tplv-g9dfdl17fc-origin-image.image,2025/7/31,,高GPM,1024,55,In Affiliate,https://shop.tiktok.com/view/product/1729592890778753626?region=GB&locale=en,29.4,"Gray,Royal blue,Burgundy,Pale green,Army green,Khaki,Purple,Black,Hot pink,Pink,White,Coffee brown,Orange,Light blue,Apricot","XS,M,L,XL,S"
新老品,US,1732380480003412158,S260429031885,Wake Seasons,标码女装,女士下装,4.1,https://p16-she-va.ibyteimg.com/tos-alisg-i-f7lenjegsh-sg/90716ac06e8c446dbae6e267d78d3f36~tplv-g9dfdl17fc-origin-image.image,2026/4/29,,,426195,127,In Affiliate,https://shop.tiktok.com/view/product/1732380480003412158?region=US&locale=en,33.1,"Colorful 18,Multicolor7,Colorful 14,Multicolor6,Multicolor9,Multicolor12,Multicolor,Colorful 17,Multicolor1,Multicolor8,Colorful 19,Multicolor5,Multicolor11,Multicolor2,Colorful 16,Multicolor3,Colorful 15,Colorful 20,Multicolor10,Multicolor4","M,S,XL,L"
新老品,US,1732468535693840692,S260701029862,EIPC SHINE WOMEN'S JEANS,标码女装,女士下装,4.5,https://p16-she-va.ibyteimg.com/tos-alisg-i-f7lenjegsh-sg/9ca5f15539a94414bcbf41d1ef33388b~tplv-g9dfdl17fc-origin-image.image,2026/7/3,,,497,128,In Affiliate,https://shop.tiktok.com/view/product/1732468535693840692?region=US&locale=en,31,Light blue,"M,S,XL,L,XXL"
新老品,GB,1729703844250753614,S251128046077,ChicVibe Fashion,标码女装,女士套装及西服,4.9,https://p16-she-va.ibyteimg.com/tos-alisg-i-f7lenjegsh-sg/80da0aa4a0234d928b24b9bbd46b73d9~tplv-g9dfdl17fc-origin-image.image,2025/12/1,,,2912,56,In Affiliate,https://shop.tiktok.com/view/product/1729703844250753614?region=GB&locale=en,15.3,"Black,Green,Mulberry,Gray,Khaki","L,XXL,XL,M,XS,S"
新老品,US,1731561891582219008,S250701013286,FashionNove,标码女装,女士下装,4.3,https://p16-she-va.ibyteimg.com/tos-alisg-i-f7lenjegsh-sg/a961ec77bf05484e9c6fe113cd3c9756~tplv-g9dfdl17fc-origin-image.image,2025/7/7,,,380,129,In Affiliate,https://shop.tiktok.com/view/product/1731561891582219008?region=US&locale=en,42.5,"Orange,Army green,Black Panther,Yellow Leopard,Dark gray,Gray-white","M,S,XL,L,XXL"
新老品,US,1731147209176682735,S250504006152,GILIPUR,标码女装,女士下装,4.7,https://p16-she-va.ibyteimg.com/tos-alisg-i-f7lenjegsh-sg/be08d1b3147d4a9fa271adaf66eec484~tplv-g9dfdl17fc-origin-image.image,2025/5/10,,高GPM,917,130,In Affiliate,https://shop.tiktok.com/view/product/1731147209176682735?region=US&locale=en,22.9,"Light Blue,Khaki,Dark Gray,Deep red,Black,Dark brown,Beige,Dark Blue,Burgundy","M,S,L,XL,XXL"
新老品,GB,1729490128414677841,S250412010028,Shiny Girl VIP,标码女装,女士下装,4.7,https://p16-she-va.ibyteimg.com/tos-maliva-i-g9dfdl17fc-us/c43f1f18d5674bcf8e0ee995a25b790c~tplv-g9dfdl17fc-origin-image.image,2025/4/20,,高GPM,334,57,In Affiliate,https://shop.tiktok.com/view/product/1729490128414677841?region=GB&locale=en,19.3,"Pink,Apricot,Black,Off white,Khaki,Red,Light blue","XL,S,XS,L,M"
新老品,GB,1729498610543925609,S250403018923,Umi girl,标码女装,女士套装及西服,3.8,https://p16-she-va.ibyteimg.com/tos-alisg-i-f7lenjegsh-sg/a1b32e89b4714964b9be338761c43dc0~tplv-g9dfdl17fc-origin-image.image,2025/5/1,,高GPM,1758,58,In Affiliate,https://shop.tiktok.com/view/product/1729498610543925609?region=GB&locale=en,18.7,"Emerald green,Royal blue,Mulberry,Black,Khaki,Blue,Mint green","XXL,M,L,XL,S"
新老品,US,1732354445869224279,S260419009221,FOXCLAW Curve,大码女装,牛仔,4,https://p16-she-va.ibyteimg.com/tos-alisg-i-f7lenjegsh-sg/c5d46b83440b4729b62c296ad4263701~tplv-g9dfdl17fc-origin-image.image,2026/5/5,,高GPM,787,131,In Affiliate,https://shop.tiktok.com/view/product/1732354445869224279?region=US&locale=en,23.3,"Black,Blue","5XL,4XL,1XL,3XL,2XL"
新老品,US,1732352259478688184,S260417007486,ZY PLUS JEANS,大码女装,牛仔,3.9,https://p16-she-va.ibyteimg.com/tos-alisg-i-f7lenjegsh-sg/03443089c6d7462eb14d0a6e766df5e8~tplv-g9dfdl17fc-origin-image.image,2026/4/24,,高GPM,368,132,In Affiliate,https://shop.tiktok.com/view/product/1732352259478688184?region=US&locale=en,28.2,"Royal blue,Dark Gray,Ocean blue,Dark wash","4XL,1XL,0XL,3XL,2XL"
新老品,US,1729404028695646285,S230918007197,YarnPop,标码女装,女士针织衫,4.8,https://p16-she-va.ibyteimg.com/tos-maliva-i-g9dfdl17fc-us/284499d745734cbab98a2f5ba873482e~tplv-g9dfdl17fc-origin-image.image,2023/9/30,,,364,133,In Affiliate,https://shop.tiktok.com/view/product/1729404028695646285?region=US&locale=en,21.8,"Dusty Blue,Brown,Brown*1 pc+Yellow*1 pc,Navy blue,Navy Blue*1 pc+Brown*1 pc,Black,Off white,Champagne,Gray*1 pc+White*1 pc,Apricot*1 pc+Emerald Green*1 pc,Turquoise green,Grey,Purple,Black*1 pc+Red*1 pc,Deep red,Yellow,Dark Brown*1 pc+Navy Blue*1 pc,Brown*1 pc+Red*1 pc,Dark brown,Beige,Burgundy","M,S,XL,L"
新老品,US,1732410176749277675,S260523014857,Finjani Plus,大码女装,女士套装及西服,4.3,https://p16-she-va.ibyteimg.com/tos-alisg-i-f7lenjegsh-sg/e8822ca367b844bb9a2777711b21e1f3~tplv-g9dfdl17fc-origin-image.image,2026/5/23,,高GPM,236,134,In Affiliate,https://shop.tiktok.com/view/product/1732410176749277675?region=US&locale=en,29.8,"Gray,Black,Dark gray","4XL,1XL,0XL,3XL,2XL"
新老品,GB,1729793508629125311,S260407049171,Evilyn chic,标码女装,女士套装及西服,4.7,https://p16-she-va.ibyteimg.com/tos-alisg-i-f7lenjegsh-sg/2e8c85dcf0de48d4b94709f8e207e704~tplv-g9dfdl17fc-origin-image.image,2026/4/15,,,2652,59,In Affiliate,https://shop.tiktok.com/view/product/1729793508629125311?region=GB&locale=en,15.4,"Green,Black and white,Blue,Khaki,Red","XL,M,S,L,XXL"
新老品,MX,1733874905916605671,S260105096548,NovaMode.,标码女装,女士下装,4.9,https://p16-she-va.ibyteimg.com/tos-alisg-i-f7lenjegsh-sg/3ad7b2b39b2a41c6a96308a9f42c1e64~tplv-g9dfdl17fc-origin-image.image,2026/1/12,,,1490,9,In Affiliate,https://shop.tiktok.com/view/product/1733874905916605671?region=MX&locale=en,12.8,"Brown,Apricot,Black,Dark gray","XL,L,S,M,XS"
新老品,GB,1729616704727783645,S250815017748,Cyan grass seedling,标码女装,女士下装,4.8,https://p16-she-va.ibyteimg.com/tos-alisg-i-f7lenjegsh-sg/3ea1c607f4864ad7af626ed233870c54~tplv-g9dfdl17fc-origin-image.image,2025/8/23,,,963,60,In Affiliate,https://shop.tiktok.com/view/product/1729616704727783645?region=GB&locale=en,15,"Black,White,Turquoise,Mulberry,Fawn brown","L,M,XL,S"
新老品,GB,1729845713398765720,S260608008147,Oohneed,标码女装,女士套装及西服,4.5,https://p16-she-va.ibyteimg.com/tos-alisg-i-f7lenjegsh-sg/b9ba37dbd6614b93bd67ea873dcd600e~tplv-g9dfdl17fc-origin-image.image,2026/6/17,,,1716,61,In Affiliate,https://shop.tiktok.com/view/product/1729845713398765720?region=GB&locale=en,22.4,"Coffee brown,Black,Navy blue,Burgundy,Apricot","M,XL,XS,L,XXS,S"
新老品,GB,1729848956076923816,S260610003638,Chic Weaves,标码女装,女士针织衫,4.6,https://p16-she-va.ibyteimg.com/tos-alisg-i-f7lenjegsh-sg/416e6139c18e45c19ed83dac2556bf76~tplv-g9dfdl17fc-origin-image.image,2026/6/12,,,2063,62,In Affiliate,https://shop.tiktok.com/view/product/1729848956076923816?region=GB&locale=en,26.4,"Purple - Multicolor 3,Apricot Color - Multicolor 4,Pink - Multicolor 2,Grass green - multicolor 10,Cranberry Red - Multicolor 9,Multi-color,Light Blue - Multicolor 5,Denim blue - color 7,Colorful 6 — mixed colors,White - Multicolor 8","S,M,L,XXL,XL"
新老品,US,1732412374530494782,S260525025740,Sleek Nova,标码女装,女士套装及西服,4.2,https://p16-she-va.ibyteimg.com/tos-alisg-i-f7lenjegsh-sg/fcd444748ce84dc0817e0b8556e87ab8~tplv-g9dfdl17fc-origin-image.image,2026/6/7,,,1428,135,In Affiliate,https://shop.tiktok.com/view/product/1732412374530494782?region=US&locale=en,15.3,"Red,Lemon yellow,Black,Chartreuse,Miami blue,Bright orange,Mullein green,Apricot","M,S,L,XL,XXL"
新老品,GB,1729565364664834959,S250624012254,FianiVibe,标码女装,女士下装,4.7,https://p16-she-va.ibyteimg.com/tos-alisg-i-f7lenjegsh-sg/016d8aee9b0e4904b7892fb9250319fc~tplv-g9dfdl17fc-origin-image.image,2025/7/5,,,4011,63,In Affiliate,https://shop.tiktok.com/view/product/1729565364664834959?region=GB&locale=en,18.9,"Light wash,Green,Red,Apricot,Pink,Black,Brown,Blue","XS,S,XL,M,L"
新老品,US,1729498439936021227,S240605002557,Bettlity,标码女装,女士针织衫,4.7,https://p16-she-va.ibyteimg.com/tos-alisg-i-f7lenjegsh-sg/27e815aace8748a3bec6c0c71b11a460~tplv-g9dfdl17fc-origin-image.image,2024/6/17,,,458,136,In Affiliate,https://shop.tiktok.com/view/product/1729498439936021227?region=US&locale=en,25.2,"Black,Off white","M,S*1 pc+M*1 pc,XL*1 pc+XXL*1 pc,M*1 pc+L*1 pc,M*1 pc+XL*1 pc,L*1 pc+XL*1 pc,S,L,XL,XXL"
新老品,US,1732477720989503831,S260707003947,FOXCLAW Curve,大码女装,女士上装,4,https://p16-she-va.ibyteimg.com/tos-alisg-i-f7lenjegsh-sg/e917eff67b3f4663a49b279afaa5289b~tplv-g9dfdl17fc-origin-image.image,2026/7/20,,高GPM,24,137,In Affiliate,https://shop.tiktok.com/view/product/1732477720989503831?region=US&locale=en,14.7,"Khaki,Light blue,Black,Dark gray,Burgundy","5XL,4XL,1XL,3XL,2XL"
新老品,US,1732358337977881194,S260422009321,Chic Savvy Codes,标码女装,女士针织衫,4,https://p16-she-va.ibyteimg.com/tos-alisg-i-f7lenjegsh-sg/7647fc4d8a8843a6bb88d52167273592~tplv-g9dfdl17fc-origin-image.image,2026/4/30,,高GPM,444,138,In Affiliate,https://shop.tiktok.com/view/product/1732358337977881194?region=US&locale=en,22.2,"Purple,Curry,Khaki,White,Black,Green","M,S,XL,L,XXL"
新老品,GB,1729837118935767920,S260527030746,ELia Notess,标码女装,女士套装及西服,3.8,https://p16-she-va.ibyteimg.com/tos-alisg-i-f7lenjegsh-sg/8ec0e98a986d4d37bb5120e711ebc965~tplv-g9dfdl17fc-origin-image.image,2026/6/27,内容场占比低,,350,64,In Affiliate,https://shop.tiktok.com/view/product/1729837118935767920?region=GB&locale=en,15.4,"Brown,Black,Blue","XS,M,L,S"
新老品,GB,1729847322133043287,S260609023321,TWdream,标码女装,女士套装及西服,4.1,https://p16-she-va.ibyteimg.com/tos-alisg-i-f7lenjegsh-sg/40ed09184eed4b8fa2b17bee521793c8~tplv-g9dfdl17fc-origin-image.image,2026/6/9,,高GPM,1611,65,In Affiliate,https://shop.tiktok.com/view/product/1729847322133043287?region=GB&locale=en,30.8,"Dark Blue,Sky Blue,Black,Wine red,Yellow,Coffee,Apricot,Dark gray,Light Brown","XXL,S,M,L,XL,XXXL"
新老品,GB,1729565065338461022,S250623014760,Mayins,标码女装,女士下装,4.6,https://p16-she-va.ibyteimg.com/tos-alisg-i-f7lenjegsh-sg/c5c40e84b0fb45c68eb4afdd6ac94266~tplv-g9dfdl17fc-origin-image.image,2025/7/5,,,1958,66,In Affiliate,https://shop.tiktok.com/view/product/1729565065338461022?region=GB&locale=en,15.7,"Brown,Black,Pink,Apricot,Navy blue,White,Dark gray","XL,M,S,XS,L,XXL"
新老品,US,1729580712794493233,S240730006642,Hawthaw Women Apparel,标码女装,女士套装及西服,4,https://p16-she-va.ibyteimg.com/tos-alisg-i-f7lenjegsh-sg/3f456cdca5fa4b5c96ba3eef461e018f~tplv-g9dfdl17fc-origin-image.image,2024/8/9,,,2180,139,In Affiliate,https://shop.tiktok.com/view/product/1729580712794493233?region=US&locale=en,14.8,"Blue,Green,Coffee brown,Purple,Grey,Pink,Khaki,Navy blue,Deep red,Black,Off white,Apricot,Burgundy","M,XXXL,S,L,XL,XS,XXL"
新老品,US,1732324998079287335,S260408041440,Finjani BoldCurve,大码女装,女士套装及西服,3.3,https://p16-she-va.ibyteimg.com/tos-alisg-i-f7lenjegsh-sg/e6e655c9489d4bc2bfe83d17133ef2c5~tplv-g9dfdl17fc-origin-image.image,2026/4/8,,,361,140,In Affiliate,https://shop.tiktok.com/view/product/1732324998079287335?region=US&locale=en,26,"Burgundy,Green,Orange,Yellow,Black,Brown","4XL,1XL,0XL,3XL,2XL"
新老品,US,1732238582371553734,S260119029096,TY Trove,标码女装,女士套装及西服,4.1,https://p16-she-va.ibyteimg.com/tos-alisg-i-f7lenjegsh-sg/7ad72731f6274fd1a8d124adb5b1a5e5~tplv-g9dfdl17fc-origin-image.image,2026/3/23,,高GPM,1866,141,In Affiliate,https://shop.tiktok.com/view/product/1732238582371553734?region=US&locale=en,23.4,"Pink,Khaki,White,Black,Fawn brown,Apricot,Brown","M,S,XL,L,XXL"
新老品,US,1732305187728364110,S260325021251,ChicVibe Fashion,标码女装,女士套装及西服,4.5,https://p16-she-va.ibyteimg.com/tos-alisg-i-f7lenjegsh-sg/1f74e09897dd464981c7ab9d4ed4daeb~tplv-g9dfdl17fc-origin-image.image,2026/3/26,,,219,142,In Affiliate,https://shop.tiktok.com/view/product/1732305187728364110?region=US&locale=en,19.1,"Dusty Blue,Clay brown,Black,Burgundy","M,S,L,XS,XL"
新老品,US,1731989665441485336,S251028026127,Kliou Store,标码女装,女士套装及西服,3.8,https://p16-she-va.ibyteimg.com/tos-alisg-i-f7lenjegsh-sg/0a32d420adef40369076a8a975f15afa~tplv-g9dfdl17fc-origin-image.image,2025/11/2,,,371,143,In Affiliate,https://shop.tiktok.com/view/product/1731989665441485336?region=US&locale=en,16.1,"Blue,Burgundy,Yellow,White,Black,Brown","M,S,XS,L"
新老品,US,1731934014962700334,S251016007317,Tuo Go,标码女装,女士穆斯林服饰,4.2,https://p16-she-va.ibyteimg.com/tos-alisg-i-f7lenjegsh-sg/9919f7357a564df0bf7fd3cc6974c1df~tplv-g9dfdl17fc-origin-image.image,2025/10/21,,,1873,144,In Affiliate,https://shop.tiktok.com/view/product/1731934014962700334?region=US&locale=en,16.1,"Jet black,Baby pink,Royal blue,Khaki,Red,Orange,Navy blue,Army green,Lilac,Black,Light wash,Green,Blue,Silver,Purple,Mint green,Yellow,Bright yellow,Burgundy","M,S,L,XL"
新老品,GB,1729870065271413477,S260710020814,Afant,标码女装,女士套装及西服,4.9,https://p16-she-va.ibyteimg.com/tos-alisg-i-f7lenjegsh-sg/e8696be3a2fd493fa6cd93c826117fa1~tplv-g9dfdl17fc-origin-image.image,2026/7/12,,,159,67,In Affiliate,https://shop.tiktok.com/view/product/1729870065271413477?region=GB&locale=en,26.4,"Coffee brown,Pink","S,L,M,XL"
新老品,GB,1729835799248870378,S260429019591,Shine Coral,标码女装,女士套装及西服,4.5,https://p16-she-va.ibyteimg.com/tos-alisg-i-f7lenjegsh-sg/3143fab15e4540668abb38efd335828f~tplv-g9dfdl17fc-origin-image.image,2026/5/11,,,1364,68,In Affiliate,https://shop.tiktok.com/view/product/1729835799248870378?region=GB&locale=en,24.4,"Khaki,Gray,Black,Coffee brown","M,L,S,XXL,XL"
新老品,US,1729570832937816823,S240715000426,FlaireX,标码女装,女士套装及西服,4,https://p16-she-va.ibyteimg.com/tos-maliva-i-g9dfdl17fc-us/0344188e8f3043b992cfb1bb80b3afc6~tplv-g9dfdl17fc-origin-image.image,2024/8/2,,,3121,145,In Affiliate,https://shop.tiktok.com/view/product/1729570832937816823?region=US&locale=en,19.8,"Baby pink,Deep pink,Black,Salmon pink,Apricot,Multicolor1,Blue,Green,Grey,Multicolor5,Multicolor2,Hot pink,Multicolor3,Yellow,Chartreuse,Mauve purple,Multicolor4,Brown","M,S,L,XL,XXL"
新老品,GB,1729744272552663127,S260105062922,Novelife,标码女装,女士下装,4.6,https://p16-she-va.ibyteimg.com/tos-alisg-i-f7lenjegsh-sg/fc3168ee05364c6281860cee71185ca3~tplv-g9dfdl17fc-origin-image.image,2026/1/20,,,1240,69,In Affiliate,https://shop.tiktok.com/view/product/1729744272552663127?region=GB&locale=en,14.1,"Apricot,Red,Black,Royal blue,Brown","XXL,S,XL,M,L"
新老品,US,1730698011845890287,S250122000403,GILIPUR,标码女装,女士下装,4.7,https://p16-she-va.ibyteimg.com/tos-maliva-i-g9dfdl17fc-us/3b49c88458014b069c8799056152adcf~tplv-g9dfdl17fc-origin-image.image,2025/2/18,,,693,146,In Affiliate,https://shop.tiktok.com/view/product/1730698011845890287?region=US&locale=en,32.2,"Grey,Pink,Khaki,Army green,Black,Off white,Beige","M,S,L,XL,XXL"
新老品,GB,1729787628536699482,S260328033125,Orgnvin,标码女装,女士针织衫,4.5,https://p16-she-va.ibyteimg.com/tos-alisg-i-f7lenjegsh-sg/f42b039066094ec0872502a6ab314141~tplv-g9dfdl17fc-origin-image.image,2026/3/28,,,1382,70,In Affiliate,https://shop.tiktok.com/view/product/1729787628536699482?region=GB&locale=en,17.7,"Yellow,Fawn brown,Apricot,Hot pink,Burgundy,Royal blue,Black,Light wash,Pink,White","M,XL,L,S"
新老品,GB,1729828904463276843,S260514005562,Chic Mod,标码女装,女士套装及西服,4.5,https://p16-she-va.ibyteimg.com/tos-alisg-i-f7lenjegsh-sg/4e2940c984a54206885da07459c14e32~tplv-g9dfdl17fc-origin-image.image,2026/5/25,,,1969,71,In Affiliate,https://shop.tiktok.com/view/product/1729828904463276843?region=GB&locale=en,25.1,"Yellow,Burgundy,White,Blue,Black","L,XS,M,XL,XXS,S"
新老品,US,1731102302974808651,S250423005939,StreetWeat Outfits,标码女装,女士套装及西服,4.1,https://p16-she-va.ibyteimg.com/tos-alisg-i-f7lenjegsh-sg/060038ffd405480398e253360adde34d~tplv-g9dfdl17fc-origin-image.image,2025/4/29,,,1752,147,In Affiliate,https://shop.tiktok.com/view/product/1731102302974808651?region=US&locale=en,17,"Purple,Red,Navy blue,Lilac,Yellow,Fawn brown,Off white,Blue","M,S,XS,L"
新老品,US,1731828137865220959,S250922046573,Chic Curves,大码女装,女士连衣裙,4.4,https://p16-she-va.ibyteimg.com/tos-alisg-i-f7lenjegsh-sg/886508a65ff447099e30bca0a8c7816c~tplv-g9dfdl17fc-origin-image.image,2025/9/25,,,683,148,In Affiliate,https://shop.tiktok.com/view/product/1731828137865220959?region=US&locale=en,20.1,"Green,Pink,Red,Black,Brown","1XL,0XL,3XL,2XL"
新老品,US,1730869120182948396,S250216006757,Lefter Shorts,标码女装,女士下装,4.8,https://p16-she-va.ibyteimg.com/tos-alisg-i-f7lenjegsh-sg/de5aa2aa8b4240ed96f18e987270a05d~tplv-g9dfdl17fc-origin-image.image,2025/3/14,,,3489,149,In Affiliate,https://shop.tiktok.com/view/product/1730869120182948396?region=US&locale=en,12.6,"Lime Green,Pink,Deep red,Black,Off white,Dark green,Dark Blue,Burgundy","M,S,XS,L,XXL,XL"
新老品,US,1732294571286892870,S250918055011,Chic Luxe Fibers,标码女装,女士下装,3.3,https://p16-she-va.ibyteimg.com/tos-alisg-i-f7lenjegsh-sg/da273a5b7b124f4c8ccb216290c81dc4~tplv-g9dfdl17fc-origin-image.image,2025/10/3,,高GPM,321,150,In Affiliate,https://shop.tiktok.com/view/product/1732294571286892870?region=US&locale=en,30.6,"Black and white,Red and black,Dark Blue","M,S,L,XL,XS"
新老品,GB,1729462070770175745,S250116006633,Keechic,标码女装,女士套装及西服,4.8,https://p16-she-va.ibyteimg.com/tos-alisg-i-f7lenjegsh-sg/d5372b99f8ae41daba8fe98abdbbbbea~tplv-g9dfdl17fc-origin-image.image,2025/2/21,,,458,72,In Affiliate,https://shop.tiktok.com/view/product/1729462070770175745?region=GB&locale=en,24.1,"Black,Army green,Pink,Green,Blue","M,L,S,XL,XXL"
新老品,US,1729629493797752875,S240823004058,Yinos Fashion,标码女装,女士套装及西服,4.5,https://p16-she-va.ibyteimg.com/tos-alisg-i-f7lenjegsh-sg/d5d417dc2ab74639904ccb038bbd0c76~tplv-g9dfdl17fc-origin-image.image,2024/9/8,,,1060,151,In Affiliate,https://shop.tiktok.com/view/product/1729629493797752875?region=US&locale=en,14.9,"Dusty Blue,Dark Gray,Navy blue,Black,Set3,Blue,Green,Set2,Coffee brown,Set1,Set4,Pink,pebble lime,Burgundy","M,S,L,XS,XL"
新老品,MX,1732471133379200426,S250801010427,Perform Quirky,标码女装,女士下装,4.7,https://p16-she-va.ibyteimg.com/tos-alisg-i-f7lenjegsh-sg/3bcaf783df1f48e2a24c292fd209f137~tplv-g9dfdl17fc-origin-image.image,2025/8/9,,,2308,10,In Affiliate,https://shop.tiktok.com/view/product/1732471133379200426?region=MX&locale=en,6.6,"Fawn brown,Green,White,Army green,Royal blue,Black,Light wash,Jet black,Yellow,Coral pink","L,M,XL,S"
新老品,US,1732352961497895611,S260417029331,FormeFemme fashion,标码女装,女士套装及西服,4,https://p16-she-va.ibyteimg.com/tos-alisg-i-f7lenjegsh-sg/8e05585c70bd4f51ab6fbc716da4697e~tplv-g9dfdl17fc-origin-image.image,2026/4/19,,,2745,152,In Affiliate,https://shop.tiktok.com/view/product/1732352961497895611?region=US&locale=en,20.1,"Ochre brown,Red,White,Black,Dark brown,Apricot,Bright yellow,Dark wash","M,S,L,XL,XXL"
新老品,GB,1729758955534522973,S260127035644,Chic NBold,标码女装,女士下装,4.4,https://p16-she-va.ibyteimg.com/tos-alisg-i-g9dfdl17fc-sg/144b219ebed947d29acba52d1f361304~tplv-g9dfdl17fc-origin-image.image,2026/3/14,,,280,73,In Affiliate,https://shop.tiktok.com/view/product/1729758955534522973?region=GB&locale=en,15.6,Black,"L,S,XL,M"
新老品,US,1732328454721082319,S260409019475,Celdra,标码女装,女士套装及西服,4,https://p16-she-va.ibyteimg.com/tos-alisg-i-f7lenjegsh-sg/7f8fac220f7f477cb6cdafe0938c75e4~tplv-g9dfdl17fc-origin-image.image,2026/4/19,,,917,153,In Affiliate,https://shop.tiktok.com/view/product/1732328454721082319?region=US&locale=en,19.1,"Pink,Red,Black,Apricot,Blue","M,S,L,XL"
新老品,US,1732495389941666700,S260716024631,MilaT,标码女装,女士下装,4,https://p16-she-va.ibyteimg.com/tos-alisg-i-f7lenjegsh-sg/d33afc637e7d47f1b7822b3e5c3ec3f3~tplv-g9dfdl17fc-origin-image.image,2026/7/16,,,15849,154,In Affiliate,https://shop.tiktok.com/view/product/1732495389941666700?region=US&locale=en,20.6,"Purple,White,Light card color,Dark blue","M,S,L,XL"
新老品,GB,1729745088157161475,S260106058943,Eyvonne,标码女装,女士套装及西服,4.8,https://p16-she-va.ibyteimg.com/tos-alisg-i-f7lenjegsh-sg/1d9ec9f3043948bfa3a10b7913873c3d~tplv-g9dfdl17fc-origin-image.image,2026/1/6,,高GPM,613,74,In Affiliate,https://shop.tiktok.com/view/product/1729745088157161475?region=GB&locale=en,21.7,"Multicolor1,Brown + Apricot + Blue,Khaki,Black and white stripes,Brown and white,Khaki + Gray + Mauve","S,XXL,M,L,XL"
新老品,US,1730933415941738813,S250305017845,Chic Ensemble,标码女装,女士套装及西服,3.9,https://p16-she-va.ibyteimg.com/tos-alisg-i-f7lenjegsh-sg/0ccd8519074d47e5a98dc797498c0782~tplv-g9dfdl17fc-origin-image.image,2025/3/26,,,3190,155,In Affiliate,https://shop.tiktok.com/view/product/1730933415941738813?region=US&locale=en,13.4,"Multicolor7,Multicolor6,Multicolor9,Multicolor,Leopard print,Multicolor8,Blue,Multicolor5,Multicolor2,Strong white,Multicolor3,Lemon yellow,Chartreuse,Dark brown,Bright orange,Multicolor4,Brown","M,S,XL,L,XS"
新老品,US,1730804938015674822,S250102007824,TY Trove,标码女装,女士套装及西服,4.1,https://p16-she-va.ibyteimg.com/tos-alisg-i-f7lenjegsh-sg/37d3ec9ee743470db41901e75abed867~tplv-g9dfdl17fc-origin-image.image,2025/3/5,,,848,156,In Affiliate,https://shop.tiktok.com/view/product/1730804938015674822?region=US&locale=en,28.6,"Navy blue,Army green,Black,Off white,Bright yellow","M,S,L,XL,XXL"
新老品,GB,1729725491230776207,S251210094198,FianiVibe,标码女装,女士套装及西服,4.7,https://p16-she-va.ibyteimg.com/tos-alisg-i-f7lenjegsh-sg/58a1fdaf2953416f97abaedce436f337~tplv-g9dfdl17fc-origin-image.image,2025/12/20,,高GPM,746,75,In Affiliate,https://shop.tiktok.com/view/product/1729725491230776207?region=GB&locale=en,15.9,"Brown,Burgundy,Red,Blue,Black","S,L,M,XL"
新老品,MX,1734464462272037964,S260227035378,KAYWIDE Resort,标码女装,女士套装及西服,3.8,https://p16-she-va.ibyteimg.com/tos-alisg-i-f7lenjegsh-sg/6e813b51109049c7a5a834852c928168~tplv-g9dfdl17fc-origin-image.image,2026/4/7,,,730,11,In Affiliate,https://shop.tiktok.com/view/product/1734464462272037964?region=MX&locale=en,15,"Brown,White,Light Blue,Pink,Yellow","M,XS,S,XL,L"
新老品,US,1732320906720285274,S260406038831,Orgnvin,标码女装,女士针织衫,4.4,https://p16-she-va.ibyteimg.com/tos-alisg-i-f7lenjegsh-sg/14b586996246459c90b129e9e3272566~tplv-g9dfdl17fc-origin-image.image,2026/4/6,,高GPM,1817,157,In Affiliate,https://shop.tiktok.com/view/product/1732320906720285274?region=US&locale=en,21.8,"Green,Royal blue,Pink,Khaki,Yellow,White,Black,Fawn brown,Apricot,Mauve purple,Burgundy","M,S,XL,L"
新老品,US,1729500878786565983,S260307047713,Aliling Fashion,标码女装,女士套装及西服,3.9,https://p16-she-va.ibyteimg.com/tos-alisg-i-f7lenjegsh-sg/71ded266762044a399c54fe8f852fdec~tplv-g9dfdl17fc-origin-image.image,2026/3/25,,,1789,158,In Affiliate,https://shop.tiktok.com/view/product/1729500878786565983?region=US&locale=en,16.6,"Dark green base with white polka dots,Black background with white polka dots,White,Coffee base with white polka dots,Dark wash","M,S,XL,L"
新老品,US,1732421588210848278,S260601004668,SheLoveStyle,标码女装,女士下装,3,https://p16-she-va.ibyteimg.com/tos-alisg-i-f7lenjegsh-sg/0c8129e0da8740ecb61568ad7e9e9b4a~tplv-g9dfdl17fc-origin-image.image,2026/6/2,,高GPM,225,159,Not in Affiliate,https://shop.tiktok.com/view/product/1732421588210848278?region=US&locale=en,26.4,"Army green,Gray,Brown","M,S,L,XL,XXL"
新老品,US,1729663675755762251,S240905000268,StreetWeat Outfits,标码女装,女士下装,4.1,https://p16-she-va.ibyteimg.com/tos-alisg-i-f7lenjegsh-sg/d8da177626624efdaf1c8f22a78ef0d5~tplv-g9dfdl17fc-origin-image.image,2024/9/25,,,1554,160,In Affiliate,https://shop.tiktok.com/view/product/1729663675755762251?region=US&locale=en,15.8,"Flame red,Coral pink,Champagne,Copper brown,Green,Blue,Coffee brown,Purple,Grey,Light brown,Deep red,Yellow,White,Rust Red,Brown","M,S,L,XS,XXL,XL"
新老品,US,1732196535978529790,S260105038071,Ailyak knit,标码女装,女士针织衫,4.4,https://p16-she-va.ibyteimg.com/tos-alisg-i-f7lenjegsh-sg/f2a50749ff50426ba396090cf25191d1~tplv-g9dfdl17fc-origin-image.image,2026/1/5,,,1858,161,In Affiliate,https://shop.tiktok.com/view/product/1732196535978529790?region=US&locale=en,16.3,"Baby pink,Black Silver,Red,Orange,Light blue,Light green,Black,Apricot,Green,Blue,Medium wash,Purple,Pink,Hot pink,Strong white,Yellow,White,Cloud white,Golden","M,S,L,XS,XXL,XL"
新老品,GB,1729853114500553703,S260613025211,Nora Women Wear,标码女装,女士套装及西服,4.7,https://p16-she-va.ibyteimg.com/tos-alisg-i-f7lenjegsh-sg/0de917c3c9974c8eb5a60e51d1485ee0~tplv-g9dfdl17fc-origin-image.image,2026/6/13,,,303,76,In Affiliate,https://shop.tiktok.com/view/product/1729853114500553703?region=GB&locale=en,17.6,"Stripe,Light blue,Anh Coffee","XL,S,M,L"
新老品,US,1729799154496279275,S241017008142,Bettlity,标码女装,女士针织衫,4.7,https://p16-she-va.ibyteimg.com/tos-maliva-i-g9dfdl17fc-us/cf6511a47e5049d182b0c89d172b54eb~tplv-g9dfdl17fc-origin-image.image,2024/11/2,,高GPM,622,162,In Affiliate,https://shop.tiktok.com/view/product/1729799154496279275?region=US&locale=en,31.1,"Grey,Khaki,Black,Olive brown,Apricot,Mauve purple","M,S,XL,L,XXL"
新老品,MX,1735644039495714188,S260518008263,Jane Mano,标码女装,女士下装,5,https://p16-she-va.ibyteimg.com/tos-alisg-i-f7lenjegsh-sg/9022696598bc421a9b1e9027bbf16201~tplv-g9dfdl17fc-origin-image.image,2026/5/23,,,2426,12,In Affiliate,https://shop.tiktok.com/view/product/1735644039495714188?region=MX&locale=en,16.5,"Pink,Army green,Apricot,Deep blue,Black,Fawn brown,Burgundy","M,S,XS,L,XL"
新老品,US,1731569237947813934,S250626013387,Tuo Go,大码女装,女士下装,4.2,https://p16-she-va.ibyteimg.com/tos-alisg-i-f7lenjegsh-sg/8f0fc45a599e43369fa7b6c446945bb1~tplv-g9dfdl17fc-origin-image.image,2025/7/24,,高GPM,8934,163,In Affiliate,https://shop.tiktok.com/view/product/1731569237947813934?region=US&locale=en,18.1,"Purple,Powder foundation,Royal blue,Khaki,Turquoise,Wine red,Red,Army green,Black,Deep Blue,Sky blue,Bright orange,Pure black","4XL,1XL,3XL,2XL"
新老品,GB,1729858103398340874,S260622012229,HoneyBadgercome,标码女装,女士套装及西服,4.7,https://p16-she-va.ibyteimg.com/tos-alisg-i-f7lenjegsh-sg/2216253cad834b4f8ad53fe92d40f63a~tplv-g9dfdl17fc-origin-image.image,2026/6/24,,,190,77,In Affiliate,https://shop.tiktok.com/view/product/1729858103398340874?region=GB&locale=en,24.8,"Leopard print,Black","M,L,S,XL,XS"
新老品,GB,1729420557061885402,S240614000193,Baillin Dress,标码女装,女士套装及西服,4.8,https://p16-she-va.ibyteimg.com/tos-alisg-i-f7lenjegsh-sg/7cb577d28f244d7f8860d0fd3aa988f4~tplv-g9dfdl17fc-origin-image.image,2024/7/1,,,400,78,In Affiliate,https://shop.tiktok.com/view/product/1729420557061885402?region=GB&locale=en,36.4,"Grey,Multicolor3,Black,Multicolor10,Multicolor2,Iron gray,Multicolor4,Multicolor5,Multicolor1,Multicolor8,Apricot,Multicolor6,Brown,Multicolor9","XL,L,M,S"
新老品,GB,1729628326275029483,S250901005031,DolceAmara,标码女装,女士套装及西服,4.8,https://p16-she-va.ibyteimg.com/tos-alisg-i-f7lenjegsh-sg/86f80959754a417c9907df26b6dc5561~tplv-g9dfdl17fc-origin-image.image,2025/9/6,,,943,79,In Affiliate,https://shop.tiktok.com/view/product/1729628326275029483?region=GB&locale=en,19.3,"Purple,Red,Brown,Blue,Black","M,XS,L,S,XL"
新老品,US,1732020832816239345,S251104044857,MO Threads,大码女装,女士上装,3.9,https://p16-she-va.ibyteimg.com/tos-alisg-i-f7lenjegsh-sg/efceeb56f8344e32bd401a20533d2c82~tplv-g9dfdl17fc-origin-image.image,2025/11/4,,高GPM,794,164,In Affiliate,https://shop.tiktok.com/view/product/1732020832816239345?region=US&locale=en,14,"Purple,Hot pink,Emerald green,Rose gold,Lime orange,Gray,Dark gray,Sky blue","5XL,4XL,1XL,3XL,2XL"
新老品,US,1732491874709246872,S260714039748,Vogue Knit,标码女装,女士针织衫,3.3,https://p16-she-va.ibyteimg.com/tos-alisg-i-f7lenjegsh-sg/4c830623fe1642788d5922221be001f1~tplv-g9dfdl17fc-origin-image.image,2026/7/24,内容场占比低,高GPM,462,165,Not in Affiliate,https://shop.tiktok.com/view/product/1732491874709246872?region=US&locale=en,26.8,"Pink,Red,Yellow,Lime yellow,Green","M,S,L,XL,XXL"
新老品,US,1731618767131545905,S250731019487,Hawthaw Women Apparel,标码女装,女士套装及西服,4,https://p16-she-va.ibyteimg.com/tos-alisg-i-f7lenjegsh-sg/18b2c9ec9cc041ec857a280c5bfcf265~tplv-g9dfdl17fc-origin-image.image,2025/8/14,,,1183,166,In Affiliate,https://shop.tiktok.com/view/product/1731618767131545905?region=US&locale=en,16.3,"Blue,Brown,Burgundy,Pink,Navy blue,Yellow,Black,Apricot,Green","M,S,XL,XS,L"
新老品,US,1729391853318148520,S230712002838,YMW,标码女装,女士下装,4.1,https://p16-she-va.ibyteimg.com/tos-alisg-i-f7lenjegsh-sg/724e018498c24f88ae77901a98659340~tplv-g9dfdl17fc-origin-image.image,2023/8/23,,,710,167,In Affiliate,https://shop.tiktok.com/view/product/1729391853318148520?region=US&locale=en,15.4,"Multicolor7,Multicolor6,Multicolor9,skirt 1set （orange+khaki+yellow ）,Multicolor12,Dark orange,Multicolor4*1 pc+Multicolor2*1 pc+Multicolor1*1 pc,Multicolor1,Multicolor8,skirt 3pc （red+black+yellow）,Multicolor5,Multicolor11,Multicolor2,Multicolor3,Deep red,Multicolor10,Multicolor4","M,S,L,XL,XXL"
新老品,US,1732470481332245378,S260702011697,Mh Fashion Lab,标码女装,女士套装及西服,4.5,https://p16-she-va.ibyteimg.com/tos-alisg-i-f7lenjegsh-sg/907a38163b9b493483295acc47c4be25~tplv-g9dfdl17fc-origin-image.image,2026/7/3,,,879,168,In Affiliate,https://shop.tiktok.com/view/product/1732470481332245378?region=US&locale=en,26.9,"Green,Baby pink,Daffodil yellow,Flame red,Yellow,Turquoise blue,Light wash,Heather violet,Beige,Burgundy","M,S,L,XL,XXL"
新老品,US,1732301183887904958,S260322037312,Wake Seasons,标码女装,女士下装,4.1,https://p16-she-va.ibyteimg.com/tos-alisg-i-f7lenjegsh-sg/bd62daf863a44e23827bc745ce75a5a6~tplv-g9dfdl17fc-origin-image.image,2026/3/22,内容场占比低,,506269,169,In Affiliate,https://shop.tiktok.com/view/product/1732301183887904958?region=US&locale=en,10.5,"2222 Diamond Pattern Black Waist Label Edition,Baby pink,Gray, Chapter 2223,Chapter 2222: Yellow Leopard Print,Drawstring 2282,Gray,Black leopard print,Multicolor12,Black,Multicolor,2280 Black & White Checkered,Multicolor1,Blue,Drawstring spots,Pink,Multicolor5,Multicolor2,Chapter 2222 White Leopard Print,Chapter 2232 – Yellow,Multicolor3,White,Multicolor4,Pink leopard print","M,S,L,XL"
新老品,MX,1735490531525691380,S260508009212,Lumeire Apparel,标码女装,女士下装,2,https://p16-she-va.ibyteimg.com/tos-alisg-i-f7lenjegsh-sg/77497e49c93c4e37b9bde45c4f1a72f0~tplv-g9dfdl17fc-origin-image.image,2026/5/20,,,4900,13,In Affiliate,https://shop.tiktok.com/view/product/1735490531525691380?region=MX&locale=en,14.1,"Apricot,Hot pink,Military green,Light green,Black,Off-white,Brown,Blue,Khaki,Navy blue","L,XS,M,S,XL"
新老品,GB,1729644208013089093,S250924067608,YouAnnn,标码女装,女士针织衫,4.7,https://p16-she-va.ibyteimg.com/tos-maliva-i-g9dfdl17fc-us/20ded83aa86d482fb9bb3c5cd0259028~tplv-g9dfdl17fc-origin-image.image,2025/10/2,,,559,80,In Affiliate,https://shop.tiktok.com/view/product/1729644208013089093?region=GB&locale=en,23.3,"Red,Gray,Camel,Black,Pink,White","XXL,S,XL,M,L"
新老品,US,1731608343592342094,S250809016036,ChicVibe Fashion,标码女装,女士套装及西服,4.5,https://p16-she-va.ibyteimg.com/tos-maliva-i-g9dfdl17fc-us/ea83525c01e54d8ba739a3ce5a800be7~tplv-g9dfdl17fc-origin-image.image,2025/8/13,,,550,170,In Affiliate,https://shop.tiktok.com/view/product/1731608343592342094?region=US&locale=en,17.5,"Pink,Orange,Gray,White,Black,Mocha brown,Dark brown,Heather violet,Dark wash,Burgundy","M,S,L,XL,XXL,XS"
新老品,US,1729496540721878298,S260303040474,LILYTREE,标码女装,女士针织衫,4.3,https://p16-she-va.ibyteimg.com/tos-alisg-i-f7lenjegsh-sg/83b3b574faf5435a926bd1169664feed~tplv-g9dfdl17fc-origin-image.image,2026/3/5,,,570,171,In Affiliate,https://shop.tiktok.com/view/product/1729496540721878298?region=US&locale=en,14.9,"Medium wash,Taro Pink,Yellow,White,Black","M,S,L,XL"
新老品,GB,1729569705841891646,S250705016183,Sleek Nova,标码女装,女士套装及西服,4.8,https://p16-she-va.ibyteimg.com/tos-alisg-i-f7lenjegsh-sg/97c939e270be412a8410d08307c7c7e3~tplv-g9dfdl17fc-origin-image.image,2025/7/10,,,2822,81,In Affiliate,https://shop.tiktok.com/view/product/1729569705841891646?region=GB&locale=en,19.8,"Chartreuse,Black,Blue,Khaki,White,Hot pink,Red,Brown,Miami blue","S,XXL,M,XL,L"
新老品,GB,1729839588604746487,S260601031739,FlaireX,标码女装,女士套装及西服,4.6,https://p16-she-va.ibyteimg.com/tos-alisg-i-f7lenjegsh-sg/5fc0ee9ebd3046838c61ce133ccffc9a~tplv-g9dfdl17fc-origin-image.image,2026/6/4,,,1507,82,In Affiliate,https://shop.tiktok.com/view/product/1729839588604746487?region=GB&locale=en,23.1,"Dark Gray,Pink,Light blue,Royal blue,Army green,Apricot,Black","S,M,XL,XXL,L"
新老品,US,1731905297378087255,S250923025712,FOXCLAW Curve,大码女装,女士下装,4,https://p16-she-va.ibyteimg.com/tos-alisg-i-f7lenjegsh-sg/b3b18365167643d6bca49d545a7c435a~tplv-g9dfdl17fc-origin-image.image,2025/10/11,,高GPM,823,172,In Affiliate,https://shop.tiktok.com/view/product/1731905297378087255?region=US&locale=en,17.7,"Multicolor5,Multicolor2,Multicolor3,Multicolor,Multicolor4","5XL,4XL,1XL,3XL,2XL"
新老品,US,1732103521079103863,S251018061721,Rogue Comfy,标码女装,女士下装,4.2,https://p16-she-va.ibyteimg.com/tos-maliva-i-g9dfdl17fc-us/00fb669dbe7a4563851c9d36ee25c03b~tplv-g9dfdl17fc-origin-image.image,2025/10/18,,,35652,173,In Affiliate,https://shop.tiktok.com/view/product/1732103521079103863?region=US&locale=en,27.4,"Multicolor5,Multicolor2,Multicolor7,Multicolor6,Multicolor3,Multicolor9,Multicolor10,Multicolor1,Multicolor4,Multicolor8","M,S,XS,XL,XXL,L"
新老品,GB,1729787529111706185,S260328015052,JANE DRESSINGLOG,标码女装,女士针织衫,4.6,https://p16-she-va.ibyteimg.com/tos-alisg-i-f7lenjegsh-sg/9e42ca078bd34acda47b176a9f9c4f54~tplv-g9dfdl17fc-origin-image.image,2026/3/28,,,78,83,In Affiliate,https://shop.tiktok.com/view/product/1729787529111706185?region=GB&locale=en,33.3,"Black,Olive green,Khaki","XS,L,M,S,XL"
新老品,GB,1729814659474167851,S260430016313,MY Mila & Co,标码女装,女士下装,4.6,https://p16-she-va.ibyteimg.com/tos-alisg-i-f7lenjegsh-sg/68ff9631c2694b789bb9051f877f6be4~tplv-g9dfdl17fc-origin-image.image,2026/5/16,,,1946,84,In Affiliate,https://shop.tiktok.com/view/product/1729814659474167851?region=GB&locale=en,24.2,"Black + Apricot + Brown,Black + Apricot + Light Purple,Black + Light Green + Apricot,Black + Apricot + Coral Red,Black + Red + Apricot,Black + Orange + Apricot,Black + Green + Apricot","XL,S,M,XXL,L"
新老品,GB,1729759592847087693,S260128044038,YarnPop,标码女装,女士针织衫,4.6,https://p16-she-va.ibyteimg.com/tos-alisg-i-f7lenjegsh-sg/0e441397aa6f42039fbb00573da8e78d~tplv-g9dfdl17fc-origin-image.image,2026/1/30,,,1538,85,In Affiliate,https://shop.tiktok.com/view/product/1729759592847087693?region=GB&locale=en,15.9,"Baby pink,White,Apricot,Brown,Sky blue,Cream,Coral pink,Black,Bright yellow,Khaki,Light green,Green","XL,M,L,S"
新老品,US,1732405538700497115,S260518003861,BeautyLan,标码女装,女士下装,4.4,https://p16-she-va.ibyteimg.com/tos-alisg-i-f7lenjegsh-sg/3035146a3c3a405bb2fe5b7fbaa3492b~tplv-g9dfdl17fc-origin-image.image,2026/5/24,,,216,174,In Affiliate,https://shop.tiktok.com/view/product/1732405538700497115?region=US&locale=en,17.8,"White,Black","M,S,L,XL,XXL"
新老品,US,1729495145290371563,S240604000479,Finjani Plus,大码女装,女士连衣裙,4.3,https://p16-she-va.ibyteimg.com/tos-alisg-i-f7lenjegsh-sg/2468cfc6098d4d8f938aa9677121ea92~tplv-g9dfdl17fc-origin-image.image,2024/6/11,,高GPM,2169,175,In Affiliate,https://shop.tiktok.com/view/product/1729495145290371563?region=US&locale=en,21.9,"Multicolor7,Multicolor6,Multicolor9,Multicolor12,Set3,Multicolor1,Multicolor8,Set2,Set4,Multicolor5,Turquoise,Multicolor2,Pink,Set1,Multicolor11,Multicolor3,Yellow,Multicolor10,Multicolor4","5XL,4XL,1XL,0XL,3XL,2XL"
新老品,US,1730346143462887864,S241216003667,Hugcitar,标码女装,女士套装及西服,4.4,https://p16-she-va.ibyteimg.com/tos-alisg-i-f7lenjegsh-sg/33b7051f6eb143958dc938584d0d9784~tplv-g9dfdl17fc-origin-image.image,2024/12/24,,,3465,176,In Affiliate,https://shop.tiktok.com/view/product/1730346143462887864?region=US&locale=en,23,"Green,Blue,Mint green,Pink,Khaki,Navy blue,Deep red,Yellow,Black,Lime yellow,Off white,Burgundy","M,S,XS,L,XL,XXL"
新老品,GB,1729798752452188834,S260414043084,Haute Codes,标码女装,女士套装及西服,4.7,https://p16-she-va.ibyteimg.com/tos-alisg-i-f7lenjegsh-sg/e164239d8ec8476eaf2b954ff9000028~tplv-g9dfdl17fc-origin-image.image,2026/4/23,,高GPM,443,86,In Affiliate,https://shop.tiktok.com/view/product/1729798752452188834?region=GB&locale=en,18.2,"Brown,Black,Blue,Dark green,Pink","L,S,M,XL"
新老品,US,1730348428514332914,S241213008988,Morrie Moon,标码女装,女士针织衫,4.2,https://p16-she-va.ibyteimg.com/tos-maliva-i-g9dfdl17fc-us/4db192b53a674c5a8ec22cf00b8e3eca~tplv-g9dfdl17fc-origin-image.image,2024/12/24,,高GPM,1489,177,In Affiliate,https://shop.tiktok.com/view/product/1730348428514332914?region=US&locale=en,31.5,"Burgundy,Grey,Baby pink,Light Green,Khaki,Cream,Orange,Army green,Navy blue,Mocha brown,Black,Royal Blue,Brown","M,S,L,XL,XXL"
新老品,GB,1729781542635084589,S260317032902,CHAENIL,标码女装,女士套装及西服,4.8,https://p16-she-va.ibyteimg.com/tos-alisg-i-f7lenjegsh-sg/423cee8325cd4d3da49c604affdb3f38~tplv-g9dfdl17fc-origin-image.image,2026/4/30,,,851,87,In Affiliate,https://shop.tiktok.com/view/product/1729781542635084589?region=GB&locale=en,21.8,"Blue,Apricot,Purple,Pink","XL,L,M,S"
近45天新品,US,1732484368192279269,S260710020814,Afant,标码女装,女士套装及西服,4.7,https://p16-she-va.ibyteimg.com/tos-alisg-i-f7lenjegsh-sg/e8696be3a2fd493fa6cd93c826117fa1~tplv-g9dfdl17fc-origin-image.image,2026/7/12,,,159,1,In Affiliate,https://shop.tiktok.com/view/product/1732484368192279269?region=US&locale=en,36.2,"Coffee brown,Pink","M,S,XL,L"
近45天新品,US,1732471885637390827,S260703003696,Finjani Plus,大码女装,女士连衣裙,4.3,https://p16-she-va.ibyteimg.com/tos-alisg-i-f7lenjegsh-sg/33e7c7b7479f4630b2badb0f90f205c3~tplv-g9dfdl17fc-origin-image.image,2026/7/3,,,404,2,In Affiliate,https://shop.tiktok.com/view/product/1732471885637390827?region=US&locale=en,37.6,"Blue,Burgundy,Black,Maroon,Brown","4XL,1XL,0XL,3XL,2XL"
近45天新品,GB,1729869464448703427,S260709038299,Calorie Club,标码女装,女士套装及西服,4.7,https://p16-she-va.ibyteimg.com/tos-alisg-i-f7lenjegsh-sg/bc1a995d586143138af8e0a93d38d1f2~tplv-g9dfdl17fc-origin-image.image,2026/7/9,,,224,1,In Affiliate,https://shop.tiktok.com/view/product/1729869464448703427?region=GB&locale=en,32.9,"Cream white with black polka dots,Dark blue with white polka dots,Black and white polka dots,Brown and white polka dots","M,L,S,XL"
近45天新品,GB,1729864582924245297,S260701019549,Avant Garde Codes,标码女装,女士套装及西服,4,https://p16-she-va.ibyteimg.com/tos-alisg-i-f7lenjegsh-sg/8d771ce7782e4983a747e28e7a7d4853~tplv-g9dfdl17fc-origin-image.image,2026/7/6,,高GPM,429,2,In Affiliate,https://shop.tiktok.com/view/product/1729864582924245297?region=GB&locale=en,24.4,"Black,Apricot,Red,Light blue,White,Pink,Pale green,Orange","S,L,XXL,M,XL"
近45天新品,US,1732458324945244668,S260625005679,Hi anan,标码女装,女士针织衫,4.2,https://p16-she-va.ibyteimg.com/tos-alisg-i-f7lenjegsh-sg/6f7e621136114285881fb171c2b6528a~tplv-g9dfdl17fc-origin-image.image,2026/7/3,,高GPM,900,3,In Affiliate,https://shop.tiktok.com/view/product/1732458324945244668?region=US&locale=en,29.5,"Medium wash,Khaki,White,Black,Brown","M,S,L,XL"
近45天新品,US,1732486957655035923,S260712007420,ZC-fashion,大码女装,女士连衣裙,4.3,https://p16-she-va.ibyteimg.com/tos-alisg-i-f7lenjegsh-sg/c1d4ae5ab0f045feab3d1706707113b0~tplv-g9dfdl17fc-origin-image.image,2026/7/24,,,259,4,In Affiliate,https://shop.tiktok.com/view/product/1732486957655035923?region=US&locale=en,14.6,"Pink,Red,Black and white,Green","4XL,1XL,0XL,3XL,2XL"
近45天新品,US,1732489024165941517,S260713032020,Rosaily,标码女装,女士套装及西服,Null,https://p16-she-va.ibyteimg.com/tos-alisg-i-f7lenjegsh-sg/e47d457a4d874ea7bd6d65e9aa38bfe4~tplv-g9dfdl17fc-origin-image.image,2026/7/16,,,495,5,In Affiliate,https://shop.tiktok.com/view/product/1732489024165941517?region=US&locale=en,23.6,"Coral red,Khaki Brown,Yellow,Black","M,S,XL,L"
近45天新品,US,1732453718747025687,S260622007200,OFFBLACK,标码女装,女士套装及西服,3.6,https://p16-she-va.ibyteimg.com/tos-alisg-i-f7lenjegsh-sg/1323b893cf5746d797641507c3b20682~tplv-g9dfdl17fc-origin-image.image,2026/7/10,内容场占比低,,192,6,In Affiliate,https://shop.tiktok.com/view/product/1732453718747025687?region=US&locale=en,15.8,"Medium wash,Vermilion,Gray","M,S,L"
近45天新品,GB,1729860120392538620,S260625005679,Hi anan,标码女装,女士针织衫,4.7,https://p16-she-va.ibyteimg.com/tos-alisg-i-f7lenjegsh-sg/6f7e621136114285881fb171c2b6528a~tplv-g9dfdl17fc-origin-image.image,2026/7/3,,高GPM,900,3,In Affiliate,https://shop.tiktok.com/view/product/1729860120392538620?region=GB&locale=en,23.9,"Medium wash,White,Khaki,Brown,Black","S,L,M,XL"
近45天新品,US,1732468535693840692,S260701029862,EIPC SHINE WOMEN'S JEANS,标码女装,女士下装,4.5,https://p16-she-va.ibyteimg.com/tos-alisg-i-f7lenjegsh-sg/9ca5f15539a94414bcbf41d1ef33388b~tplv-g9dfdl17fc-origin-image.image,2026/7/3,,,497,7,In Affiliate,https://shop.tiktok.com/view/product/1732468535693840692?region=US&locale=en,31,Light blue,"M,S,XL,L,XXL"
近45天新品,US,1732477720989503831,S260707003947,FOXCLAW Curve,大码女装,女士上装,4,https://p16-she-va.ibyteimg.com/tos-alisg-i-f7lenjegsh-sg/e917eff67b3f4663a49b279afaa5289b~tplv-g9dfdl17fc-origin-image.image,2026/7/20,,高GPM,24,8,In Affiliate,https://shop.tiktok.com/view/product/1732477720989503831?region=US&locale=en,14.7,"Khaki,Light blue,Black,Dark gray,Burgundy","5XL,4XL,1XL,3XL,2XL"
近45天新品,GB,1729870065271413477,S260710020814,Afant,标码女装,女士套装及西服,4.9,https://p16-she-va.ibyteimg.com/tos-alisg-i-f7lenjegsh-sg/e8696be3a2fd493fa6cd93c826117fa1~tplv-g9dfdl17fc-origin-image.image,2026/7/12,,,159,4,In Affiliate,https://shop.tiktok.com/view/product/1729870065271413477?region=GB&locale=en,26.4,"Coffee brown,Pink","S,L,M,XL"
近45天新品,US,1732495389941666700,S260716024631,MilaT,标码女装,女士下装,4,https://p16-she-va.ibyteimg.com/tos-alisg-i-f7lenjegsh-sg/d33afc637e7d47f1b7822b3e5c3ec3f3~tplv-g9dfdl17fc-origin-image.image,2026/7/16,,,15849,9,In Affiliate,https://shop.tiktok.com/view/product/1732495389941666700?region=US&locale=en,20.6,"Purple,White,Light card color,Dark blue","M,S,L,XL"
近45天新品,US,1732491874709246872,S260714039748,Vogue Knit,标码女装,女士针织衫,3.3,https://p16-she-va.ibyteimg.com/tos-alisg-i-f7lenjegsh-sg/4c830623fe1642788d5922221be001f1~tplv-g9dfdl17fc-origin-image.image,2026/7/24,内容场占比低,高GPM,462,10,Not in Affiliate,https://shop.tiktok.com/view/product/1732491874709246872?region=US&locale=en,26.8,"Pink,Red,Yellow,Lime yellow,Green","M,S,L,XL,XXL"
近45天新品,US,1732470481332245378,S260702011697,Mh Fashion Lab,标码女装,女士套装及西服,4.5,https://p16-she-va.ibyteimg.com/tos-alisg-i-f7lenjegsh-sg/907a38163b9b493483295acc47c4be25~tplv-g9dfdl17fc-origin-image.image,2026/7/3,,,879,11,In Affiliate,https://shop.tiktok.com/view/product/1732470481332245378?region=US&locale=en,26.9,"Green,Baby pink,Daffodil yellow,Flame red,Yellow,Turquoise blue,Light wash,Heather violet,Beige,Burgundy","M,S,L,XL,XXL"
近45天新品,US,1732489143964045464,S260713034562,Oohneed,标码女装,女士套装及西服,4.1,https://p16-she-va.ibyteimg.com/tos-alisg-i-f7lenjegsh-sg/0f20d44239a545a099566ffc209955a4~tplv-g9dfdl17fc-origin-image.image,2026/7/15,,高GPM,168,12,In Affiliate,https://shop.tiktok.com/view/product/1732489143964045464?region=US&locale=en,21.8,"Purple,Navy blue,Brown","M,S,XS,L"
近45天新品,US,1732476987810288382,S260706034952,Beyond Nova,标码女装,女士下装,4.3,https://p16-she-va.ibyteimg.com/tos-alisg-i-f7lenjegsh-sg/7507c3af25db467f803cbf45d2195e6a~tplv-g9dfdl17fc-origin-image.image,2026/7/10,,,3377759,13,In Affiliate,https://shop.tiktok.com/view/product/1732476987810288382?region=US&locale=en,35.1,"Multicolor7,Multicolor6,Multicolor9,Multicolor12,Multicolor,Colorful 13,Panther print,Multicolor1,Multicolor8,Colorful 19,Multicolor11,Multicolor5,Multicolor2,Multicolor3,Colorful 20,Multicolor10,Multicolor4","M,S,XL,L"
近45天新品,GB,1729879475328948664,S260723024187,ZY PLUS JEANS,大码女装,牛仔,3.4,https://p16-she-va.ibyteimg.com/tos-alisg-i-f7lenjegsh-sg/a1ef9e85435c406783d316fd0b60ecc3~tplv-g9dfdl17fc-origin-image.image,2026/7/28,,,69,5,In Affiliate,https://shop.tiktok.com/view/product/1729879475328948664?region=GB&locale=en,28.1,"Blue,Dark wash,Jet black","1XL,4XL,2XL,3XL,0XL"
近45天新品,US,1732489153087967422,S260713034559,Wake Seasons,标码女装,女士套装及西服,4.1,https://p16-she-va.ibyteimg.com/tos-alisg-i-f7lenjegsh-sg/a2e2999fe4db4eb2a804e5db2b2bf0cd~tplv-g9dfdl17fc-origin-image.image,2026/7/13,内容场占比低,,177757,14,In Affiliate,https://shop.tiktok.com/view/product/1732489153087967422?region=US&locale=en,26,"Multicolor5,Multicolor11,Multicolor2,Multicolor3,Multicolor6,Multicolor,Multicolor4","M,S,L,XL"
近45天新品,US,1732480303915242189,S260707017547,Pink Dawn,标码女装,女士下装,4,https://p16-she-va.ibyteimg.com/tos-alisg-i-f7lenjegsh-sg/84dd10181cb04b31aa564aec71b6bf5c~tplv-g9dfdl17fc-origin-image.image,2026/7/8,内容场占比低,,391097,15,In Affiliate,https://shop.tiktok.com/view/product/1732480303915242189?region=US&locale=en,25.6,"Multicolor11,Multicolor5,Multicolor2,Multicolor7,Multicolor6,Multicolor3,Multicolor9,Multicolor,Multicolor10,Multicolor1,Multicolor4,Multicolor8","M,S,L,XL"
近45天新品,US,1732472598240268878,S260703022027,ChicVibe Fashion,标码女装,女士套装及西服,4.5,https://p16-she-va.ibyteimg.com/tos-alisg-i-f7lenjegsh-sg/ffcee51159d54bac881d9ff9e3ad625a~tplv-g9dfdl17fc-origin-image.image,2026/7/11,,,165,16,In Affiliate,https://shop.tiktok.com/view/product/1732472598240268878?region=US&locale=en,19.5,"Leopard print,Zebra pattern,Brown","M,S,XL,XS,L"
近45天新品,US,1732474027305702066,S260704010580,Budhaul,标码女装,女士套装及西服,4.3,https://p16-she-va.ibyteimg.com/tos-alisg-i-f7lenjegsh-sg/f9928a98e26f4a45b9bfd8676b2f44e6~tplv-g9dfdl17fc-origin-image.image,2026/7/7,,,359,17,In Affiliate,https://shop.tiktok.com/view/product/1732474027305702066?region=US&locale=en,19.6,"Yellow,Black,Blue","M,S,XL,L,XS"
近45天新品,US,1732492247180349479,S260713014821,Finjani-Fashion,大码女装,女士连衣裙,3.2,https://p16-she-va.ibyteimg.com/tos-alisg-i-f7lenjegsh-sg/b5dc1102a3c64054bd046436435a2c44~tplv-g9dfdl17fc-origin-image.image,2026/7/25,,,167,18,Not in Affiliate,https://shop.tiktok.com/view/product/1732492247180349479?region=US&locale=en,23.1,"Blue,Pink,Green","4XL,1XL,0XL,3XL,2XL"
近45天新品,US,1732492634234131224,S260714006412,Lucina.,标码女装,女士套装及西服,Null,https://p16-she-va.ibyteimg.com/tos-alisg-i-f7lenjegsh-sg/f4bfcaabdbfb4415995ea7c6f40d5085~tplv-g9dfdl17fc-origin-image.image,2026/7/15,内容场占比低,,14854,19,Not in Affiliate,https://shop.tiktok.com/view/product/1732492634234131224?region=US&locale=en,12.2,"Pink stripes,Light wash,Brown","M,S,XL,XS,L"
近45天新品,GB,1729864260634712954,S260630021955,Yinos Fashion1,标码女装,女士套装及西服,4.7,https://p16-she-va.ibyteimg.com/tos-alisg-i-f7lenjegsh-sg/2506e5423d71483fa59e772e39b2b388~tplv-g9dfdl17fc-origin-image.image,2026/7/5,,,2038,6,In Affiliate,https://shop.tiktok.com/view/product/1729864260634712954?region=GB&locale=en,13.9,"Brown,Navy blue,Blue,Pink and brown stripes","S,L,XL,M,XS"
近45天新品,US,1732502418826236395,S260720024520,Finjani Plus,大码女装,女士针织衫,4.3,https://p16-she-va.ibyteimg.com/tos-alisg-i-f7lenjegsh-sg/1731285aaa2b42d3b27871c9e98df7df~tplv-g9dfdl17fc-origin-image.image,2026/7/20,,高GPM,352,20,In Affiliate,https://shop.tiktok.com/view/product/1732502418826236395?region=US&locale=en,25.4,"Purple,Pink,Orange,Blue","5XL,4XL,6XL,1XL,0XL,3XL,2XL"
近45天新品,US,1732508324871180327,S260723013605,Finjani-Fashion,大码女装,女士连衣裙,3.2,https://p16-she-va.ibyteimg.com/tos-alisg-i-f7lenjegsh-sg/8c0b04995ba6432587eef37a6aa829be~tplv-g9dfdl17fc-origin-image.image,2026/7/30,,高GPM,44,21,,https://shop.tiktok.com/view/product/1732508324871180327?region=US&locale=en,16.8,Blue,"4XL,1XL,0XL,3XL,2XL"
近45天新品,US,1732458993311060311,S260625021925,FOXCLAW Curve,大码女装,女士上装,4,https://p16-she-va.ibyteimg.com/tos-alisg-i-f7lenjegsh-sg/69339360022f4479a845fc2d2e5d9fd2~tplv-g9dfdl17fc-origin-image.image,2026/7/13,内容场占比低,高GPM,530,22,In Affiliate,https://shop.tiktok.com/view/product/1732458993311060311?region=US&locale=en,15,"Mint green,Light blue,Mauve purple","5XL,4XL,1XL,3XL,2XL"
近45天新品,US,1732476997787554580,S260706037346,Beta International,标码女装,女士下装,4,https://p16-she-va.ibyteimg.com/tos-alisg-i-f7lenjegsh-sg/c837a9bb3d6540e8bafb705038f87c33~tplv-g9dfdl17fc-origin-image.image,2026/7/6,内容场占比低,,4977744,23,In Affiliate,https://shop.tiktok.com/view/product/1732476997787554580?region=US&locale=en,34,"Color 14,Multicolor7,Multicolor6,Multicolor9,Color 16,Multicolor12,Multicolor,Colorful 13,Multicolor1,Multicolor8,Multicolor5,Multicolor11,Multicolor2,Multicolor3,Colorful 15,Multicolor10,Multicolor4","M,S,XL,L"
近45天新品,US,1732466511209206336,S260630021902,JYLINN Cruve,大码女装,连体衣,3.5,https://p16-she-va.ibyteimg.com/tos-alisg-i-f7lenjegsh-sg/a21c3558195044b3ab680902cd2d15c2~tplv-g9dfdl17fc-origin-image.image,2026/7/4,,高GPM,42,24,In Affiliate,https://shop.tiktok.com/view/product/1732466511209206336?region=US&locale=en,30.2,"Khaki,Army green,Black,Brown","4XL,1XL,0XL,3XL,2XL"
近45天新品,US,1732478278788092840,S260707010579,Chic Weaves,标码女装,女士针织衫,4.4,https://p16-she-va.ibyteimg.com/tos-alisg-i-f7lenjegsh-sg/0c78a6451cdf45599bb917345bf27db2~tplv-g9dfdl17fc-origin-image.image,2026/7/10,,高GPM,36,25,In Affiliate,https://shop.tiktok.com/view/product/1732478278788092840?region=US&locale=en,35.7,Apricot,"M,S,L,XL,XXL"
近45天新品,US,1732482226545791319,S260708021395,FOXCLAW Curve,大码女装,女士下装,4,https://p16-she-va.ibyteimg.com/tos-alisg-i-f7lenjegsh-sg/abb060f9464c494bb0893a24b12bbdbc~tplv-g9dfdl17fc-origin-image.image,2026/7/20,,高GPM,117,26,In Affiliate,https://shop.tiktok.com/view/product/1732482226545791319?region=US&locale=en,20.5,"Gray,Black,Dark wash","5XL,4XL,1XL,3XL,2XL"
近45天新品,US,1732506764095099345,S260722039435,Bargain Stylish,标码女装,女士针织衫,Null,https://p16-she-va.ibyteimg.com/tos-alisg-i-f7lenjegsh-sg/d5741d3b0f424a06ace8f0bfd0748ef7~tplv-g9dfdl17fc-origin-image.image,2026/7/22,内容场占比低,高GPM,5826,27,In Affiliate,https://shop.tiktok.com/view/product/1732506764095099345?region=US&locale=en,32,"Brown,Royal blue,Cream,Red,Orange,Lilac,Khaki gray,Gray,Black,Green,Purple,Pink,Sky blue,Burgundy","M,S,L,XS,XL"
近45天新品,US,1732493514467611457,S260715010769,Movve,标码女装,女士套装及西服,2.8,https://p16-she-va.ibyteimg.com/tos-alisg-i-f7lenjegsh-sg/4040f8b4cbaf4c618ca4556230740307~tplv-g9dfdl17fc-origin-image.image,2026/7/15,内容场占比低,,35012,28,Not in Affiliate,https://shop.tiktok.com/view/product/1732493514467611457?region=US&locale=en,18.1,"Multicolor5,Multicolor2,Multicolor7,Multicolor3,Multicolor6,Multi-color,Multicolor8,Multicolor4","M,S,L,XL,XXL"
近45天新品,US,1732517919403250600,S260727022544,Chic Weaves,标码女装,女士针织衫,4.4,https://p16-she-va.ibyteimg.com/tos-alisg-i-f7lenjegsh-sg/043151fe0a4848d6859e6ee36092b25f~tplv-g9dfdl17fc-origin-image.image,2026/7/28,内容场占比低,,5122,29,In Affiliate,https://shop.tiktok.com/view/product/1732517919403250600?region=US&locale=en,23.1,"Apricot - Multicolor 5,Denim blue - multicolor 8,Grass green - multicolor 9,Multicolor3,Orange - Multicolor 1,Purple - Multicolor 6,White - Multicolor 2,Pink - Multicolor 4,Cranberry Red - Multicolor 10,Lake Blue - Multicolor 7","M,S,XL,L,XXL"
近45天新品,US,1732478557559427537,S260707029475,PGR ONE,标码女装,女士套装及西服,3.9,https://p16-she-va.ibyteimg.com/tos-alisg-i-f7lenjegsh-sg/77927e4bf1f94f27b43ad8cbb7491ca5~tplv-g9dfdl17fc-origin-image.image,2026/7/7,内容场占比低,,3777,30,In Affiliate,https://shop.tiktok.com/view/product/1732478557559427537?region=US&locale=en,23,"Jet black,Royal blue,Multicolor2,Hot pink,Red,Clay brown,Navy blue,Gray,Black,Cloud white,Multicolor4,Golden","M,S,XL,L"
近45天新品,US,1732497345680478939,S260717011080,Zenith Style.,标码女装,女士套装及西服,2.4,https://p16-she-va.ibyteimg.com/tos-alisg-i-f7lenjegsh-sg/7eb64ddc243440218f3ffccb89600763~tplv-g9dfdl17fc-origin-image.image,2026/7/26,,高GPM,189,31,Not in Affiliate,https://shop.tiktok.com/view/product/1732497345680478939?region=US&locale=en,23.4,"Jet black,Khaki,Army green,Gray","M,S,XL,XS,L"
近45天新品,US,1732508486378361695,S260723021102,Chic Curves,大码女装,女士下装,4.4,https://p16-she-va.ibyteimg.com/tos-alisg-i-f7lenjegsh-sg/800e628eba174622ab7ffb8e08fb77d6~tplv-g9dfdl17fc-origin-image.image,2026/7/28,,高GPM,401,32,In Affiliate,https://shop.tiktok.com/view/product/1732508486378361695?region=US&locale=en,23.2,"Brown,Black,Deep blue,Apricot,Burgundy","4XL,1XL,0XL,3XL,2XL"
近45天新品,US,1732480269862867435,S260708018594,Finjani Plus,大码女装,女士套装及西服,4.3,https://p16-she-va.ibyteimg.com/tos-alisg-i-f7lenjegsh-sg/e5b409df47744ed8ae2cd71d5956208b~tplv-g9dfdl17fc-origin-image.image,2026/7/8,,,81,33,In Affiliate,https://shop.tiktok.com/view/product/1732480269862867435?region=US&locale=en,27.4,Black,"4XL,1XL,0XL,3XL,2XL"
近45天新品,US,1732472537355031464,S260703016498,Chic Weaves,标码女装,女士针织衫,4.4,https://p16-she-va.ibyteimg.com/tos-alisg-i-f7lenjegsh-sg/67a3454d5a704aca83b7c1d023cfbcb0~tplv-g9dfdl17fc-origin-image.image,2026/7/6,,高GPM,182,34,In Affiliate,https://shop.tiktok.com/view/product/1732472537355031464?region=US&locale=en,34.4,"Medium wash,Lemon yellow,Green","M,S,XL,L,XXL"
近45天新品,US,1732517033595211815,S260724011664,Finjani BoldCurve,大码女装,女士连衣裙,3.3,https://p16-she-va.ibyteimg.com/tos-alisg-i-f7lenjegsh-sg/7aae7852d448451c800e34d57746cc9c~tplv-g9dfdl17fc-origin-image.image,2026/7/30,,,81,35,,https://shop.tiktok.com/view/product/1732517033595211815?region=US&locale=en,17.5,"Black,Burgundy","4XL,1XL,0XL,3XL,2XL"
近45天新品,ES,1729866108779206961,S260703028933,Avant Garde Codes,标码女装,女士套装及西服,Null,https://p16-she-va.ibyteimg.com/tos-alisg-i-f7lenjegsh-sg/1e00566d93cb4fccbe156a3853fa9326~tplv-g9dfdl17fc-origin-image.image,2026/7/8,,,1751,1,In Affiliate,https://shop.tiktok.com/view/product/1729866108779206961?region=DE&locale=en,29.6,"Apricot,Bright orange,Pale green,Black,Blue,White,Mulberry,Pink","XXL,L,M,S,XL"
近45天新品,US,1732475794574839998,S260702020223,Wake Seasons,标码女装,女士下装,4.1,https://p16-she-va.ibyteimg.com/tos-alisg-i-f7lenjegsh-sg/81ec0caec95340979cc13825090464b7~tplv-g9dfdl17fc-origin-image.image,2026/7/6,内容场占比低,,248850,36,In Affiliate,https://shop.tiktok.com/view/product/1732475794574839998?region=US&locale=en,24.6,"Colorful 19,Multicolor5,Multicolor7,Multicolor3,Multicolor6,Multicolor1,Multicolor4,Multicolor8","M,S,L,XL"
近45天新品,US,1732470420196725489,S260702011134,MO Threads,大码女装,女士上装,3.9,https://p16-she-va.ibyteimg.com/tos-alisg-i-f7lenjegsh-sg/05a79d7676e1463eaaf415e3092e7d5e~tplv-g9dfdl17fc-origin-image.image,2026/7/7,,高GPM,3482,37,In Affiliate,https://shop.tiktok.com/view/product/1732470420196725489?region=US&locale=en,13.7,"Royal blue,Khaki,Red,Black,Sky blue,Pale green,Burgundy","5XL,4XL,1XL,3XL,2XL"
近45天新品,GB,1729865158969695106,S260702011697,Mh Fashion Lab,标码女装,女士套装及西服,Null,https://p16-she-va.ibyteimg.com/tos-alisg-i-f7lenjegsh-sg/907a38163b9b493483295acc47c4be25~tplv-g9dfdl17fc-origin-image.image,2026/7/3,,,879,7,In Affiliate,https://shop.tiktok.com/view/product/1729865158969695106?region=GB&locale=en,21.2,"Baby pink,Turquoise blue,Light wash,Burgundy,Daffodil yellow,Heather violet,Yellow,Beige,Green,Flame red","L,M,XL,XXL,S"
近45天新品,US,1732495260616986663,S260716016367,Finjani BoldCurve,大码女装,女士下装,3.3,https://p16-she-va.ibyteimg.com/tos-alisg-i-f7lenjegsh-sg/16154c29e7a740cab5bcd869d530e6bd~tplv-g9dfdl17fc-origin-image.image,2026/7/24,,高GPM,169,38,In Affiliate,https://shop.tiktok.com/view/product/1732495260616986663?region=US&locale=en,27.5,"Army green,Black,Brown","4XL,1XL,0XL,3XL,2XL"
近45天新品,US,1732503940988309516,S260721031522,Chic Budget Luxe,标码女装,女士套装及西服,4.2,https://p16-she-va.ibyteimg.com/tos-alisg-i-f7lenjegsh-sg/b2344a34567f4530bb559429549e6a2c~tplv-g9dfdl17fc-origin-image.image,2026/7/21,,高GPM,986,39,Not in Affiliate,https://shop.tiktok.com/view/product/1732503940988309516?region=US&locale=en,25.7,"Coffee brown,Baby pink,Mint green,Khaki,Black,Sky blue","M,S,XL,L,XXL"
近45天新品,GB,1729864651256404276,S260701029862,EIPC SHINE WOMEN'S JEANS,标码女装,女士下装,4.4,https://p16-she-va.ibyteimg.com/tos-alisg-i-f7lenjegsh-sg/9ca5f15539a94414bcbf41d1ef33388b~tplv-g9dfdl17fc-origin-image.image,2026/7/3,,,497,8,In Affiliate,https://shop.tiktok.com/view/product/1729864651256404276?region=GB&locale=en,25.2,Light blue,"S,L,XL,M,XXL"
近45天新品,US,1732467276918199162,S260630021955,Yinos Fashion1,标码女装,女士套装及西服,4.2,https://p16-she-va.ibyteimg.com/tos-alisg-i-f7lenjegsh-sg/2506e5423d71483fa59e772e39b2b388~tplv-g9dfdl17fc-origin-image.image,2026/7/5,内容场占比低,,2038,40,In Affiliate,https://shop.tiktok.com/view/product/1732467276918199162?region=US&locale=en,13.9,"Brown,Pink and brown stripes,Navy blue,Blue","M,S,XL,L,XS"
近45天新品,US,1732485535799939468,S260711008037,Jane Mano,标码女装,女士套装及西服,3.9,https://p16-she-va.ibyteimg.com/tos-alisg-i-f7lenjegsh-sg/9ef29a5da9c143ccabe95a36d00c20a5~tplv-g9dfdl17fc-origin-image.image,2026/7/26,,,224,41,In Affiliate,https://shop.tiktok.com/view/product/1732485535799939468?region=US&locale=en,20.4,"Pink,Bright yellow","M,S,L,XL,XS"
近45天新品,US,1732502460690371349,S260720026412,Lllumi,大码女装,女士连衣裙,3.9,https://p16-she-va.ibyteimg.com/tos-alisg-i-f7lenjegsh-sg/89a11ee7075448ca91bcf275bd712103~tplv-g9dfdl17fc-origin-image.image,2026/7/20,内容场占比低,,896,42,Not in Affiliate,https://shop.tiktok.com/view/product/1732502460690371349?region=US&locale=en,16.2,"Jet black,Ochre brown,Clay brown,Rose gold,Flame red,Yellow,Black,Sky blue,Dark Blue,Golden",one-size
近45天新品,GB,1729862733603904448,S260625033314,Cute Pants,标码女装,女士下装,4,https://p16-she-va.ibyteimg.com/tos-alisg-i-f7lenjegsh-sg/ac9d5ee61ae047508092d6bd8db7a3a4~tplv-g9dfdl17fc-origin-image.image,2026/7/11,,,237,9,In Affiliate,https://shop.tiktok.com/view/product/1729862733603904448?region=GB&locale=en,10.8,"Tie knot,Black bow 2,Flower petal knot,Polka dot bow,Black bow,White bow,Bow detail","XL,M,XXL,S,L"
近45天新品,US,1732476447912923479,S260706011629,FOXCLAW Curve,大码女装,女士套装及西服,4,https://p16-she-va.ibyteimg.com/tos-alisg-i-f7lenjegsh-sg/d3a3252a265a4ce68668ce05b8f55b0f~tplv-g9dfdl17fc-origin-image.image,2026/7/22,,高GPM,96,43,In Affiliate,https://shop.tiktok.com/view/product/1732476447912923479?region=US&locale=en,27.1,"Khaki,Light wash,Blue","5XL,4XL,1XL,3XL,2XL"
近45天新品,US,1732480477943993092,S260708023088,SML Sweaters,标码女装,女士针织衫,3.9,https://p16-she-va.ibyteimg.com/tos-alisg-i-f7lenjegsh-sg/7adba6ecaaad44aa964a5776a15752f4~tplv-g9dfdl17fc-origin-image.image,2026/7/13,内容场占比低,,233,44,In Affiliate,https://shop.tiktok.com/view/product/1732480477943993092?region=US&locale=en,19.1,"Pink,Khaki,Cream,Black,Green","M,S,XL,L,XS"
近45天新品,US,1732441426546889579,S260613029691,WSFactoryStore,标码女装,女士套装及西服,4.3,https://p16-she-va.ibyteimg.com/tos-alisg-i-f7lenjegsh-sg/e127106c909f424f8b1a6aa05050362a~tplv-g9dfdl17fc-origin-image.image,2026/7/11,,高GPM,105,45,In Affiliate,https://shop.tiktok.com/view/product/1732441426546889579?region=US&locale=en,21,"Khaki,Red,Light blue,Black,Chartreuse","M,XXXL,S,L,XL,XXL"
近14天新品,GB,1729889196165471004,S260806020309,BloomSoft Boutique,标码女装,女士下装,4.4,https://p16-she-va.ibyteimg.com/tos-alisg-i-f7lenjegsh-sg/9d6b5b703c1047d3a16e2cc62b6657de~tplv-g9dfdl17fc-origin-image.image,2026/8/6,内容场占比低,,19961,1,,https://shop.tiktok.com/view/product/1729889196165471004?region=GB&locale=en,13.5,"Stripe,Pink,White,Black","M,L,S,XS,XL"
近14天新品,US,1732538681195925940,S260807000978,Celesmeety,标码女装,女士穆斯林服饰,Null,https://p16-she-va.ibyteimg.com/tos-alisg-i-f7lenjegsh-sg/7fdb598c78e0475aa1769c0c20155a9b~tplv-g9dfdl17fc-origin-image.image,2026/8/11,内容场占比低,高GPM,143,1,,https://shop.tiktok.com/view/product/1732538681195925940?region=US&locale=en,71.2,"Silver,Pink,Light blue,Black/Silver,Black Gold",one-size
近14天新品,US,1732495058161865548,S260715025840,NURIN Clothing,标码女装,女士套装及西服,4.5,https://p16-she-va.ibyteimg.com/tos-alisg-i-f7lenjegsh-sg/7b1104846a4741a4bcc639091dfd46b2~tplv-g9dfdl17fc-origin-image.image,2026/8/3,内容场占比低,,212,2,,https://shop.tiktok.com/view/product/1732495058161865548?region=US&locale=en,18.4,"Pink,Khaki,Gray,Black,Brown","M,S,L,XL,XXL"
近14天新品,FR,1729882279861262747,S260728008758,Elan Vogue Boutique,标码女装,女士套装及西服,3.3,https://p16-she-va.ibyteimg.com/tos-alisg-i-f7lenjegsh-sg/7c14be29dc81483cac3ce37d45e97af0~tplv-g9dfdl17fc-origin-image.image,2026/8/8,,,997,1,,https://shop.tiktok.com/view/product/1729882279861262747?region=DE&locale=en,37.8,Multi-color,"XL,M,L,XXL,S"
近14天新品,US,1732529697788498670,S260803007802,Zisman,标码女装,女士套装及西服,2.3,https://p16-she-va.ibyteimg.com/tos-alisg-i-f7lenjegsh-sg/9983a44e3eb74977b371234568f2c527~tplv-g9dfdl17fc-origin-image.image,2026/8/3,内容场占比低,,575,3,,https://shop.tiktok.com/view/product/1732529697788498670?region=US&locale=en,13.7,"Blue,Yellow,Green","M,S,L,XL"
近14天新品,US,1732529138739417741,S260730023931,Gold Full,标码女装,女士下装,2.7,https://p16-she-va.ibyteimg.com/tos-alisg-i-f7lenjegsh-sg/3b5270a0fd07425eade748545ba5d126~tplv-g9dfdl17fc-origin-image.image,2026/8/3,内容场占比低,高GPM,1772,4,,https://shop.tiktok.com/view/product/1732529138739417741?region=US&locale=en,15,"Brown,Khaki,Hot pink,Light green,Army green,White,Black,Sky blue,Dark Blue,Multicolor1,Apricot,Blue","M,S,L,XL,XS"
近14天新品,US,1732533191524520155,S260804014953,Nusia Lydia,标码女装,女士套装及西服,3.4,https://p16-she-va.ibyteimg.com/tos-alisg-i-f7lenjegsh-sg/863ac2dcb64b4eb6ab81a2eb689ccb47~tplv-g9dfdl17fc-origin-image.image,2026/8/7,内容场占比低,高GPM,97,5,,https://shop.tiktok.com/view/product/1732533191524520155?region=US&locale=en,16.2,"Jet black,Khaki,Army green","M,S,XL,XS,L"
近14天新品,US,1732537371345195804,S260806020309,BloomSoft Boutique,标码女装,女士下装,Null,https://p16-she-va.ibyteimg.com/tos-alisg-i-f7lenjegsh-sg/9d6b5b703c1047d3a16e2cc62b6657de~tplv-g9dfdl17fc-origin-image.image,2026/8/6,内容场占比低,高GPM,19961,6,,https://shop.tiktok.com/view/product/1732537371345195804?region=US&locale=en,16.1,"Pink,Stripe,White,Black","M,S,XS,L,XL"
近14天新品,GB,1729883284759025759,S260729024252,Muslim Cloaks,标码女装,女士穆斯林服饰,4.6,https://p16-she-va.ibyteimg.com/tos-alisg-i-f7lenjegsh-sg/b19f634dbc994d218c588c7611384ba3~tplv-g9dfdl17fc-origin-image.image,2026/8/6,,,33,2,,https://shop.tiktok.com/view/product/1729883284759025759?region=GB&locale=en,36.2,"Mint green,Black","XL,L,M,XXL"
近14天新品,US,1732521724388610121,S260729028816,Easy Buy Relax,大码女装,女士上装,4.8,https://p16-she-va.ibyteimg.com/tos-alisg-i-f7lenjegsh-sg/0848673f5c2a417e8c730f23c6956edc~tplv-g9dfdl17fc-origin-image.image,2026/8/5,内容场占比低,,81,7,,https://shop.tiktok.com/view/product/1732521724388610121?region=US&locale=en,16.2,Dark brown,"4XL,1XL,0XL,3XL,2XL"
近14天新品,GB,1729884490191247398,S260731021304,XGGJ Women's Clothing,标码女装,女士套装及西服,4.5,https://p16-she-va.ibyteimg.com/tos-alisg-i-f7lenjegsh-sg/ada3718ffc184e869894f20f4d50e769~tplv-g9dfdl17fc-origin-image.image,2026/8/3,内容场占比低,,159,3,,https://shop.tiktok.com/view/product/1729884490191247398?region=GB&locale=en,21.5,"Apricot,Black,Burgundy,Navy blue","M,S,XL,XXL,L"
近14天新品,US,1732528964968026502,S260801001495,I wanted you,标码女装,女士下装,2.1,https://p16-she-va.ibyteimg.com/tos-alisg-i-f7lenjegsh-sg/2cea712700aa4bbfb23c2bcf171d3653~tplv-g9dfdl17fc-origin-image.image,2026/8/3,内容场占比低,高GPM,1778,8,,https://shop.tiktok.com/view/product/1732528964968026502?region=US&locale=en,14.6,"Blue,Khaki,Hot pink,Light green,Army green,White,Black,Sky blue,Multicolor1,Dark Blue,Apricot,Brown","M,S,XL,XS,L"
近14天新品,US,1732503843662369111,S260721026538,FOXCLAW Curve,大码女装,女士下装,4,https://p16-she-va.ibyteimg.com/tos-alisg-i-f7lenjegsh-sg/3dddbc8854d041fd96d23c73ac22a698~tplv-g9dfdl17fc-origin-image.image,2026/8/3,内容场占比低,高GPM,51,9,,https://shop.tiktok.com/view/product/1732503843662369111?region=US&locale=en,14.9,Multi-color,"5XL,4XL,1XL,3XL,2XL"
近14天新品,US,1732539199275438241,S260806029254,Muse Plus,大码女装,女士套装及西服,3.4,https://p16-she-va.ibyteimg.com/tos-alisg-i-f7lenjegsh-sg/fbc14fd32ede4f819819a5d78ec87f3f~tplv-g9dfdl17fc-origin-image.image,2026/8/6,内容场占比低,,1994,10,,https://shop.tiktok.com/view/product/1732539199275438241?region=US&locale=en,33.7,"Brown,Burgundy,Purple,Pink,Khaki,Red,Army green,Navy blue,Deep pink,Gray,Black,Blue","4XL,1XL,0XL,3XL,2XL"
近14天新品,GB,1729877905544485841,S260721025878,Jessy Up,标码女装,女士套装及西服,3.7,https://p16-she-va.ibyteimg.com/tos-alisg-i-f7lenjegsh-sg/acabbefd9fb4461f8b5a04d4a37d9812~tplv-g9dfdl17fc-origin-image.image,2026/8/6,内容场占比低,,21,4,,https://shop.tiktok.com/view/product/1729877905544485841?region=GB&locale=en,15.3,Dark brown,"XL,L,M,S"
近14天新品,US,1732533033311638082,S260803031412,Mia Dress,标码女装,女士下装,3.7,https://p16-she-va.ibyteimg.com/tos-alisg-i-f7lenjegsh-sg/ca081d33b6d84e53a8bf8633f8f8508c~tplv-g9dfdl17fc-origin-image.image,2026/8/4,内容场占比低,高GPM,71,11,,https://shop.tiktok.com/view/product/1732533033311638082?region=US&locale=en,14.5,Multicolor,"M,S,L,XL"
近14天新品,US,1732539555432993601,S260807003035,Movve,标码女装,女士套装及西服,2.8,https://p16-she-va.ibyteimg.com/tos-alisg-i-f7lenjegsh-sg/06ce1b08882546dba0f87cd80aafc655~tplv-g9dfdl17fc-origin-image.image,2026/8/7,内容场占比低,,39995,12,,https://shop.tiktok.com/view/product/1732539555432993601?region=US&locale=en,17.5,"Multicolor5,Multicolor2,Multicolor7,Multicolor3,Multicolor6,Multi-color,Multicolor4,Multicolor8","M,S,L,XL,XXL"
近14天新品,US,1732533333940080743,S260803027797,SSEW Plus Size,大码女装,牛仔,4.4,https://p16-she-va.ibyteimg.com/tos-alisg-i-f7lenjegsh-sg/53e7322f906b436483fb638c72b58df1~tplv-g9dfdl17fc-origin-image.image,2026/8/5,内容场占比低,高GPM,38,13,,https://shop.tiktok.com/view/product/1732533333940080743?region=US&locale=en,23.4,"Royal blue,Dark Gray,Blue","4XL,1XL,0XL,3XL,2XL"
近14天新品,GB,1729891344058652989,S260809015651,LumosModesty,标码女装,女士穆斯林服饰,4.4,https://p16-she-va.ibyteimg.com/tos-alisg-i-f7lenjegsh-sg/c4d7722bcbdb448ca6bbd183df402fbf~tplv-g9dfdl17fc-origin-image.image,2026/8/11,,,103,5,,https://shop.tiktok.com/view/product/1729891344058652989?region=GB&locale=en,23.1,"Dark brown,Pale green,Dark beige,Light wash","M,L"
近14天新品,GB,1729883602225698965,S260730010219,Sanuuchic,标码女装,女士套装及西服,4.7,https://p16-she-va.ibyteimg.com/tos-alisg-i-f7lenjegsh-sg/e95fb8cbd1e8465199e5058be1b21374~tplv-g9dfdl17fc-origin-image.image,2026/8/5,内容场占比低,,675,6,,https://shop.tiktok.com/view/product/1729883602225698965?region=GB&locale=en,15.8,"Black,Burgundy,Gray,Beige,Brown","S,XL,L,XXL,M"
近14天新品,US,1732516180013912927,S260727028123,Chic Curves,大码女装,女士下装,4.4,https://p16-she-va.ibyteimg.com/tos-alisg-i-f7lenjegsh-sg/288251eff8914de1a28b763c6235e1d1~tplv-g9dfdl17fc-origin-image.image,2026/8/3,内容场占比低,,75,14,,https://shop.tiktok.com/view/product/1732516180013912927?region=US&locale=en,21.5,"Mustard Yellow,Black,Brown","4XL,1XL,0XL,3XL,2XL"
近14天新品,US,1732535006588474014,S260805025089,Chic Night Luxe,标码女装,女士下装,4.4,https://p16-she-va.ibyteimg.com/tos-alisg-i-f7lenjegsh-sg/62168c1a399e44d495a4f67c128cbe2f~tplv-g9dfdl17fc-origin-image.image,2026/8/5,内容场占比低,,241290,15,,https://shop.tiktok.com/view/product/1732535006588474014?region=US&locale=en,16.8,"Orange red,Royal blue,Matcha color,Light green,Gray,Military green,Black,Green,Hot pink,Coffee color,Lemon yellow,light yellow,White,Sky blue,Burgundy","M,XXXL,S,XXXXL,L,XL,XXL"
近14天新品,GB,1729890936522053828,S260808017415,Irene Dress,标码女装,女士套装及西服,4.6,https://p16-she-va.ibyteimg.com/tos-alisg-i-f7lenjegsh-sg/fb8bc14a00a04e0fb16e9ca4ba8c4e77~tplv-g9dfdl17fc-origin-image.image,2026/8/8,内容场占比低,,187,7,,https://shop.tiktok.com/view/product/1729890936522053828?region=GB&locale=en,17.4,Black,"L,S,XL,M"
近14天新品,US,1732520674226245826,S260729020593,Xbbyy,大码女装,女士上装,3.9,https://p16-she-va.ibyteimg.com/tos-alisg-i-f7lenjegsh-sg/0b36d2dd0e8e440bb7faec777f0d6e22~tplv-g9dfdl17fc-origin-image.image,2026/8/4,内容场占比低,高GPM,97,16,,https://shop.tiktok.com/view/product/1732520674226245826?region=US&locale=en,22.1,"Bright orange,Light wash","5XL,4XL,1XL,3XL,2XL"
近14天新品,US,1732529268726010770,S260730009466,DailySlack,标码女装,女士下装,Null,https://p16-she-va.ibyteimg.com/tos-alisg-i-f7lenjegsh-sg/86844f94ec514e4ebf6ca91f5ca9b67c~tplv-g9dfdl17fc-origin-image.image,2026/8/7,内容场占比低,高GPM,20,17,,https://shop.tiktok.com/view/product/1732529268726010770?region=US&locale=en,14.1,Black,"M,S,XL,L,XXL"
近14天新品,US,1732525155496202815,S260731015457,DomieStudio,标码女装,女士下装,Null,https://p16-she-va.ibyteimg.com/tos-alisg-i-f7lenjegsh-sg/253d1c852a734d92a71fb7f4957e7aa0~tplv-g9dfdl17fc-origin-image.image,2026/8/3,内容场占比低,,208,18,,https://shop.tiktok.com/view/product/1732525155496202815?region=US&locale=en,14.1,"Pink,Army green,Black,Fawn brown,Deep blue,Apricot,Burgundy","M,S,L,XS,XL"
近14天新品,US,1732531687148261896,S260716010366,Swanky Party,标码女装,女士特殊服饰,Null,https://p16-she-va.ibyteimg.com/tos-alisg-i-f7lenjegsh-sg/f629d4dc34db4967a4d56872597e3025~tplv-g9dfdl17fc-origin-image.image,2026/8/4,内容场占比低,,140,19,,https://shop.tiktok.com/view/product/1732531687148261896?region=US&locale=en,31.6,"Golden,Silver,Hot pink,Red,Black,Green","M,S,XL,XS,L"
近14天新品,US,1732504994250330553,S260722000153,Nancy Form,大码女装,女士连衣裙,4.4,https://p16-she-va.ibyteimg.com/tos-alisg-i-f7lenjegsh-sg/6eeb3d43a8c54b25b3086f38fe0770a6~tplv-g9dfdl17fc-origin-image.image,2026/8/3,内容场占比低,,25,20,,https://shop.tiktok.com/view/product/1732504994250330553?region=US&locale=en,13.5,"Black,Dark green","4XL,1XL,0XL,3XL,2XL"
近14天新品,US,1732537213433647129,S260806015273,NS Dress,大码女装,女士连衣裙,3.7,https://p16-she-va.ibyteimg.com/tos-alisg-i-f7lenjegsh-sg/8a09a4c9ac164b019e92552af8159b3c~tplv-g9dfdl17fc-origin-image.image,2026/8/6,,高GPM,96,21,,https://shop.tiktok.com/view/product/1732537213433647129?region=US&locale=en,37.6,"Red,Yellow,Blue","1XL,0XL,3XL,2XL"
近14天新品,US,1732530835846763071,S260731029575,DomieStudio,标码女装,女士套装及西服,Null,https://p16-she-va.ibyteimg.com/tos-alisg-i-f7lenjegsh-sg/6b1e2089dde74f48bfb999a380d17961~tplv-g9dfdl17fc-origin-image.image,2026/8/7,内容场占比低,,71,22,,https://shop.tiktok.com/view/product/1732530835846763071?region=US&locale=en,15.2,"Khaki,Army green,Black","M,S,XL,XS,L"
近14天新品,GB,1729885899830040972,S260803018493,Hafizah,标码女装,女士穆斯林服饰,3.9,https://p16-she-va.ibyteimg.com/tos-alisg-i-f7lenjegsh-sg/0d988fa39415448c9e3558321396f8b3~tplv-g9dfdl17fc-origin-image.image,2026/8/6,内容场占比低,,19,8,,https://shop.tiktok.com/view/product/1729885899830040972?region=GB&locale=en,29.8,Yellow,"M,L,XXL,S,XL"
近14天新品,US,1732528440660366324,S260802013268,Lumeire Apparel,标码女装,女士下装,2.1,https://p16-she-va.ibyteimg.com/tos-alisg-i-f7lenjegsh-sg/f09791323f2d45edbdb6756a7ff3b92f~tplv-g9dfdl17fc-origin-image.image,2026/8/6,内容场占比低,高GPM,76,23,,https://shop.tiktok.com/view/product/1732528440660366324?region=US&locale=en,14.7,"Khaki,Gray,Military green,Black,Deep blue,Beige","M,S,L"
近14天新品,GB,1729885918909209413,S260803018229,ZANZEA CHOICE,标码女装,女士套装及西服,4,https://p16-she-va.ibyteimg.com/tos-alisg-i-f7lenjegsh-sg/22e9fe9f6eda45dc9f14a0e15e297103~tplv-g9dfdl17fc-origin-image.image,2026/8/8,内容场占比低,高GPM,51,9,,https://shop.tiktok.com/view/product/1729885918909209413?region=GB&locale=en,20.8,"Black,Bean paste pink,Blue","S,XL,XXL,L,M"
近14天新品,US,1732526637723849661,S260801011387,Chic Shorties,大码女装,女士下装,Null,https://p16-she-va.ibyteimg.com/tos-alisg-i-f7lenjegsh-sg/6610150e85e243a9a0812c2a34266eab~tplv-g9dfdl17fc-origin-image.image,2026/8/5,内容场占比低,高GPM,11,24,,https://shop.tiktok.com/view/product/1732526637723849661?region=US&locale=en,13.9,"Pink,Black,Apricot","5XL,4XL,1XL,3XL,2XL"
近14天新品,US,1732521719088845589,S260729032859,AOMR,标码女装,女士套装及西服,4.4,https://p16-she-va.ibyteimg.com/tos-alisg-i-f7lenjegsh-sg/72a2566180bc4874a9ee47e90424330f~tplv-g9dfdl17fc-origin-image.image,2026/8/4,内容场占比低,,13,25,,https://shop.tiktok.com/view/product/1732521719088845589?region=US&locale=en,11.1,"Army green,Light wash","M,S,L"
近14天新品,US,1732522916019081650,S260730029202,Salsa Show,标码女装,女士套装及西服,4.1,https://p16-she-va.ibyteimg.com/tos-alisg-i-f7lenjegsh-sg/756fee960aa045cbaa95865a9129dfec~tplv-g9dfdl17fc-origin-image.image,2026/8/8,内容场占比低,,38,26,,https://shop.tiktok.com/view/product/1732522916019081650?region=US&locale=en,12.7,Yellow,"M,S,L,XL"
近14天新品,US,1732530245555884064,S260731023727,PlumDoll,标码女装,女士下装,Null,https://p16-she-va.ibyteimg.com/tos-alisg-i-f7lenjegsh-sg/f35ce6f5763f46c3993e32439d5aa7fa~tplv-g9dfdl17fc-origin-image.image,2026/8/3,内容场占比低,,491,27,,https://shop.tiktok.com/view/product/1732530245555884064?region=US&locale=en,13.1,Coral pink,"M,S,L,XL,XS"
近14天新品,GB,1729877000646728529,S260720012845,ruisusu Marketplace,大码女装,女士穆斯林服饰,4.3,https://p16-she-va.ibyteimg.com/tos-alisg-i-f7lenjegsh-sg/5ad13beb849e4dfd8c1f332a169c7469~tplv-g9dfdl17fc-origin-image.image,2026/8/5,内容场占比低,,32,10,,https://shop.tiktok.com/view/product/1729877000646728529?region=GB&locale=en,19.4,"Apricot,Sky blue,Dark green,Dark gray,Baby pink,Black,Coffee brown,White,Khaki,Dark Blue,Army green",one-size
近14天新品,MX,1736987764141557336,S260811024453,Festival Costume,标码女装,女士特殊服饰,Null,https://p16-she-va.ibyteimg.com/tos-alisg-i-f7lenjegsh-sg/0d78aefbceb4452b88224f559c5e5c8a~tplv-g9dfdl17fc-origin-image.image,2026/8/12,内容场占比低,高GPM,100,1,,https://shop.tiktok.com/view/product/1736987764141557336?region=MX&locale=en,34.1,White,one-size
近14天新品,US,1732531537025536396,S260804001044,Hafizah modest,标码女装,女士穆斯林服饰,Null,https://p16-she-va.ibyteimg.com/tos-alisg-i-f7lenjegsh-sg/79c03e1429b7461c81b45827e5b6315a~tplv-g9dfdl17fc-origin-image.image,2026/8/6,内容场占比低,高GPM,32,28,,https://shop.tiktok.com/view/product/1732531537025536396?region=US&locale=en,18.8,"White,Black","M,S,L,XL,XXL"
近14天新品,US,1732511859668063057,S260724022967,ruisusu Marketplace,标码女装,女士穆斯林服饰,1.6,https://p16-she-va.ibyteimg.com/tos-alisg-i-f7lenjegsh-sg/b01ea93a75ec46f8b25b3249032cb7f4~tplv-g9dfdl17fc-origin-image.image,2026/8/5,内容场占比低,高GPM,112,29,,https://shop.tiktok.com/view/product/1732511859668063057?region=US&locale=en,18.3,"Coffee brown,Baby pink,Pink,Khaki,Army green,Rust orange,Black,Dark gray,Sky blue,Dark green,Dark Blue,Mauve purple,Burgundy","L,XL,XXL"
近14天新品,US,1732533056377164172,S260804029288,Hafizah modest,标码女装,女士穆斯林服饰,Null,https://p16-she-va.ibyteimg.com/tos-alisg-i-f7lenjegsh-sg/aeea7314c1904d0589cefbfa7fdf38d2~tplv-g9dfdl17fc-origin-image.image,2026/8/7,内容场占比低,,49,30,,https://shop.tiktok.com/view/product/1732533056377164172?region=US&locale=en,13.2,"Brown,Print,Blue","M,S,XL,L,XXL"
近14天新品,GB,1729881553188526379,S260726001495,SEETYE,标码女装,女士套装及西服,4,https://p16-she-va.ibyteimg.com/tos-alisg-i-f7lenjegsh-sg/1308ad37c7244826a229499ad50bc48a~tplv-g9dfdl17fc-origin-image.image,2026/8/5,内容场占比低,高GPM,6745,11,,https://shop.tiktok.com/view/product/1729881553188526379?region=GB&locale=en,17.5,"Dark wash,Khaki,Green,Yellow,Burgundy,Sky blue,Black","S,XL,M,L,XXL"
近14天新品,US,1732532179099095436,S260804009110,Hafizah modest,标码女装,女士穆斯林服饰,Null,https://p16-she-va.ibyteimg.com/tos-alisg-i-f7lenjegsh-sg/ca410018b65d48a282ad0c32a3d95e3d~tplv-g9dfdl17fc-origin-image.image,2026/8/7,内容场占比低,,16,31,,https://shop.tiktok.com/view/product/1732532179099095436?region=US&locale=en,19.6,Blue,"M,S,L,XL,XXL"
近14天新品,US,1732535208459407382,S260805034586,TChic L,标码女装,女士套装及西服,2.8,https://p16-she-va.ibyteimg.com/tos-alisg-i-f7lenjegsh-sg/dbf8c3407ba8430dbdc1c8f97ee82d41~tplv-g9dfdl17fc-origin-image.image,2026/8/5,内容场占比低,,400,32,,https://shop.tiktok.com/view/product/1732535208459407382?region=US&locale=en,12.5,"Stripes 3,Stripes 2,Stripe","M,S,L,XL"
近14天新品,US,1732514734772687272,S260726012651,YMW,标码女装,女士套装及西服,4.1,https://p16-she-va.ibyteimg.com/tos-alisg-i-f7lenjegsh-sg/46940ecd2fbd4161abd16486278a743f~tplv-g9dfdl17fc-origin-image.image,2026/8/6,内容场占比低,,98,33,,https://shop.tiktok.com/view/product/1732514734772687272?region=US&locale=en,19.4,"Red,Black,Green","M,S,XL,L,XXL"
近14天新品,US,1732520835186856460,S260729032215,NiceForWhat,标码女装,女士套装及西服,4.5,https://p16-she-va.ibyteimg.com/tos-alisg-i-f7lenjegsh-sg/22afbc2e56ad41f5a5759724f05baaf1~tplv-g9dfdl17fc-origin-image.image,2026/8/3,内容场占比低,,8,34,,https://shop.tiktok.com/view/product/1732520835186856460?region=US&locale=en,18.3,Multi-color,"M,S,L"
近14天新品,US,1732531499774546716,S260801019330,BloomSoft Boutique,标码女装,女士下装,Null,https://p16-she-va.ibyteimg.com/tos-alisg-i-f7lenjegsh-sg/4f46da8ee9074f5dbf6cc078155d921c~tplv-g9dfdl17fc-origin-image.image,2026/8/4,内容场占比低,高GPM,4998,35,,https://shop.tiktok.com/view/product/1732531499774546716?region=US&locale=en,18.1,Multi-color,"M,S,XL,L,XXL"
近14天新品,GB,1729876699317508795,S260719000261,Linenvera fashion,标码女装,女士套装及西服,Null,https://p16-she-va.ibyteimg.com/tos-alisg-i-f7lenjegsh-sg/1e3c3057e87840ecad534097cd9f7d26~tplv-g9dfdl17fc-origin-image.image,2026/8/5,内容场占比低,,24,12,,https://shop.tiktok.com/view/product/1729876699317508795?region=GB&locale=en,18.1,"Dark wash,Coffee brown","M,XL,S,L"
近14天新品,US,1732513875804131763,S260726007369,XHJEANS,大码女装,牛仔,Null,https://p16-she-va.ibyteimg.com/tos-alisg-i-f7lenjegsh-sg/de0a08e8082e4c0c9479e10365cb3c88~tplv-g9dfdl17fc-origin-image.image,2026/8/4,,高GPM,29,36,,https://shop.tiktok.com/view/product/1732513875804131763?region=US&locale=en,20.5,Royal blue,"4XL,1XL,0XL,3XL,2XL"
近14天新品,GB,1729886731843967885,S260804020079,Chic Trendy Boutique,标码女装,女士套装及西服,Null,https://p16-she-va.ibyteimg.com/tos-alisg-i-f7lenjegsh-sg/23bdd7c0c3dd45388920f664cbfcf1dd~tplv-g9dfdl17fc-origin-image.image,2026/8/4,内容场占比低,,7496,13,,https://shop.tiktok.com/view/product/1729886731843967885?region=GB&locale=en,20.5,"Dark wash,Black,Silver,Red,Green,White","L,XXL,S,XL,M"
近14天新品,US,1732518697205535296,S260728034890,JYLINN Cruve,大码女装,女士下装,3.5,https://p16-she-va.ibyteimg.com/tos-alisg-i-f7lenjegsh-sg/41d84ecabeaa4f008cf476daba3224ed~tplv-g9dfdl17fc-origin-image.image,2026/8/4,内容场占比低,,5,37,,https://shop.tiktok.com/view/product/1732518697205535296?region=US&locale=en,10.2,Black,"4XL,1XL,0XL,3XL,2XL"
近14天新品,US,1732533152539382680,S260804038691,Vogue Knit,标码女装,女士针织衫,3.3,https://p16-she-va.ibyteimg.com/tos-alisg-i-f7lenjegsh-sg/58575087e24c439ea400d3abe59f4aea~tplv-g9dfdl17fc-origin-image.image,2026/8/10,内容场占比低,高GPM,200,38,,https://shop.tiktok.com/view/product/1732533152539382680?region=US&locale=en,17.1,"Medium wash,Black,Fawn brown","M,S,XL,L,XXL"
近14天新品,GB,1729886106283449193,S260803026231,Hijab Haven,标码女装,女士穆斯林服饰,2.9,https://p16-she-va.ibyteimg.com/tos-alisg-i-f7lenjegsh-sg/45fd5f87f9b3455ab8759a330735183c~tplv-g9dfdl17fc-origin-image.image,2026/8/3,内容场占比低,,172,14,,https://shop.tiktok.com/view/product/1729886106283449193?region=GB&locale=en,10.7,"01#Black,02# White,04 #navy blue,06# Coffee,05# Beige,03#Khaki",one-size
近14天新品,US,1732529044855427087,S260731021494,CNUSCB44ELYU,标码女装,女士下装,4.3,https://p16-she-va.ibyteimg.com/tos-alisg-i-f7lenjegsh-sg/44dd6e37c20a490681318f8dfa87da59~tplv-g9dfdl17fc-origin-image.image,2026/8/3,内容场占比低,高GPM,1800,39,,https://shop.tiktok.com/view/product/1732529044855427087?region=US&locale=en,19.6,Black,"M,S,XS,L,XXL,XL"
近14天新品,GB,1729886776963012769,S260804034385,Muse Plus,大码女装,女士上装,4.6,https://p16-she-va.ibyteimg.com/tos-alisg-i-f7lenjegsh-sg/84a1fd447c3d4624a7c39dd9b5fa2578~tplv-g9dfdl17fc-origin-image.image,2026/8/4,内容场占比低,,1132,15,,https://shop.tiktok.com/view/product/1729886776963012769?region=GB&locale=en,23.4,"Navy blue,Khaki","4XL,2XL,1XL,3XL,0XL"
近14天新品,GB,1729879560580537157,S260723032323,ZANZEA CHOICE,标码女装,女士套装及西服,4,https://p16-she-va.ibyteimg.com/tos-alisg-i-f7lenjegsh-sg/e36ef390e1504da4ac6217446dec1752~tplv-g9dfdl17fc-origin-image.image,2026/8/4,内容场占比低,,55,16,,https://shop.tiktok.com/view/product/1729879560580537157?region=GB&locale=en,19.5,"Dark wash,Brown,Green","L,XL,S,XXL,M"
近14天新品,GB,1729880734836038407,S260725008634,Yunting Clothing Store,大码女装,女士上装,Null,https://p16-she-va.ibyteimg.com/tos-alisg-i-f7lenjegsh-sg/4fcaddc35c46430a855c1da74788291a~tplv-g9dfdl17fc-origin-image.image,2026/8/3,内容场占比低,,24,17,,https://shop.tiktok.com/view/product/1729880734836038407?region=GB&locale=en,23,"Pink,White","L,XL,XXL,M,S"
近14天新品,MX,1736900208781591713,S260805037750,Muse Plus,大码女装,女士下装,4.7,https://p16-she-va.ibyteimg.com/tos-alisg-i-f7lenjegsh-sg/aae258ccfaaa4b66a147c2c834085457~tplv-g9dfdl17fc-origin-image.image,2026/8/5,内容场占比低,,1914,2,,https://shop.tiktok.com/view/product/1736900208781591713?region=MX&locale=en,11.4,"Pine green,Black,Red,Navy blue,Brown","2XL,4XL,0XL,1XL,3XL"
近14天新品,MX,1736737306256901422,S260726013101,RaverageCloset,标码女装,女士套装及西服,Null,https://p16-she-va.ibyteimg.com/tos-alisg-i-f7lenjegsh-sg/dccfcac222d348188957e0dcaee0e794~tplv-g9dfdl17fc-origin-image.image,2026/8/5,内容场占比低,,72,3,,https://shop.tiktok.com/view/product/1736737306256901422?region=MX&locale=en,9.4,"Red stripes,White stripes,Blue stripes,Black stripes","L,S,XS,XL,M"
近14天新品,US,1732518291782865619,S260728017457,One Line Store,标码女装,女士穆斯林服饰,Null,https://p16-she-va.ibyteimg.com/tos-alisg-i-f7lenjegsh-sg/ae64e0e00aab49e1bf9d8d84dc9385c2~tplv-g9dfdl17fc-origin-image.image,2026/8/5,内容场占比低,,13,40,,https://shop.tiktok.com/view/product/1732518291782865619?region=US&locale=en,16,Brown,"M,S,XL,L"
近14天新品,US,1732503727669416907,S260721016813,Garment Haven,标码女装,女士套装及西服,4.4,https://p16-she-va.ibyteimg.com/tos-alisg-i-f7lenjegsh-sg/b0f0036fdc074b60a3736bea2eaf9c60~tplv-g9dfdl17fc-origin-image.image,2026/8/4,内容场占比低,,12,41,,https://shop.tiktok.com/view/product/1732503727669416907?region=US&locale=en,11.2,Red,"M,S,XL,L,XXL"
近14天新品,US,1732532703748788748,S260804025341,Seraphina Threads,标码女装,女士套装及西服,Null,https://p16-she-va.ibyteimg.com/tos-alisg-i-f7lenjegsh-sg/f493394d6135445594b996c035d21fca~tplv-g9dfdl17fc-origin-image.image,2026/8/4,内容场占比低,,4993,42,,https://shop.tiktok.com/view/product/1732532703748788748?region=US&locale=en,11.1,Multiple colors,"M,S,XL,L,XXL"
近14天新品,US,1732549184930747329,S260811033963,Modest plus clothing,标码女装,女士穆斯林服饰,2.6,https://p16-she-va.ibyteimg.com/tos-alisg-i-f7lenjegsh-sg/cfe260b9ea7e481c92917d830a1d6386~tplv-g9dfdl17fc-origin-image.image,2026/8/11,内容场占比低,高GPM,2001,43,,https://shop.tiktok.com/view/product/1732549184930747329?region=US&locale=en,45.8,"Pink,Orange,lotus purple,Beige,Light wash,Pale green,Mauve purple","M,S,XL,L"
近14天新品,US,1729516600885024087,S260720003716,FOXCLAW Curve,大码女装,女士下装,4,https://p16-she-va.ibyteimg.com/tos-alisg-i-f7lenjegsh-sg/cd76214b1fb0428e99071de999f55f09~tplv-g9dfdl17fc-origin-image.image,2026/8/5,内容场占比低,高GPM,18,44,,https://shop.tiktok.com/view/product/1729516600885024087?region=US&locale=en,12.2,Gray,"5XL,4XL,1XL,3XL,2XL"
近14天新品,US,1732554211382366699,S260812022395,Finjani Plus,大码女装,女士连衣裙,4.3,https://p16-she-va.ibyteimg.com/tos-alisg-i-f7lenjegsh-sg/76041055b2714dc4a8493de96e9988c2~tplv-g9dfdl17fc-origin-image.image,2026/8/13,内容场占比低,高GPM,90,45,,https://shop.tiktok.com/view/product/1732554211382366699?region=US&locale=en,27.5,"Red,Navy blue,Black","4XL,1XL,0XL,3XL,2XL"
近14天新品,US,1732508915491181407,S260723034625,Chic Curves,大码女装,女士下装,4.4,https://p16-she-va.ibyteimg.com/tos-alisg-i-f7lenjegsh-sg/6ba5e6770b7f410bb594e9549fd0a72f~tplv-g9dfdl17fc-origin-image.image,2026/8/5,内容场占比低,,64,46,,https://shop.tiktok.com/view/product/1732508915491181407?region=US&locale=en,18.3,brownish green,"4XL,1XL,0XL,3XL,2XL"
近14天新品,US,1732250537397555713,S260120086033,Mokgocci,大码女装,女士上装,Null,https://p16-she-va.ibyteimg.com/tos-alisg-i-f7lenjegsh-sg/4364382c5a494093a3939646e68c14bb~tplv-g9dfdl17fc-origin-image.image,2026/8/5,内容场占比低,高GPM,23997,47,,https://shop.tiktok.com/view/product/1732250537397555713?region=US&locale=en,36.4,"Pink,Khaki,Red,Black","5XL,4XL,1XL,0XL,3XL,2XL"
近14天新品,GB,1729883313271643080,S260729035665,Chic Kaizhen,标码女装,女士套装及西服,3.8,https://p16-she-va.ibyteimg.com/tos-alisg-i-f7lenjegsh-sg/5f3fb7bd6a6742d5a8d8109c1fe37967~tplv-g9dfdl17fc-origin-image.image,2026/8/3,内容场占比低,高GPM,89,18,,https://shop.tiktok.com/view/product/1729883313271643080?region=GB&locale=en,15.4,"Yellow,Gray","XXL,S,M,XL,L"
近14天新品,GB,1729885509678438892,S260511017148,ShuBE shop,大码女装,女士连衣裙,4.7,https://p16-she-va.ibyteimg.com/tos-alisg-i-f7lenjegsh-sg/46c444c0a4564ff39722b8f600d674dd~tplv-g9dfdl17fc-origin-image.image,2026/8/6,内容场占比低,高GPM,49949,19,,https://shop.tiktok.com/view/product/1729885509678438892?region=GB&locale=en,17.9,"Orange,Black,Yellow,Burgundy,Blue,Light green,Lime yellow,Red,Purple,Pink","2XL,5XL,4XL,3XL,1XL"
近14天新品,GB,1729882794696612173,S260727029812,Follome,标码女装,女士套装及西服,4.5,https://p16-she-va.ibyteimg.com/tos-alisg-i-f7lenjegsh-sg/809f43e3fcaa4c5ca050eadd779957b0~tplv-g9dfdl17fc-origin-image.image,2026/8/4,,,22,20,,https://shop.tiktok.com/view/product/1729882794696612173?region=GB&locale=en,15.3,Beige,"XL,M,L,S"
近14天新品,MX,1736817035582539139,S260731027737,HOLOUN Cosplay,标码女装,女士特殊服饰,Null,https://p16-she-va.ibyteimg.com/tos-alisg-i-f7lenjegsh-sg/b844ae23fd6d4673ac5b6815b9632a46~tplv-g9dfdl17fc-origin-image.image,2026/8/10,内容场占比低,高GPM,19,4,,https://shop.tiktok.com/view/product/1736817035582539139?region=MX&locale=en,106.8,Multi-color,"Asian S,Asian M,Asian XXL,Asian XL,Asian L"
近14天新品,GB,1729873813529140044,S260715025840,NURIN Clothing,标码女装,女士套装及西服,4.1,https://p16-she-va.ibyteimg.com/tos-alisg-i-f7lenjegsh-sg/7b1104846a4741a4bcc639091dfd46b2~tplv-g9dfdl17fc-origin-image.image,2026/8/3,内容场占比低,,212,21,,https://shop.tiktok.com/view/product/1729873813529140044?region=GB&locale=en,21.3,"Gray,Khaki,Brown,Black,Pink","XXL,M,S,L,XL"
近14天新品,GB,1729887552570366920,S260805018010,Wenyu Modest Abaya,标码女装,女士穆斯林服饰,Null,https://p16-she-va.ibyteimg.com/tos-alisg-i-f7lenjegsh-sg/c3549b4126dc487084de7fbb58685e1d~tplv-g9dfdl17fc-origin-image.image,2026/8/5,内容场占比低,,94,22,,https://shop.tiktok.com/view/product/1729887552570366920?region=GB&locale=en,15.1,Apricot,"S,XL,L,M,XXL"
近14天新品,US,1732501591308537929,S260714036187,Dragons Kaoru,大码女装,女士套装及西服,3.7,https://p16-she-va.ibyteimg.com/tos-alisg-i-f7lenjegsh-sg/64bfa9cf731f4b1196edbf47a42a4e42~tplv-g9dfdl17fc-origin-image.image,2026/8/14,内容场占比低,高GPM,34,48,,https://shop.tiktok.com/view/product/1732501591308537929?region=US&locale=en,34.9,Coffee brown,"4XL,1XL,0XL,3XL,2XL"
近14天新品,US,1732532205889229015,S260803019520,YUNJINJ,大码女装,女士连衣裙,4.7,https://p16-she-va.ibyteimg.com/tos-alisg-i-f7lenjegsh-sg/1f142c276b644832beccf0a1db3ee562~tplv-g9dfdl17fc-origin-image.image,2026/8/4,内容场占比低,高GPM,57,49,,https://shop.tiktok.com/view/product/1732532205889229015?region=US&locale=en,13.1,Purple,"5XL,4XL,1XL,0XL,3XL,2XL"
近14天新品,GB,1729886840851962609,S260804037413,MO Threads,大码女装,女士套装及西服,4.4,https://p16-she-va.ibyteimg.com/tos-alisg-i-f7lenjegsh-sg/21376b1f45494af78291126ffb955354~tplv-g9dfdl17fc-origin-image.image,2026/8/7,内容场占比低,高GPM,1494,23,,https://shop.tiktok.com/view/product/1729886840851962609?region=GB&locale=en,20.6,"Lime red,Sky blue,Dark wash,Black,Khaki,Pale green","3XL,1XL,5XL,2XL,4XL"
近14天新品,US,1732528953385783924,S260801016689,Demi Wear,标码女装,女士下装,Null,https://p16-she-va.ibyteimg.com/tos-alisg-i-f7lenjegsh-sg/d9b782393cbe4157ac037fb9051d9705~tplv-g9dfdl17fc-origin-image.image,2026/8/4,,,141,50,,https://shop.tiktok.com/view/product/1732528953385783924?region=US&locale=en,17.1,"Navy blue,Flame red,Black,Dark brown,Apricot,Burgundy","M,S,XL,L,XS"
近14天新品,US,1732502167271936287,S260720012316,Chic Muslim Gowns,大码女装,女士穆斯林服饰,Null,https://p16-she-va.ibyteimg.com/tos-alisg-i-f7lenjegsh-sg/ea92bf4c6f0c4b52bfb477497ae49e16~tplv-g9dfdl17fc-origin-image.image,2026/8/5,内容场占比低,,27,51,,https://shop.tiktok.com/view/product/1732502167271936287?region=US&locale=en,8.4,"Coffee brown,Baby pink,Khaki,Army green,White,Dark gray,Sky blue,Dark green,Dark Blue,Apricot",one-size
近14天新品,US,1732544107755836374,S260807030831,SHUANGBO SHOP,标码女装,女士针织衫,Null,https://p16-she-va.ibyteimg.com/tos-alisg-i-f7lenjegsh-sg/160331faa75a4c048de9e5ad9d230159~tplv-g9dfdl17fc-origin-image.image,2026/8/9,内容场占比低,高GPM,880,52,,https://shop.tiktok.com/view/product/1732544107755836374?region=US&locale=en,12.5,"Red,Black","M,S,XL,XS,L"
近14天新品,US,1732532653076746847,S260804017814,Vanshee Show,标码女装,女士套装及西服,4.2,https://p16-she-va.ibyteimg.com/tos-alisg-i-f7lenjegsh-sg/30f88ca2a20e4aa49afbd0331c0abfa9~tplv-g9dfdl17fc-origin-image.image,2026/8/4,内容场占比低,,77,53,,https://shop.tiktok.com/view/product/1732532653076746847?region=US&locale=en,14.1,Silver,"M,S,XL,L"
近14天新品,US,1732526652024525591,S260801011112,Quick Fit Fashion,标码女装,女士下装,Null,https://p16-she-va.ibyteimg.com/tos-alisg-i-f7lenjegsh-sg/635cd0c462244fcb8d9e996117a52a0e~tplv-g9dfdl17fc-origin-image.image,2026/8/4,内容场占比低,,55,54,,https://shop.tiktok.com/view/product/1732526652024525591?region=US&locale=en,12.2,"Khaki,Olive green,White,Black","M,S,L"
近14天新品,US,1732540077345641409,S260807037491,Modest Abayas,标码女装,女士穆斯林服饰,4.6,https://p16-she-va.ibyteimg.com/tos-alisg-i-f7lenjegsh-sg/a902175bf3064b75a43cf21ddc9c3d3c~tplv-g9dfdl17fc-origin-image.image,2026/8/7,内容场占比低,高GPM,4498,55,,https://shop.tiktok.com/view/product/1732540077345641409?region=US&locale=en,19.5,"Taro color,Baby pink,Mint green,Black + Black Lace,White,Dark brown,Black + White Lace,Light wash,Burgundy","M,S,L,XL,XXL"
近14天新品,US,1732529347921744189,S260802010213,LumosModesty,标码女装,女士穆斯林服饰,4.8,https://p16-she-va.ibyteimg.com/tos-alisg-i-f7lenjegsh-sg/21161c959e6b4a718ab20ea2fc63f968~tplv-g9dfdl17fc-origin-image.image,2026/8/5,内容场占比低,,116,56,,https://shop.tiktok.com/view/product/1732529347921744189?region=US&locale=en,24.3,"Pink,Dark brown,Beige,Pale green,Burgundy","M,S,L"
近14天新品,US,1732509648167211095,S260723030810,Novelife,标码女装,女士套装及西服,4.6,https://p16-she-va.ibyteimg.com/tos-alisg-i-f7lenjegsh-sg/a63cb059c9e3454887529fd0a4abd818~tplv-g9dfdl17fc-origin-image.image,2026/8/5,内容场占比低,,27,57,,https://shop.tiktok.com/view/product/1732509648167211095?region=US&locale=en,11.9,Pink and black stripes,"M,S,XL,L"
近14天新品,GB,1729879851747940636,S260723027019,CHAN & DU Fashion,标码女装,女士针织衫,Null,https://p16-she-va.ibyteimg.com/tos-alisg-i-f7lenjegsh-sg/c3fbb766477e43a58d9af7ed996cac6b~tplv-g9dfdl17fc-origin-image.image,2026/8/6,,高GPM,15,24,,https://shop.tiktok.com/view/product/1729879851747940636?region=GB&locale=en,18.8,Burgundy,"L,XXL,S,XL,M"
近14天新品,GB,1729885559594195676,S260731029598,flux hoodies,标码女装,女士套装及西服,4.7,https://p16-she-va.ibyteimg.com/tos-alisg-i-f7lenjegsh-sg/a00298dea9374922adb6b81a2ab44bda~tplv-g9dfdl17fc-origin-image.image,2026/8/3,内容场占比低,,3197,25,,https://shop.tiktok.com/view/product/1729885559594195676?region=GB&locale=en,23.4,"White,Gray,Black,olive green","L,S,XL,M"
近14天新品,US,1732542824009011261,S260809000967,Modish Moo,大码女装,牛仔,3.4,https://p16-she-va.ibyteimg.com/tos-alisg-i-f7lenjegsh-sg/36db93bcec204ae79fdefa1500227906~tplv-g9dfdl17fc-origin-image.image,2026/8/9,内容场占比低,高GPM,50,58,,https://shop.tiktok.com/view/product/1732542824009011261?region=US&locale=en,15.5,Blue,"4XL,1XL,0XL,3XL,2XL"
近14天新品,GB,1729879459569703666,S260723021451,ZANZEAFASHION,标码女装,女士穆斯林服饰,4,https://p16-she-va.ibyteimg.com/tos-alisg-i-f7lenjegsh-sg/c198b726e0bb406e87ba7dba78eb9bf8~tplv-g9dfdl17fc-origin-image.image,2026/8/3,,,44,26,,https://shop.tiktok.com/view/product/1729879459569703666?region=GB&locale=en,18.6,"Curry,Pink,Royal blue","XXL,S,XL,M,L"
近14天新品,US,1732549251771634334,S260811035368,Chic Night Luxe,标码女装,女士下装,4.4,https://p16-she-va.ibyteimg.com/tos-alisg-i-f7lenjegsh-sg/4a4161264a674f0abdf6a665c0da7b5c~tplv-g9dfdl17fc-origin-image.image,2026/8/12,内容场占比低,高GPM,75000,59,,https://shop.tiktok.com/view/product/1732549251771634334?region=US&locale=en,20.6,"Khaki,White,Black","M,S,XL,L,XXL"
近14天新品,US,1732528928356143640,S260731016155,PlumBabe,标码女装,女士套装及西服,Null,https://p16-she-va.ibyteimg.com/tos-alisg-i-f7lenjegsh-sg/90c66cfa4248412296cc206e3591888f~tplv-g9dfdl17fc-origin-image.image,2026/8/3,内容场占比低,,4500,60,,https://shop.tiktok.com/view/product/1732528928356143640?region=US&locale=en,15.1,"Multicolor8,Multicolor5,Multicolor2,Multicolor7,Multicolor6,Multicolor3,Multicolor9,Multicolor4,Color 1","M,S,XL,L,XXL"
近14天新品,US,1732542020183887990,S260808028809,Floe.,标码女装,女士下装,Null,https://p16-she-va.ibyteimg.com/tos-alisg-i-f7lenjegsh-sg/a1207fd272a94b599fd31c6da3833ca5~tplv-g9dfdl17fc-origin-image.image,2026/8/8,内容场占比低,,12496,61,,https://shop.tiktok.com/view/product/1732542020183887990?region=US&locale=en,14.8,"Pink,White,Black,条纹,豹纹","M,S,XL,L,XS"
近14天新品,US,1732506906866651985,S260721011401,ruisusu Marketplace,标码女装,女士穆斯林服饰,1.6,https://p16-she-va.ibyteimg.com/tos-alisg-i-f7lenjegsh-sg/a970db468f774a7495a24b4e59444e8f~tplv-g9dfdl17fc-origin-image.image,2026/8/6,内容场占比低,高GPM,10,62,,https://shop.tiktok.com/view/product/1732506906866651985?region=US&locale=en,22.2,"Baby pink,Pink,Khaki,Dark green",one-size
近14天新品,US,1732529297152447255,S260801013944,Quick Fit Fashion,标码女装,女士下装,Null,https://p16-she-va.ibyteimg.com/tos-alisg-i-f7lenjegsh-sg/8031c903f1074209a9035538b320d5b2~tplv-g9dfdl17fc-origin-image.image,2026/8/6,内容场占比低,高GPM,708,63,,https://shop.tiktok.com/view/product/1732529297152447255?region=US&locale=en,8.7,"Khaki,Hot pink,White polka dots,Coffee color,Military green,White,Black,Deep blue,Apricot","M,S,L"
近14天新品,GB,1729881758369880411,S260727021837,CORRENA,标码女装,女士下装,Null,https://p16-she-va.ibyteimg.com/tos-alisg-i-f7lenjegsh-sg/a12287085bf2417ab50250c5757b7566~tplv-g9dfdl17fc-origin-image.image,2026/8/4,内容场占比低,高GPM,88,27,,https://shop.tiktok.com/view/product/1729881758369880411?region=GB&locale=en,10.7,"White,Khaki,Black","L,M,S,XXL,XL"
近14天新品,US,1732530039438807436,S260803011185,Hafizah,标码女装,女士穆斯林服饰,1.9,https://p16-she-va.ibyteimg.com/tos-alisg-i-f7lenjegsh-sg/79227562f47749e4a3a3b8e3b9fc546d~tplv-g9dfdl17fc-origin-image.image,2026/8/6,,,22,64,,https://shop.tiktok.com/view/product/1732530039438807436?region=US&locale=en,21.3,Black,"M,S,XL,L,XXL"
近14天新品,GB,1729877525992020311,S260720001411,FOXCLAW Curve,大码女装,女士连衣裙,4.3,https://p16-she-va.ibyteimg.com/tos-alisg-i-f7lenjegsh-sg/e25d271d76c045f0b961171570552a69~tplv-g9dfdl17fc-origin-image.image,2026/8/3,内容场占比低,,22,28,,https://shop.tiktok.com/view/product/1729877525992020311?region=GB&locale=en,17,Black,"3XL,2XL,5XL,4XL,1XL"
近14天新品,US,1732527564790403468,S260803021419,Hafizah Studio,标码女装,女士穆斯林服饰,3,https://p16-she-va.ibyteimg.com/tos-alisg-i-f7lenjegsh-sg/3db56c05a33a41669f7f1da0c29c440e~tplv-g9dfdl17fc-origin-image.image,2026/8/6,内容场占比低,高GPM,20,65,,https://shop.tiktok.com/view/product/1732527564790403468?region=US&locale=en,28.4,Yellow,"M,S,XL,L,XXL"
近14天新品,US,1732541096874119446,S260808006604,ZAJIA Velvet,标码女装,女士下装,Null,https://p16-she-va.ibyteimg.com/tos-alisg-i-f7lenjegsh-sg/a5281634e3084954bd16afea2844836b~tplv-g9dfdl17fc-origin-image.image,2026/8/8,内容场占比低,,144,66,,https://shop.tiktok.com/view/product/1732541096874119446?region=US&locale=en,21.2,"Orange,Red,Yellow,Blue","M,S,XL,L,XXL"
近14天新品,GB,1729886859529787735,S260804004869,FOXCLAW Curve,大码女装,女士上装,4.3,https://p16-she-va.ibyteimg.com/tos-alisg-i-f7lenjegsh-sg/68d81528045a410c9996cf13115e682e~tplv-g9dfdl17fc-origin-image.image,2026/8/6,内容场占比低,,36,29,,https://shop.tiktok.com/view/product/1729886859529787735?region=GB&locale=en,13.8,"Mint green,Black,Khaki","0XL,5XL,4XL,3XL,1XL,2XL"
近14天新品,GB,1729884606877964828,S260731032277,Xinliwang clothing,标码女装,女士套装及西服,4.6,https://p16-she-va.ibyteimg.com/tos-alisg-i-f7lenjegsh-sg/b8817a90dd254c8e9ae372ec7e7bd103~tplv-g9dfdl17fc-origin-image.image,2026/8/5,内容场占比低,,239,30,,https://shop.tiktok.com/view/product/1729884606877964828?region=GB&locale=en,16.4,"Dark brown,Light blue","S,M,L,XL"
近14天新品,US,1732511245407457501,S260724031611,ChuYuet,标码女装,女士套装及西服,Null,https://p16-she-va.ibyteimg.com/tos-alisg-i-f7lenjegsh-sg/8446486cfdfa457aad9e20203ed966f5~tplv-g9dfdl17fc-origin-image.image,2026/8/6,内容场占比低,,43,67,,https://shop.tiktok.com/view/product/1732511245407457501?region=US&locale=en,27.3,"Purple and white,Multi-color","M,S,L,XL"
近14天新品,GB,1729886715064785420,S260804025341,Seraphina Threads,标码女装,女士套装及西服,Null,https://p16-she-va.ibyteimg.com/tos-alisg-i-f7lenjegsh-sg/f493394d6135445594b996c035d21fca~tplv-g9dfdl17fc-origin-image.image,2026/8/4,内容场占比低,,4993,31,,https://shop.tiktok.com/view/product/1729886715064785420?region=GB&locale=en,13.6,Multiple colors,"XL,XXL,L,S,M"
近14天新品,US,1732531950618775948,S260804002160,Hafizah modest,标码女装,女士穆斯林服饰,Null,https://p16-she-va.ibyteimg.com/tos-alisg-i-f7lenjegsh-sg/bea2cbca7f0844ab9a821812a490bda5~tplv-g9dfdl17fc-origin-image.image,2026/8/7,内容场占比低,高GPM,20,68,,https://shop.tiktok.com/view/product/1732531950618775948?region=US&locale=en,20.3,Green,"M,S,L,XL,XXL"
近14天新品,US,1732532658376380585,S260804013004,ANMYR,大码女装,女士上装,4.1,https://p16-she-va.ibyteimg.com/tos-alisg-i-f7lenjegsh-sg/ec014d5c3d454c76af2096c60e387150~tplv-g9dfdl17fc-origin-image.image,2026/8/4,内容场占比低,,3593,69,,https://shop.tiktok.com/view/product/1732532658376380585?region=US&locale=en,8.9,"Yellow,Dark blue,Sky blue","5XL,4XL,6XL,1XL,3XL,2XL"
近14天新品,GB,1729890279400184244,S260807012953,Celesmeety,标码女装,女士穆斯林服饰,Null,https://p16-she-va.ibyteimg.com/tos-alisg-i-f7lenjegsh-sg/feb1b6b626d34f3da37b367ce4cc4539~tplv-g9dfdl17fc-origin-image.image,2026/8/11,内容场占比低,高GPM,10,32,,https://shop.tiktok.com/view/product/1729890279400184244?region=GB&locale=en,66.5,Wine red,"XL,M,L,S,XXL"
近14天新品,GB,1729885537172429711,S260801012375,OGLAVIA,标码女装,女士套装及西服,4.5,https://p16-she-va.ibyteimg.com/tos-alisg-i-f7lenjegsh-sg/166eae4c7aae4443a6a540b3acf0d9bb~tplv-g9dfdl17fc-origin-image.image,2026/8/3,内容场占比低,高GPM,621,33,,https://shop.tiktok.com/view/product/1729885537172429711?region=GB&locale=en,19.8,"Khaki,Gray,Black,Burgundy,Pink","XL,XXL,S,M,L"
近14天新品,US,1732529994329985185,S260731029536,Muse Plus,大码女装,女士针织衫,3.4,https://p16-she-va.ibyteimg.com/tos-alisg-i-f7lenjegsh-sg/a4da845595ec47b4ada42d82a8602d2b~tplv-g9dfdl17fc-origin-image.image,2026/8/3,内容场占比低,高GPM,210,70,,https://shop.tiktok.com/view/product/1732529994329985185?region=US&locale=en,25.9,"Coffee brown,Black","4XL,1XL,0XL,3XL,2XL"
近14天新品,US,1732528071747277736,S260802005816,Chic Weaves,标码女装,女士针织衫,4.4,https://p16-she-va.ibyteimg.com/tos-alisg-i-f7lenjegsh-sg/ce9b6d6023074ad4b680d2a6a7dd9c70~tplv-g9dfdl17fc-origin-image.image,2026/8/5,内容场占比低,,165,71,,https://shop.tiktok.com/view/product/1732528071747277736?region=US&locale=en,12.7,"Baby pink,Khaki,Army green,Yellow","M,S,XL,L,XXL"
近14天新品,US,1732535504508982168,S260805040915,Vogue Knit,标码女装,女士针织衫,3.3,https://p16-she-va.ibyteimg.com/tos-alisg-i-f7lenjegsh-sg/aa9a73e1f8714cacab62f68966361af3~tplv-g9dfdl17fc-origin-image.image,2026/8/11,内容场占比低,高GPM,69,72,,https://shop.tiktok.com/view/product/1732535504508982168?region=US&locale=en,21.1,Green,"M,S,L,XL,XXL"
近14天新品,US,1732436385394954339,S260610025915,FUNKINESS,标码女装,女士下装,2.5,https://p16-she-va.ibyteimg.com/tos-alisg-i-f7lenjegsh-sg/d61a55b4421646219fd030ccfc54871c~tplv-g9dfdl17fc-origin-image.image,2026/8/4,内容场占比低,,23,73,,https://shop.tiktok.com/view/product/1732436385394954339?region=US&locale=en,18.8,"Hot pink,Blue","M,S,L"
近14天新品,GB,1729882422527105420,S260728018528,Hafizah modest,标码女装,女士穆斯林服饰,Null,https://p16-she-va.ibyteimg.com/tos-alisg-i-f7lenjegsh-sg/4f5d8c2a74244c6abf8e9207f1212c76~tplv-g9dfdl17fc-origin-image.image,2026/8/6,内容场占比低,高GPM,1,34,,https://shop.tiktok.com/view/product/1729882422527105420?region=GB&locale=en,25,Black,one-size
近14天新品,GB,1729885323908127063,S260802006913,FOXCLAW Curve,大码女装,女士上装,4.3,https://p16-she-va.ibyteimg.com/tos-alisg-i-f7lenjegsh-sg/46209435ed974fd3957fec4c34177b37~tplv-g9dfdl17fc-origin-image.image,2026/8/6,内容场占比低,,17,35,,https://shop.tiktok.com/view/product/1729885323908127063?region=GB&locale=en,15,Coffee brown,"1XL,3XL,4XL,0XL,2XL"
近14天新品,GB,1729874441066813960,S260716010366,Swanky Party,标码女装,女士特殊服饰,Null,https://p16-she-va.ibyteimg.com/tos-alisg-i-f7lenjegsh-sg/f629d4dc34db4967a4d56872597e3025~tplv-g9dfdl17fc-origin-image.image,2026/8/4,内容场占比低,,140,36,,https://shop.tiktok.com/view/product/1729874441066813960?region=GB&locale=en,37.2,"Hot pink,Silver,Red,Golden,Black,Green","XS,S,L,XL,M"
近14天新品,US,1732530243994751500,S260731021622,NiceForWhat,标码女装,女士套装及西服,4.5,https://p16-she-va.ibyteimg.com/tos-alisg-i-f7lenjegsh-sg/a01bf37d8b55468ab69ef54082302729~tplv-g9dfdl17fc-origin-image.image,2026/8/5,内容场占比低,,30,74,,https://shop.tiktok.com/view/product/1732530243994751500?region=US&locale=en,12.4,"Army green,Light wash","M,S,L"
近14天新品,US,1732557393413837596,S260814010525,BloomSoft Boutique,标码女装,女士下装,Null,https://p16-she-va.ibyteimg.com/tos-alisg-i-f7lenjegsh-sg/6fceeee83c3f4d83a25275d3ddf081d1~tplv-g9dfdl17fc-origin-image.image,2026/8/14,内容场占比低,高GPM,20000,75,,https://shop.tiktok.com/view/product/1732557393413837596?region=US&locale=en,24.7,"Pink,Stripe,White,Black","M,S,L,XS,XL"
近14天新品,GB,1729887416249916029,S260805010096,Chic Save Boutique,标码女装,女士套装及西服,4.1,https://p16-she-va.ibyteimg.com/tos-alisg-i-f7lenjegsh-sg/7fbf33696d224b519ebc23a1e40d8113~tplv-g9dfdl17fc-origin-image.image,2026/8/5,内容场占比低,高GPM,237,37,,https://shop.tiktok.com/view/product/1729887416249916029?region=GB&locale=en,24.6,"Sky blue,Dark gray,Brown,Light gray","S,XL,M,L"
近14天新品,GB,1729886081882364392,S260803022616,Summer Blues,标码女装,女士套装及西服,4.5,https://p16-she-va.ibyteimg.com/tos-alisg-i-f7lenjegsh-sg/28bdea4d528d4b6e8b3491e5ef3c0049~tplv-g9dfdl17fc-origin-image.image,2026/8/3,内容场占比低,高GPM,148,38,,https://shop.tiktok.com/view/product/1729886081882364392?region=GB&locale=en,36.9,Brown,"M,L,XXL,XL,S"
近14天新品,US,1732532994015400689,S260804037413,MO Threads,大码女装,女士套装及西服,3.9,https://p16-she-va.ibyteimg.com/tos-alisg-i-f7lenjegsh-sg/21376b1f45494af78291126ffb955354~tplv-g9dfdl17fc-origin-image.image,2026/8/7,内容场占比低,高GPM,1494,76,,https://shop.tiktok.com/view/product/1732532994015400689?region=US&locale=en,24.3,"Khaki,Black,Sky blue,Pale green,Dark wash,Lime red","5XL,4XL,1XL,3XL,2XL"
近14天新品,US,1732538478007718870,S260806030832,SHUANGBO SHOP,标码女装,女士穆斯林服饰,Null,https://p16-she-va.ibyteimg.com/tos-alisg-i-f7lenjegsh-sg/1c248480d642436fb24f6bef6645ddc2~tplv-g9dfdl17fc-origin-image.image,2026/8/7,内容场占比低,高GPM,880,77,,https://shop.tiktok.com/view/product/1732538478007718870?region=US&locale=en,14.6,"Khaki,Green","M,S,XL,L,XS"
近14天新品,GB,1729886318786353548,S260804001044,Hafizah modest,标码女装,女士穆斯林服饰,Null,https://p16-she-va.ibyteimg.com/tos-alisg-i-f7lenjegsh-sg/79c03e1429b7461c81b45827e5b6315a~tplv-g9dfdl17fc-origin-image.image,2026/8/6,内容场占比低,,32,39,,https://shop.tiktok.com/view/product/1729886318786353548?region=GB&locale=en,24,"Black,White","XL,M,L,XXL,S"
近14天新品,US,1732526674693362488,S260801012452,CY Garment,大码女装,女士上装,4,https://p16-she-va.ibyteimg.com/tos-alisg-i-f7lenjegsh-sg/caf55f239e4043fc8665029fcadd72ed~tplv-g9dfdl17fc-origin-image.image,2026/8/4,内容场占比低,高GPM,94,78,,https://shop.tiktok.com/view/product/1732526674693362488?region=US&locale=en,14.4,"Mint green,Pink,White,Black,Burgundy","5XL,4XL,1XL,3XL,2XL"
近14天新品,US,1732512755161994135,S260725021768,Jinle Women's Clothi,标码女装,女士针织衫,4.4,https://p16-she-va.ibyteimg.com/tos-alisg-i-f7lenjegsh-sg/04855ad7ec4342eda6be1b22dc74b821~tplv-g9dfdl17fc-origin-image.image,2026/8/5,内容场占比低,高GPM,19,79,,https://shop.tiktok.com/view/product/1732512755161994135?region=US&locale=en,17.9,Rust orange,"M,S,XL,L"
近14天新品,GB,1729891340768484340,S260809004593,Lumeire Apparel,标码女装,女士下装,4.4,https://p16-she-va.ibyteimg.com/tos-alisg-i-f7lenjegsh-sg/bd4f79a1d4984277a565692facf0940d~tplv-g9dfdl17fc-origin-image.image,2026/8/12,内容场占比低,高GPM,57,40,,https://shop.tiktok.com/view/product/1729891340768484340?region=GB&locale=en,15.5,"White,Deep blue,Black,Coffee brown","M,L,S"
近14天新品,GB,1729877931284928845,S260721028246,Follome,标码女装,女士下装,4.5,https://p16-she-va.ibyteimg.com/tos-alisg-i-f7lenjegsh-sg/d576498adb464cb69362a100f356b46e~tplv-g9dfdl17fc-origin-image.image,2026/8/4,内容场占比低,,16,41,,https://shop.tiktok.com/view/product/1729877931284928845?region=GB&locale=en,9.9,Black,"M,L,S,XL"
近14天新品,GB,1729883525541239573,S260729032859,AOMR,标码女装,女士套装及西服,4.6,https://p16-she-va.ibyteimg.com/tos-alisg-i-f7lenjegsh-sg/72a2566180bc4874a9ee47e90424330f~tplv-g9dfdl17fc-origin-image.image,2026/8/4,内容场占比低,,13,42,,https://shop.tiktok.com/view/product/1729883525541239573?region=GB&locale=en,13.9,"Army green,Light wash","L,M,S"
近14天新品,GB,1729889217384978440,S260806023425,MuVibe,标码女装,女士套装及西服,Null,https://p16-she-va.ibyteimg.com/tos-alisg-i-f7lenjegsh-sg/2f5bfb09b35f491a9866f71b6f35557a~tplv-g9dfdl17fc-origin-image.image,2026/8/6,内容场占比低,高GPM,1997,43,,https://shop.tiktok.com/view/product/1729889217384978440?region=GB&locale=en,23.1,"White + Pink,White + Brown","XS,S,XL,L,M"
近14天新品,MX,1736883538525717723,S260804014953,Nusia Lydia,标码女装,女士套装及西服,4.5,https://p16-she-va.ibyteimg.com/tos-alisg-i-f7lenjegsh-sg/863ac2dcb64b4eb6ab81a2eb689ccb47~tplv-g9dfdl17fc-origin-image.image,2026/8/7,内容场占比低,,97,5,,https://shop.tiktok.com/view/product/1736883538525717723?region=MX&locale=en,17.2,"Khaki,Army green,Jet black","XL,M,L,XS,S"
近14天新品,US,1732535189092405722,S260805034464,Baillin Dress,标码女装,女士套装及西服,4.7,https://p16-she-va.ibyteimg.com/tos-alisg-i-f7lenjegsh-sg/6622c508cb8540249e17ff4724d0ba33~tplv-g9dfdl17fc-origin-image.image,2026/8/5,内容场占比低,高GPM,895,80,,https://shop.tiktok.com/view/product/1732535189092405722?region=US&locale=en,22.9,"Caramel-colored stripes,Rose strip,Black-and-gray stripes","M,S,L,XL"
近14天新品,US,1732515939398946995,S260727013872,ZOVINRIA,标码女装,女士针织衫,3.8,https://p16-she-va.ibyteimg.com/tos-alisg-i-f7lenjegsh-sg/8e0b8edc297345c5a419f5ba899ea83a~tplv-g9dfdl17fc-origin-image.image,2026/8/6,内容场占比低,高GPM,85,81,,https://shop.tiktok.com/view/product/1732515939398946995?region=US&locale=en,17.1,"Snow White,Mist Gray,Tea & Coffee,Black,Apricot,Spinks","M,S,L"
近14天新品,US,1732529132142891661,S260801001497,BOOM WOO,标码女装,女士下装,2.1,https://p16-she-va.ibyteimg.com/tos-alisg-i-f7lenjegsh-sg/15126bc6f01b493d88f32ba1e3be4d46~tplv-g9dfdl17fc-origin-image.image,2026/8/3,内容场占比低,高GPM,1799,82,,https://shop.tiktok.com/view/product/1732529132142891661?region=US&locale=en,13.6,"Blue,Khaki,Hot pink,Light green,Army green,White,Black,Sky blue,Multicolor1,Apricot,Dark Blue,Brown","M,S,XS,L,XL"
近14天新品,GB,1729886254965561622,S260803034314,ZAJIA Terra,标码女装,女士套装及西服,Null,https://p16-she-va.ibyteimg.com/tos-alisg-i-f7lenjegsh-sg/526af80d8c2a418c892a7773aca5d3aa~tplv-g9dfdl17fc-origin-image.image,2026/8/4,内容场占比低,高GPM,2500,44,,https://shop.tiktok.com/view/product/1729886254965561622?region=GB&locale=en,22.5,"Green base print,Earthy yellow,White,Pink,Deep blue,Yellow base print,Green,Brown base with print,Black,Khaki","L,XL,S,XXL,M"
近14天新品,US,1732533098372239789,S260803027595,ZZSC jeans,大码女装,牛仔,4.6,https://p16-she-va.ibyteimg.com/tos-alisg-i-f7lenjegsh-sg/b951173068ed42d28d42a95ee7f7627a~tplv-g9dfdl17fc-origin-image.image,2026/8/7,内容场占比低,高GPM,23,83,,https://shop.tiktok.com/view/product/1732533098372239789?region=US&locale=en,16.9,Blue,"4XL,1XL,0XL,3XL,2XL"
近14天新品,US,1732532364815274216,S260731016087,Chic Code NVFelix,标码女装,女士下装,4.7,https://p16-she-va.ibyteimg.com/tos-alisg-i-f7lenjegsh-sg/a64e3fba911c4af2adf09d0e0a5ae0dd~tplv-g9dfdl17fc-origin-image.image,2026/8/4,,,1098,84,,https://shop.tiktok.com/view/product/1732532364815274216?region=US&locale=en,22.5,"Khaki,Deep pink,White,Black,Dark wash","M,S,XL,L,XXL,XS"
近14天新品,GB,1729882781506509589,S260727031298,AOMR,标码女装,女士下装,4.6,https://p16-she-va.ibyteimg.com/tos-alisg-i-f7lenjegsh-sg/66728bcb26f3479f926b39e85093af1e~tplv-g9dfdl17fc-origin-image.image,2026/8/5,内容场占比低,,5,45,,https://shop.tiktok.com/view/product/1729882781506509589?region=GB&locale=en,13.5,Black,"M,S,L"
近14天新品,US,1732549284077212270,S260811035893,LINGliang Fashion,标码女装,女士针织衫,3.3,https://p16-she-va.ibyteimg.com/tos-alisg-i-f7lenjegsh-sg/e09294bccc0a4f6d9371c23f08e55c4a~tplv-g9dfdl17fc-origin-image.image,2026/8/11,内容场占比低,高GPM,10999,85,,https://shop.tiktok.com/view/product/1732549284077212270?region=US&locale=en,27.9,"Lavender,Royal blue,Mint green,Pink,Hot pink,Cream,Red,Silver gray,Black,Fawn brown,Sky blue",one-size
近14天新品,US,1732520837638164934,S260729032476,TY Trove,标码女装,女士套装及西服,4.1,https://p16-she-va.ibyteimg.com/tos-alisg-i-f7lenjegsh-sg/6529a66fd63a491487e9db80a9661fe9~tplv-g9dfdl17fc-origin-image.image,2026/8/9,内容场占比低,高GPM,129,86,,https://shop.tiktok.com/view/product/1732520837638164934?region=US&locale=en,22.3,"Navy blue,Gray,White,Black","M,S,XL,L,XXL"
近14天新品,GB,1729876013741152653,S260718008020,Rusttydustty Curve,大码女装,女士连衣裙,4.7,https://p16-she-va.ibyteimg.com/tos-alisg-i-f7lenjegsh-sg/2369d3502b38405c9cec708cf7af201d~tplv-g9dfdl17fc-origin-image.image,2026/8/7,内容场占比低,高GPM,57,46,,https://shop.tiktok.com/view/product/1729876013741152653?region=GB&locale=en,22.3,Daffodil yellow,"1XL,4XL,2XL,3XL,0XL"
近14天新品,US,1732530930193699212,S260803025501,Hafizah Muslim,标码女装,女士穆斯林服饰,4.3,https://p16-she-va.ibyteimg.com/tos-alisg-i-f7lenjegsh-sg/06b1e7c2b30e4709904d222423615c3a~tplv-g9dfdl17fc-origin-image.image,2026/8/6,内容场占比低,,20,87,,https://shop.tiktok.com/view/product/1732530930193699212?region=US&locale=en,22.3,Yellow,"M,S,XL,L,XXL"
近14天新品,US,1732519470462898965,S260727031298,AOMR,标码女装,女士下装,4.4,https://p16-she-va.ibyteimg.com/tos-alisg-i-f7lenjegsh-sg/66728bcb26f3479f926b39e85093af1e~tplv-g9dfdl17fc-origin-image.image,2026/8/5,内容场占比低,,5,88,,https://shop.tiktok.com/view/product/1732519470462898965?region=US&locale=en,13.2,Black,"M,S,L"
近14天新品,US,1732534328106127368,S260805002726,MuListen,标码女装,女士套装及西服,Null,https://p16-she-va.ibyteimg.com/tos-alisg-i-f7lenjegsh-sg/229d2d08af444a9094e58d005a567c5c~tplv-g9dfdl17fc-origin-image.image,2026/8/5,内容场占比低,,3198,89,,https://shop.tiktok.com/view/product/1732534328106127368?region=US&locale=en,22,"Black 3,Black,Black 4,Black 2","M,S,L,XL"
近14天新品,MX,1736931609569953009,S260807035322,Miss Zone,大码女装,女士套装及西服,4.7,https://p16-she-va.ibyteimg.com/tos-alisg-i-f7lenjegsh-sg/866750abd2114167a80d5558c054e301~tplv-g9dfdl17fc-origin-image.image,2026/8/7,内容场占比低,,1969,6,,https://shop.tiktok.com/view/product/1736931609569953009?region=MX&locale=en,22,"Hot pink,Purple,Navy blue,Pink,Blue,Gray,Army green,Brown,Khaki,Black,Red,Burgundy","1XL,3XL,4XL,2XL,0XL"
近14天新品,GB,1729889169283651609,S260806024630,NS Dress,大码女装,女士连衣裙,4.4,https://p16-she-va.ibyteimg.com/tos-alisg-i-f7lenjegsh-sg/1cbffa959549499f8dcad87f6c49ef96~tplv-g9dfdl17fc-origin-image.image,2026/8/6,内容场占比低,高GPM,16,47,,https://shop.tiktok.com/view/product/1729889169283651609?region=GB&locale=en,21.8,Dark blue,"3XL,0XL,1XL,4XL,2XL"
近14天新品,MX,1736894144324994887,S260805010580,Zivien,标码女装,女士套装及西服,Null,https://p16-she-va.ibyteimg.com/tos-alisg-i-f7lenjegsh-sg/9439d7f3ed67478e95d7fd6b47479bb8~tplv-g9dfdl17fc-origin-image.image,2026/8/5,内容场占比低,,4996,7,,https://shop.tiktok.com/view/product/1736894144324994887?region=MX&locale=en,13,"Yellow and blue stripes,Purple stripes,Brown stripes,Pink and white stripes,Blue stripes,Blue-brown stripes,red stripes,Pink stripes,Coffee stripes,Pink and brown stripes","M,XXL,L,S,XL"
近14天新品,US,1732539531644014669,S260807013723,YarnPop,标码女装,女士针织衫,4.8,https://p16-she-va.ibyteimg.com/tos-alisg-i-f7lenjegsh-sg/7a7612d19bbe4e6d97924ef6a1ac8536~tplv-g9dfdl17fc-origin-image.image,2026/8/7,内容场占比低,,35,90,,https://shop.tiktok.com/view/product/1732539531644014669?region=US&locale=en,10.8,Khaki,"M,S,XL,L"
近14天新品,US,1732553549073911998,S260812029007,Wake Seasons,标码女装,女士套装及西服,4.1,https://p16-she-va.ibyteimg.com/tos-alisg-i-f7lenjegsh-sg/15a7426916f545fea778ac67f5fc2b2b~tplv-g9dfdl17fc-origin-image.image,2026/8/12,内容场占比低,高GPM,71103,91,,https://shop.tiktok.com/view/product/1732553549073911998?region=US&locale=en,32.5,"Multicolor2,Multicolor","M,S,XL,L"
近14天新品,US,1732535429847027908,S260805038653,FACIO Direct,标码女装,女士针织衫,4.2,https://p16-she-va.ibyteimg.com/tos-alisg-i-f7lenjegsh-sg/ea3dc31b53ad4cf8806638917bcef7b5~tplv-g9dfdl17fc-origin-image.image,2026/8/5,内容场占比低,,116,92,,https://shop.tiktok.com/view/product/1732535429847027908?region=US&locale=en,16.1,"Green,Red,Yellow,White,Black,Brown","M,S,L,XL"
近14天新品,US,1732529020926005937,S260802000422,Female Garment,标码女装,女士套装及西服,4.6,https://p16-she-va.ibyteimg.com/tos-alisg-i-f7lenjegsh-sg/298c887882fc48288375a92ebcf6d66e~tplv-g9dfdl17fc-origin-image.image,2026/8/3,内容场占比低,高GPM,14990,93,,https://shop.tiktok.com/view/product/1732529020926005937?region=US&locale=en,12.8,"Pink,Light blue,Black,Dark green,Mauve purple,Blue","M,S,L,XS,XL"
近14天新品,ES,1729879890988276166,S260724004745,TY Trove,标码女装,女士套装及西服,3.9,https://p16-she-va.ibyteimg.com/tos-alisg-i-f7lenjegsh-sg/1f5da62aa00146bf85df8ccfdb7f3e10~tplv-g9dfdl17fc-origin-image.image,2026/8/9,内容场占比低,高GPM,32,1,,https://shop.tiktok.com/view/product/1729879890988276166?region=DE&locale=en,32.1,Blue,"M,L,XL,S"
近14天新品,GB,1729891532809017592,S260807004895,Tokyo Chic,标码女装,女士套装及西服,Null,https://p16-she-va.ibyteimg.com/tos-alisg-i-f7lenjegsh-sg/76123b554f6e45d884aea7c635fd948a~tplv-g9dfdl17fc-origin-image.image,2026/8/10,内容场占比低,高GPM,5,48,,https://shop.tiktok.com/view/product/1729891532809017592?region=GB&locale=en,63.3,Apricot,one-size
近14天新品,GB,1729890377659357251,S260807023538,Edge Mode.,标码女装,女士套装及西服,Null,https://p16-she-va.ibyteimg.com/tos-alisg-i-f7lenjegsh-sg/09dffe85388c43bf8b09b5e5b0c364fa~tplv-g9dfdl17fc-origin-image.image,2026/8/7,内容场占比低,高GPM,147,49,,https://shop.tiktok.com/view/product/1729890377659357251?region=GB&locale=en,15.8,Multi-color,"XS,XL,L,S,M"
近14天新品,US,1732536646708335097,S260806008798,LKUILY Chic Jeans,标码女装,女士下装,4.6,https://p16-she-va.ibyteimg.com/tos-alisg-i-f7lenjegsh-sg/232e266ea3b5494c968a7976f08b743a~tplv-g9dfdl17fc-origin-image.image,2026/8/6,内容场占比低,高GPM,2148,94,,https://shop.tiktok.com/view/product/1732536646708335097?region=US&locale=en,20.9,"Camel,Khaki,Army green,White,Black,Dark gray,Apricot","M,S,XL,L,XXL"
近14天新品,GB,1729879800534374711,S260723029470,EVANDAL,标码女装,女士套装及西服,4.7,https://p16-she-va.ibyteimg.com/tos-alisg-i-f7lenjegsh-sg/8ef56fd2ca1941de8478b434d3cd886c~tplv-g9dfdl17fc-origin-image.image,2026/8/3,内容场占比低,,51,50,,https://shop.tiktok.com/view/product/1729879800534374711?region=GB&locale=en,20.9,"Black,Apricot","S,XL,L,M"
近14天新品,US,1732527929056465075,S260730032454,ZOVINRIA,标码女装,女士针织衫,3.8,https://p16-she-va.ibyteimg.com/tos-alisg-i-f7lenjegsh-sg/1d16307fbab845b9b9b7a5efc02cfe28~tplv-g9dfdl17fc-origin-image.image,2026/8/11,内容场占比低,高GPM,194,95,,https://shop.tiktok.com/view/product/1732527929056465075?region=US&locale=en,12.8,"Cream and black combination,Coffee brown,Custard,White and black combination,Medium gray,Large gray,Deep Apricot,Dark coffee,Apricot,color,White Apricot","M,S,L"
近14天新品,FR,1729881380362426792,S260726012651,YMW,标码女装,女士套装及西服,3.6,https://p16-she-va.ibyteimg.com/tos-alisg-i-f7lenjegsh-sg/46940ecd2fbd4161abd16486278a743f~tplv-g9dfdl17fc-origin-image.image,2026/8/6,内容场占比低,高GPM,98,2,,https://shop.tiktok.com/view/product/1729881380362426792?region=DE&locale=en,30.5,"Green,Black,Red","S,L,XXL,M,XL"
近14天新品,US,1732504989919056215,S260722000113,FOXCLAW Curve,大码女装,女士上装,4,https://p16-she-va.ibyteimg.com/tos-alisg-i-f7lenjegsh-sg/62de77e42a6f4bb385bace46ea5d2084~tplv-g9dfdl17fc-origin-image.image,2026/8/5,内容场占比低,高GPM,27,96,,https://shop.tiktok.com/view/product/1732504989919056215?region=US&locale=en,15,Khaki,"5XL,4XL,1XL,3XL,2XL"
近14天新品,GB,1729886898078391192,S260804038691,Vogue Knit,标码女装,女士针织衫,4.5,https://p16-she-va.ibyteimg.com/tos-alisg-i-f7lenjegsh-sg/58575087e24c439ea400d3abe59f4aea~tplv-g9dfdl17fc-origin-image.image,2026/8/10,内容场占比低,高GPM,200,51,,https://shop.tiktok.com/view/product/1729886898078391192?region=GB&locale=en,15.1,"Black,Fawn brown,Medium wash","XXL,XL,S,M,L"
近14天新品,US,1732543525265445310,S260809012571,FeelingChic,标码女装,女士下装,4.4,https://p16-she-va.ibyteimg.com/tos-alisg-i-f7lenjegsh-sg/2180a606b9194a25b9db88286d5d04ee~tplv-g9dfdl17fc-origin-image.image,2026/8/9,内容场占比低,高GPM,5000,97,,https://shop.tiktok.com/view/product/1732543525265445310?region=US&locale=en,30.1,Multi-color,"M,S,L,XL,XS"
近14天新品,US,1732548983203861462,S260810019879,SHUANGBO SHOP,标码女装,女士穆斯林服饰,Null,https://p16-she-va.ibyteimg.com/tos-alisg-i-f7lenjegsh-sg/26eabfa0afc8466389a949635224bba4~tplv-g9dfdl17fc-origin-image.image,2026/8/11,内容场占比低,高GPM,880,98,,https://shop.tiktok.com/view/product/1732548983203861462?region=US&locale=en,16.7,"Apricot,Blue","M,S,L,XL,XS"
近14天新品,US,1732548920359489889,S260811023931,The Flood,标码女装,女士套装及西服,2.1,https://p16-she-va.ibyteimg.com/tos-alisg-i-f7lenjegsh-sg/740cf54de9754935b7f61d1529203bef~tplv-g9dfdl17fc-origin-image.image,2026/8/11,内容场占比低,高GPM,480,99,,https://shop.tiktok.com/view/product/1732548920359489889?region=US&locale=en,16.7,"Yellow,Black,Apricot,Blue","M,S,L,XL"
近14天新品,GB,1729877838952045515,S260721016813,Garment Haven,标码女装,女士套装及西服,4.4,https://p16-she-va.ibyteimg.com/tos-alisg-i-f7lenjegsh-sg/b0f0036fdc074b60a3736bea2eaf9c60~tplv-g9dfdl17fc-origin-image.image,2026/8/4,内容场占比低,高GPM,12,52,,https://shop.tiktok.com/view/product/1729877838952045515?region=GB&locale=en,19.9,Red,"M,XXL,S,XL,L"
近14天新品,US,1732502276550332759,S260720015496,FOXCLAW Curve,大码女装,女士连衣裙,4,https://p16-she-va.ibyteimg.com/tos-alisg-i-f7lenjegsh-sg/065d0f3e4244470786443f26fe3c88eb~tplv-g9dfdl17fc-origin-image.image,2026/8/7,内容场占比低,,29,100,,https://shop.tiktok.com/view/product/1732502276550332759?region=US&locale=en,11.9,Ochre brown,"5XL,4XL,1XL,3XL,2XL"
近14天新品,US,1732540010679341226,S260807024027,UOOZEE,标码女装,女士下装,4,https://p16-she-va.ibyteimg.com/tos-alisg-i-f7lenjegsh-sg/4e1dddcaa1944ce8b2f15e405d0e4614~tplv-g9dfdl17fc-origin-image.image,2026/8/7,内容场占比低,高GPM,538,101,,https://shop.tiktok.com/view/product/1732540010679341226?region=US&locale=en,19.7,"Khaki,Hot pink,Off White,Red,Army green,Navy blue,Yellow,Black","M,S,L,XL,XXL"
近14天新品,GB,1729887964089064364,S260805036580,Unique Denim Hive,标码女装,女士下装,4.3,https://p16-she-va.ibyteimg.com/tos-alisg-i-f7lenjegsh-sg/42e90a56d6514574b71fd080f5e5f374~tplv-g9dfdl17fc-origin-image.image,2026/8/5,内容场占比低,高GPM,117,53,,https://shop.tiktok.com/view/product/1729887964089064364?region=GB&locale=en,19.7,Gray,"XXL,L,XL,M,XS,S"
近14天新品,GB,1729895657295616396,S260727038848,Clothing Lili,标码女装,女士下装,Null,https://p16-she-va.ibyteimg.com/tos-alisg-i-f7lenjegsh-sg/52f4463893d345c5aa567f7c77e219c5~tplv-g9dfdl17fc-origin-image.image,2026/8/12,内容场占比低,高GPM,49,54,,https://shop.tiktok.com/view/product/1729895657295616396?region=GB&locale=en,19.6,"Army green,Olive green","XL,M,S,L,XXL"
近14天新品,ES,1729889996091464115,S260804023723,XHJEANS,大码女装,牛仔,Null,https://p16-she-va.ibyteimg.com/tos-alisg-i-f7lenjegsh-sg/5e5f615dad674f5ca5bf1591ea5d9652~tplv-g9dfdl17fc-origin-image.image,2026/8/13,内容场占比低,高GPM,29,2,,https://shop.tiktok.com/view/product/1729889996091464115?region=DE&locale=en,29.3,Royal blue,"0XL,4XL,1XL,2XL,3XL"
近14天新品,US,1732538706235527893,S260806031210,Chic Quick Fits,标码女装,女士套装及西服,Null,https://p16-she-va.ibyteimg.com/tos-alisg-i-f7lenjegsh-sg/4a4e39f7c3a7431eb95c8bb8285c3db2~tplv-g9dfdl17fc-origin-image.image,2026/8/6,内容场占比低,高GPM,1000,102,,https://shop.tiktok.com/view/product/1732538706235527893?region=US&locale=en,29,"Jet black,Black,Brown","M,S,L,XL,XXL"
近14天新品,GB,1729887255186283242,S260804014692,KLQQ Clothing,标码女装,女士套装及西服,4.7,https://p16-she-va.ibyteimg.com/tos-alisg-i-f7lenjegsh-sg/3db086cc47954dbb92bbb9b0a873f00b~tplv-g9dfdl17fc-origin-image.image,2026/8/5,内容场占比低,,2800,55,,https://shop.tiktok.com/view/product/1729887255186283242?region=GB&locale=en,19.3,"dark blue,Yellow,bean green,sky blue,wine red,Sakura Pink,Black","M,L,XL,S"
近14天新品,US,1732530855308202759,S260803032063,UNITHORSE PLUS,大码女装,女士连衣裙,3.4,https://p16-she-va.ibyteimg.com/tos-alisg-i-f7lenjegsh-sg/cef35781ed654ff09cf66c34d23693d3~tplv-g9dfdl17fc-origin-image.image,2026/8/3,内容场占比低,,70,103,,https://shop.tiktok.com/view/product/1732530855308202759?region=US&locale=en,57.9,Deep blue,"5XL,4XL,1XL,0XL,3XL,2XL"
近14天新品,US,1732532824324018337,S260804034385,Muse Plus,大码女装,女士上装,3.4,https://p16-she-va.ibyteimg.com/tos-alisg-i-f7lenjegsh-sg/84a1fd447c3d4624a7c39dd9b5fa2578~tplv-g9dfdl17fc-origin-image.image,2026/8/4,,高GPM,1132,104,,https://shop.tiktok.com/view/product/1732532824324018337?region=US&locale=en,19.2,"Khaki,Navy blue","4XL,1XL,0XL,3XL,2XL"
近14天新品,US,1732535348636455073,S260805037750,Muse Plus,大码女装,女士下装,3.4,https://p16-she-va.ibyteimg.com/tos-alisg-i-f7lenjegsh-sg/aae258ccfaaa4b66a147c2c834085457~tplv-g9dfdl17fc-origin-image.image,2026/8/5,内容场占比低,,1914,105,,https://shop.tiktok.com/view/product/1732535348636455073?region=US&locale=en,11.5,"Red,Pine green,Navy blue,Black,Brown","4XL,1XL,0XL,3XL,2XL"
近14天新品,GB,1729886154421148044,S260803025501,Hafizah Muslim,标码女装,女士穆斯林服饰,3.7,https://p16-she-va.ibyteimg.com/tos-alisg-i-f7lenjegsh-sg/06b1e7c2b30e4709904d222423615c3a~tplv-g9dfdl17fc-origin-image.image,2026/8/6,内容场占比低,,20,56,,https://shop.tiktok.com/view/product/1729886154421148044?region=GB&locale=en,28.5,Yellow,"L,XXL,XL,S,M"
近14天新品,US,1732506126998212951,S260722026608,FOXCLAW Curve,大码女装,女士下装,4,https://p16-she-va.ibyteimg.com/tos-alisg-i-f7lenjegsh-sg/8750b66b743047ca92c4979ea5beeca8~tplv-g9dfdl17fc-origin-image.image,2026/8/6,内容场占比低,高GPM,28,106,,https://shop.tiktok.com/view/product/1732506126998212951?region=US&locale=en,14.2,Black,"5XL,4XL,1XL,3XL,2XL"
近14天新品,US,1732508812716577487,S260723033306,Naimisi-Plus,大码女装,女士连衣裙,4,https://p16-she-va.ibyteimg.com/tos-alisg-i-f7lenjegsh-sg/004ad548bb8f40e9b0b6dc1b7c13cff5~tplv-g9dfdl17fc-origin-image.image,2026/8/3,,,14,107,,https://shop.tiktok.com/view/product/1732508812716577487?region=US&locale=en,18.9,Flame red,"5XL,4XL,1XL,3XL,2XL"
近14天新品,US,1732529296095744791,S260802004212,Quick Fit Fashion,标码女装,女士下装,Null,https://p16-she-va.ibyteimg.com/tos-alisg-i-f7lenjegsh-sg/a64efa81228947468c95a4f6e78e6fa1~tplv-g9dfdl17fc-origin-image.image,2026/8/6,内容场占比低,高GPM,84,108,,https://shop.tiktok.com/view/product/1732529296095744791?region=US&locale=en,11.3,"Khaki,Gray,Military green,Black,Deep blue,Beige","M,S,L"
近14天新品,GB,1729890997071681740,S260803005263,Solara Closet,标码女装,女士下装,Null,https://p16-she-va.ibyteimg.com/tos-alisg-i-f7lenjegsh-sg/d9168deaf668459dad2cef7b1f8f3299~tplv-g9dfdl17fc-origin-image.image,2026/8/8,内容场占比低,高GPM,15995,57,,https://shop.tiktok.com/view/product/1729890997071681740?region=GB&locale=en,11.3,"Lavender,Black,Curry,White","M,XL,L,S"
近14天新品,US,1732532972234576268,S260804028582,Hafizah modest,标码女装,女士穆斯林服饰,Null,https://p16-she-va.ibyteimg.com/tos-alisg-i-f7lenjegsh-sg/ce7e82a8f943435faec6ec5644a354ad~tplv-g9dfdl17fc-origin-image.image,2026/8/7,内容场占比低,高GPM,19,109,,https://shop.tiktok.com/view/product/1732532972234576268?region=US&locale=en,18.7,Black,"M,S,XL,L"
近14天新品,FR,1729886779396626593,S260804034385,Muse Plus,大码女装,女士上装,3.8,https://p16-she-va.ibyteimg.com/tos-alisg-i-f7lenjegsh-sg/84a1fd447c3d4624a7c39dd9b5fa2578~tplv-g9dfdl17fc-origin-image.image,2026/8/4,内容场占比低,高GPM,1132,3,,https://shop.tiktok.com/view/product/1729886779396626593?region=DE&locale=en,28.1,"Navy blue,Khaki","4XL,2XL,1XL,3XL,0XL"
近14天新品,GB,1729890509698997185,S260807037624,Modest Abayas,标码女装,女士穆斯林服饰,4.4,https://p16-she-va.ibyteimg.com/tos-alisg-i-f7lenjegsh-sg/3fcbe6d9965a40e7b1678bdfe3e8bfc2~tplv-g9dfdl17fc-origin-image.image,2026/8/7,内容场占比低,,2399,58,,https://shop.tiktok.com/view/product/1729890509698997185?region=GB&locale=en,27.8,"Dark blue,Burgundy,Coffee brown,Dark green,Taro color,Black","L,S,M,XL"
近14天新品,US,1732546501620699902,S260810038067,Lunar Miss,标码女装,女士下装,3.9,https://p16-she-va.ibyteimg.com/tos-alisg-i-f7lenjegsh-sg/f2090a3513a44fa5af06905afb9436ad~tplv-g9dfdl17fc-origin-image.image,2026/8/10,内容场占比低,高GPM,71104,110,,https://shop.tiktok.com/view/product/1732546501620699902?region=US&locale=en,27.6,"Multicolor,Multicolor1","M,S,L,XL"
近14天新品,US,1732528126638199127,S260802006913,FOXCLAW Curve,大码女装,女士上装,4,https://p16-she-va.ibyteimg.com/tos-alisg-i-f7lenjegsh-sg/46209435ed974fd3957fec4c34177b37~tplv-g9dfdl17fc-origin-image.image,2026/8/6,内容场占比低,高GPM,17,111,,https://shop.tiktok.com/view/product/1732528126638199127?region=US&locale=en,18.1,Coffee brown,"4XL,1XL,0XL,3XL,2XL"
近14天新品,GB,1729886848452171796,S260804034808,Dreamful Girl,标码女装,女士套装及西服,4.6,https://p16-she-va.ibyteimg.com/tos-alisg-i-f7lenjegsh-sg/c83b9bf9e2e54702ac83999b3d9b1140~tplv-g9dfdl17fc-origin-image.image,2026/8/4,内容场占比低,,14989,59,,https://shop.tiktok.com/view/product/1729886848452171796?region=GB&locale=en,26.5,"Navy blue,Black,White","XL,L,XXL,M,S"
近14天新品,US,1732508918637171551,S260723034571,Chic Curves,大码女装,女士套装及西服,4.4,https://p16-she-va.ibyteimg.com/tos-alisg-i-f7lenjegsh-sg/ccfe848feecb4f75808a85ab2283c1db~tplv-g9dfdl17fc-origin-image.image,2026/8/4,,,70,112,,https://shop.tiktok.com/view/product/1732508918637171551?region=US&locale=en,27.1,Khaki,"4XL,1XL,0XL,3XL,2XL"
近14天新品,US,1732529138490315405,S260731001868,Fool For You,标码女装,女士下装,1.8,https://p16-she-va.ibyteimg.com/tos-alisg-i-f7lenjegsh-sg/9db7d44367eb44888ba438d40babd696~tplv-g9dfdl17fc-origin-image.image,2026/8/3,内容场占比低,高GPM,1795,113,,https://shop.tiktok.com/view/product/1732529138490315405?region=US&locale=en,13.5,"Blue,Khaki,Hot pink,Light green,Army green,White,Black,Sky blue,Apricot,Dark Blue,Multicolor1,Brown","M,S,XL,XS,L"
近14天新品,US,1732519395152794605,S260728039323,Bosen Clothing,标码女装,女士套装及西服,2.9,https://p16-she-va.ibyteimg.com/tos-alisg-i-f7lenjegsh-sg/cbe1c912279344d1b2aa61834c48e224~tplv-g9dfdl17fc-origin-image.image,2026/8/9,内容场占比低,高GPM,15,114,,https://shop.tiktok.com/view/product/1732519395152794605?region=US&locale=en,10.7,LT8052#Navy Blue Houndstooth,"M,S,L,XL"
近14天新品,US,1732532972117463065,S260804030633,NS Dress,大码女装,女士连衣裙,3.7,https://p16-she-va.ibyteimg.com/tos-alisg-i-f7lenjegsh-sg/9be67a8ab49a4bbcba18238f2a06f650~tplv-g9dfdl17fc-origin-image.image,2026/8/4,内容场占比低,,117,115,,https://shop.tiktok.com/view/product/1732532972117463065?region=US&locale=en,53.4,White,"4XL,1XL,0XL,3XL,2XL"
近14天新品,US,1732535186679042070,S260805034373,Vibe LA,标码女装,女士套装及西服,3.6,https://p16-she-va.ibyteimg.com/tos-alisg-i-f7lenjegsh-sg/ddba172ede2646eaa2f38c6b09c431a0~tplv-g9dfdl17fc-origin-image.image,2026/8/5,内容场占比低,,898,116,,https://shop.tiktok.com/view/product/1732535186679042070?region=US&locale=en,13.2,"Stripes 3,Stripes 2,Stripe","M,S,L,XL"
近14天新品,GB,1729886626906675927,S260804011715,Coveira Mode,大码女装,女士下装,4.4,https://p16-she-va.ibyteimg.com/tos-alisg-i-f7lenjegsh-sg/1dc1719dca3a449fa065b6109bbc71bf~tplv-g9dfdl17fc-origin-image.image,2026/8/4,内容场占比低,高GPM,748,60,,https://shop.tiktok.com/view/product/1729886626906675927?region=GB&locale=en,13.1,"Khaki,Brown,Black,Blue,Beige","2XL,1XL,4XL,3XL,5XL"
近14天新品,GB,1729879610228120415,S260723034625,Chic Curves,大码女装,女士下装,4.1,https://p16-she-va.ibyteimg.com/tos-alisg-i-f7lenjegsh-sg/6ba5e6770b7f410bb594e9549fd0a72f~tplv-g9dfdl17fc-origin-image.image,2026/8/5,内容场占比低,高GPM,64,61,,https://shop.tiktok.com/view/product/1729879610228120415?region=GB&locale=en,17.3,brownish green,"0XL,1XL,4XL,2XL,3XL"
近14天新品,US,1732539518919610859,S260807013249,Finjani Plus,大码女装,女士连衣裙,4.3,https://p16-she-va.ibyteimg.com/tos-alisg-i-f7lenjegsh-sg/cb43db16f74a48a6a23b6dc925e3db96~tplv-g9dfdl17fc-origin-image.image,2026/8/7,内容场占比低,,81,117,,https://shop.tiktok.com/view/product/1732539518919610859?region=US&locale=en,25.8,Black,"4XL,1XL,0XL,3XL,2XL"
近14天新品,GB,1729886026194065569,S260731024176,Muse Plus,大码女装,女士针织衫,4.6,https://p16-she-va.ibyteimg.com/tos-alisg-i-f7lenjegsh-sg/edf355cc4a6843aabdf3e63034385f7e~tplv-g9dfdl17fc-origin-image.image,2026/8/3,内容场占比低,,304,62,,https://shop.tiktok.com/view/product/1729886026194065569?region=GB&locale=en,17.1,"Black,Khaki,Dark violet,Army green,Wine red","1XL,4XL,0XL,2XL,3XL"
近14天新品,US,1732509781942177915,S260723016519,ROVELA Clothing,标码女装,女士下装,4.1,https://p16-she-va.ibyteimg.com/tos-alisg-i-f7lenjegsh-sg/117504530b5c41d88417345357725644~tplv-g9dfdl17fc-origin-image.image,2026/8/4,,,100,118,,https://shop.tiktok.com/view/product/1732509781942177915?region=US&locale=en,12.8,"Green,White,Blue","M,S,L,XL,XXL"
近14天新品,GB,1729881631671753006,S260726013101,RaverageCloset,标码女装,女士套装及西服,Null,https://p16-she-va.ibyteimg.com/tos-alisg-i-f7lenjegsh-sg/dccfcac222d348188957e0dcaee0e794~tplv-g9dfdl17fc-origin-image.image,2026/8/5,内容场占比低,,72,63,,https://shop.tiktok.com/view/product/1729881631671753006?region=GB&locale=en,12.8,"White stripes,Blue stripes,Red stripes,Black stripes","M,L,S,XL,XS"
近14天新品,GB,1729885886160214412,S260803021419,Hafizah Studio,标码女装,女士穆斯林服饰,4.4,https://p16-she-va.ibyteimg.com/tos-alisg-i-f7lenjegsh-sg/3db56c05a33a41669f7f1da0c29c440e~tplv-g9dfdl17fc-origin-image.image,2026/8/6,内容场占比低,,20,64,,https://shop.tiktok.com/view/product/1729885886160214412?region=GB&locale=en,25.5,Yellow,"L,S,XXL,M,XL"
近14天新品,GB,1729890471835244785,S260807035322,Miss Zone,大码女装,女士套装及西服,4.2,https://p16-she-va.ibyteimg.com/tos-alisg-i-f7lenjegsh-sg/866750abd2114167a80d5558c054e301~tplv-g9dfdl17fc-origin-image.image,2026/8/7,内容场占比低,,1969,65,,https://shop.tiktok.com/view/product/1729890471835244785?region=GB&locale=en,25.5,"Purple,Gray,Blue,Hot pink,Army green,Brown,Navy blue,Pink,Black,Red,Burgundy,Khaki","2XL,0XL,3XL,4XL,1XL"
近14天新品,US,1732534425359389068,S260805008238,Hafizah modest,标码女装,女士穆斯林服饰,Null,https://p16-she-va.ibyteimg.com/tos-alisg-i-f7lenjegsh-sg/9ff8927db04c4555bf671320f3d44f8c~tplv-g9dfdl17fc-origin-image.image,2026/8/8,内容场占比低,高GPM,22,119,,https://shop.tiktok.com/view/product/1732534425359389068?region=US&locale=en,16.9,Black,"M,S,L,XL,XXL"
近14天新品,US,1732524197659709779,S260731001856,Luxe Drapery,标码女装,女士穆斯林服饰,4.4,https://p16-she-va.ibyteimg.com/tos-alisg-i-f7lenjegsh-sg/31b3a1714d1241d6b0a41f838c7ed468~tplv-g9dfdl17fc-origin-image.image,2026/8/5,内容场占比低,,28,120,,https://shop.tiktok.com/view/product/1732524197659709779?region=US&locale=en,50.5,White,"M,L,XL"
近14天新品,US,1732515682773799594,S260725001722,Modern Women's Wear Sprint,标码女装,女士套装及西服,4.3,https://p16-she-va.ibyteimg.com/tos-alisg-i-f7lenjegsh-sg/76702951fe0f4cde9cf76155a407aca8~tplv-g9dfdl17fc-origin-image.image,2026/8/10,内容场占比低,高GPM,5000,121,,https://shop.tiktok.com/view/product/1732515682773799594?region=US&locale=en,16.8,"Coffee brown,Purple,Pink,Hot pink,Light brown,Gray,White,Black,Champagne,Pale green","M,S,XL,L,XXL"
近14天新品,US,1732498586488312186,S260717039887,West Glow,大码女装,牛仔,Null,https://p16-she-va.ibyteimg.com/tos-alisg-i-f7lenjegsh-sg/7376dd8437434c918ca27e315d1f002b~tplv-g9dfdl17fc-origin-image.image,2026/8/6,内容场占比低,高GPM,25,122,,https://shop.tiktok.com/view/product/1732498586488312186?region=US&locale=en,24.7,Light blue,"4XL,1XL,0XL,3XL,2XL"
近14天新品,US,1732528121015210920,S260802007704,Chic Weaves,标码女装,女士针织衫,4.4,https://p16-she-va.ibyteimg.com/tos-alisg-i-f7lenjegsh-sg/457283ac05344518925f5f2ced19f37e~tplv-g9dfdl17fc-origin-image.image,2026/8/4,,,23,123,,https://shop.tiktok.com/view/product/1732528121015210920?region=US&locale=en,24.5,Coffee brown,"M,S,L,XL,XXL"
近14天新品,US,1732535302226154412,S260805036580,Unique Denim Hive,标码女装,女士下装,3.9,https://p16-she-va.ibyteimg.com/tos-alisg-i-f7lenjegsh-sg/42e90a56d6514574b71fd080f5e5f374~tplv-g9dfdl17fc-origin-image.image,2026/8/5,内容场占比低,,117,124,,https://shop.tiktok.com/view/product/1732535302226154412?region=US&locale=en,16.2,Gray,"M,S,XS,L,XXL,XL"
近14天新品,US,1732514068391497949,S260724027445,ChuYuet,标码女装,女士套装及西服,Null,https://p16-she-va.ibyteimg.com/tos-alisg-i-f7lenjegsh-sg/c808944fedf2415cbc391d923839990c~tplv-g9dfdl17fc-origin-image.image,2026/8/6,内容场占比低,,68,125,,https://shop.tiktok.com/view/product/1732514068391497949?region=US&locale=en,16.2,"Black,Blue and white,Blue","M,S,L,XL"
近14天新品,US,1732537323924394487,S260806018812,SEETMR,大码女装,女士下装,4.6,https://p16-she-va.ibyteimg.com/tos-alisg-i-f7lenjegsh-sg/1f27febf28c34462acede1a78d5429a1~tplv-g9dfdl17fc-origin-image.image,2026/8/9,内容场占比低,高GPM,119,126,,https://shop.tiktok.com/view/product/1732537323924394487?region=US&locale=en,32.3,"Mustard Yellow,Ankura Red,Black,Brown","4XL,1XL,0XL,3XL,2XL"
近14天新品,MX,1736943193890653302,S260808015047,Floe.,标码女装,女士套装及西服,Null,https://p16-she-va.ibyteimg.com/tos-alisg-i-f7lenjegsh-sg/370c7efe55f4430abf235c88ac08d6fd~tplv-g9dfdl17fc-origin-image.image,2026/8/8,内容场占比低,,2498,8,,https://shop.tiktok.com/view/product/1736943193890653302?region=MX&locale=en,12.1,彩色,"XL,M,L,XS,S"
近14天新品,US,1732538731956375895,S260807002383,FOXCLAW Curve,大码女装,女士下装,4,https://p16-she-va.ibyteimg.com/tos-alisg-i-f7lenjegsh-sg/4d4d4b89327e0fe7011ae9b899468ebb~tplv-g9dfdl17fc-origin-image.image,2026/8/11,内容场占比低,高GPM,87,127,,https://shop.tiktok.com/view/product/1732538731956375895?region=US&locale=en,20.1,"Black,Fawn brown,Apricot","5XL,4XL,1XL,3XL,2XL"
近14天新品,US,1732530669109023116,S260803022299,Hafizah Studio,标码女装,女士穆斯林服饰,3,https://p16-she-va.ibyteimg.com/tos-alisg-i-f7lenjegsh-sg/d335d693ff554d51aaf4df6647f6a4d2~tplv-g9dfdl17fc-origin-image.image,2026/8/6,,,22,128,,https://shop.tiktok.com/view/product/1732530669109023116?region=US&locale=en,23.9,Black,"M,S,L,XL,XXL"
近14天新品,US,1732537789931819085,S260806030215,YarnPop,标码女装,女士针织衫,4.8,https://p16-she-va.ibyteimg.com/tos-alisg-i-f7lenjegsh-sg/6d8ddebf7ead446b81e9c97a301bde5b~tplv-g9dfdl17fc-origin-image.image,2026/8/6,内容场占比低,,399,129,,https://shop.tiktok.com/view/product/1732537789931819085?region=US&locale=en,15.8,"Navy blue,Light pink,off-white,light yellow,Black","M,S,L,XL"
近14天新品,GB,1729885867127642904,S260803009760,Raven Thread,标码女装,女士套装及西服,Null,https://p16-she-va.ibyteimg.com/tos-alisg-i-f7lenjegsh-sg/ca948b37a2954e1ba62d008864526943~tplv-g9dfdl17fc-origin-image.image,2026/8/3,内容场占比低,高GPM,24998,66,,https://shop.tiktok.com/view/product/1729885867127642904?region=GB&locale=en,15.8,Stripe,"S,XL,L,M,XXL"
近14天新品,MX,1736884178762761435,S260804036187,Nusia Lydia,标码女装,女士套装及西服,4.5,https://p16-she-va.ibyteimg.com/tos-alisg-i-f7lenjegsh-sg/2b583408efb341f180a2e3d59ff6ef02~tplv-g9dfdl17fc-origin-image.image,2026/8/6,内容场占比低,高GPM,23,9,,https://shop.tiktok.com/view/product/1736884178762761435?region=MX&locale=en,23.7,Khaki,"XS,L,XL,S,M"
近14天新品,US,1732539720653902665,S260807023734,SiniuOne,标码女装,女士特殊服饰,2.9,https://p16-she-va.ibyteimg.com/tos-alisg-i-f7lenjegsh-sg/5bf19dd38dc04183a7538b5ee139134f~tplv-g9dfdl17fc-origin-image.image,2026/8/7,内容场占比低,高GPM,1663,130,,https://shop.tiktok.com/view/product/1732539720653902665?region=US&locale=en,23.6,black,"M,S,XL,L,XXL"
近14天新品,US,1732530137655710049,S260730023873,The Flood,标码女装,女士下装,2.1,https://p16-she-va.ibyteimg.com/tos-alisg-i-f7lenjegsh-sg/9e807930ea24414e83132da2751b6f1d~tplv-g9dfdl17fc-origin-image.image,2026/8/3,内容场占比低,高GPM,1800,131,,https://shop.tiktok.com/view/product/1732530137655710049?region=US&locale=en,11.7,"Brown,Khaki,Hot pink,Light green,Army green,White,Black,Sky blue,Apricot,Multicolor1,Dark Blue,Blue","M,S,XL,XS,L"
近14天新品,GB,1729886792337824140,S260804024114,Hafizah modest,标码女装,女士穆斯林服饰,Null,https://p16-she-va.ibyteimg.com/tos-alisg-i-f7lenjegsh-sg/9e0d85f9b4dc405fb28cb59ecb3be165~tplv-g9dfdl17fc-origin-image.image,2026/8/6,内容场占比低,,19,67,,https://shop.tiktok.com/view/product/1729886792337824140?region=GB&locale=en,23.4,Yellow,"M,XXL,L,S,XL"
近14天新品,MX,1736931850173973674,S260807024027,UOOZEE,标码女装,女士下装,4.7,https://p16-she-va.ibyteimg.com/tos-alisg-i-f7lenjegsh-sg/4e1dddcaa1944ce8b2f15e405d0e4614~tplv-g9dfdl17fc-origin-image.image,2026/8/7,内容场占比低,高GPM,538,10,,https://shop.tiktok.com/view/product/1736931850173973674?region=MX&locale=en,23.4,"Khaki,Black,Yellow,Off White,Red,Army green,Hot pink,Navy blue","L,XXL,S,XL,M"
近14天新品,US,1732480642355401722,S260708036763,weaving core,标码女装,女士套装及西服,4.4,https://p16-she-va.ibyteimg.com/tos-alisg-i-f7lenjegsh-sg/6559874d723f4c83b9622132ad2bd7a2~tplv-g9dfdl17fc-origin-image.image,2026/8/7,内容场占比低,高GPM,18,132,,https://shop.tiktok.com/view/product/1732480642355401722?region=US&locale=en,23.3,Pink and white,"M,S,L,XL"
近14天新品,US,1732548733901705707,S260811013435,Finjani Plus,大码女装,女士上装,4.3,https://p16-she-va.ibyteimg.com/tos-alisg-i-f7lenjegsh-sg/d973dd3d6745491d9de86c3a564c4b13~tplv-g9dfdl17fc-origin-image.image,2026/8/11,内容场占比低,高GPM,19,133,,https://shop.tiktok.com/view/product/1732548733901705707?region=US&locale=en,12.9,Black,"4XL,1XL,0XL,3XL,2XL"
近14天新品,US,1732509370215142252,S260723028122,Chicthreads Elite,标码女装,女士套装及西服,Null,https://p16-she-va.ibyteimg.com/tos-alisg-i-f7lenjegsh-sg/54df1ef82aed409893dc6e9b552f6d32~tplv-g9dfdl17fc-origin-image.image,2026/8/3,内容场占比低,高GPM,201,134,,https://shop.tiktok.com/view/product/1732509370215142252?region=US&locale=en,46.3,Electric blue + floral pink + black,"M,S,L,XL"
近14天新品,US,1732530019654144524,S260731027854,NiceForWhat,标码女装,女士下装,4.5,https://p16-she-va.ibyteimg.com/tos-alisg-i-f7lenjegsh-sg/8e2d284ba2274b6ba17b11eec9b0181e~tplv-g9dfdl17fc-origin-image.image,2026/8/5,内容场占比低,,27,135,,https://shop.tiktok.com/view/product/1732530019654144524?region=US&locale=en,11.5,"Mint green,Gray","M,S,L"
近14天新品,US,1732538365563867890,S260805006459,ZANZEAFASHION,标码女装,女士穆斯林服饰,2,https://p16-she-va.ibyteimg.com/tos-alisg-i-f7lenjegsh-sg/aa54f9f7879c47d38c1fb0c66bbce5fe~tplv-g9dfdl17fc-origin-image.image,2026/8/13,内容场占比低,高GPM,53,136,,https://shop.tiktok.com/view/product/1732538365563867890?region=US&locale=en,23,"Yellow,Black,Apricot","M,S,L,XL,XXL"
近14天新品,GB,1729890489782540458,S260807024027,UOOZEE,标码女装,女士下装,4.3,https://p16-she-va.ibyteimg.com/tos-alisg-i-f7lenjegsh-sg/1e2736b6e5504f438e7ee8114238385f~tplv-g9dfdl17fc-origin-image.image,2026/8/7,内容场占比低,高GPM,538,68,,https://shop.tiktok.com/view/product/1729890489782540458?region=GB&locale=en,22.9,"Black,Khaki,Off White,Hot pink,Red,Navy blue,Army green,Yellow","M,XL,L,XXL,S"
近14天新品,GB,1729886063330433420,S260803020552,Hafizah Studio,标码女装,女士穆斯林服饰,4.4,https://p16-she-va.ibyteimg.com/tos-alisg-i-f7lenjegsh-sg/1f6301f847fd442b9253abe7b0835d2c~tplv-g9dfdl17fc-origin-image.image,2026/8/6,内容场占比低,,21,69,,https://shop.tiktok.com/view/product/1729886063330433420?region=GB&locale=en,22.9,Black,"L,XXL,XL,M,S"
近14天新品,MX,1736425114118292934,S260707015608,TY Trove,标码女装,女士套装及西服,4.9,https://p16-she-va.ibyteimg.com/tos-alisg-i-f7lenjegsh-sg/471795e3bcd1411995607144697f4b91~tplv-g9dfdl17fc-origin-image.image,2026/8/9,内容场占比低,高GPM,34,11,,https://shop.tiktok.com/view/product/1736425114118292934?region=MX&locale=en,22.7,Black,"M,XL,L,S"
近14天新品,GB,1729881049294740012,S260722016797,YW.FASHION,标码女装,女士套装及西服,4.1,https://p16-she-va.ibyteimg.com/tos-alisg-i-f7lenjegsh-sg/12db31a1fb65402cb9380e8c69b72b65~tplv-g9dfdl17fc-origin-image.image,2026/8/6,内容场占比低,,82,70,,https://shop.tiktok.com/view/product/1729881049294740012?region=GB&locale=en,22.6,"Apricot,Gray,Brown","M,XXL,L,XL,S"
近14天新品,GB,1729885559706589556,S260802010126,Chic Couture Lab,标码女装,女士套装及西服,4.5,https://p16-she-va.ibyteimg.com/tos-alisg-i-f7lenjegsh-sg/4f17e60da1944db49be9ba4638dd67a4~tplv-g9dfdl17fc-origin-image.image,2026/8/3,内容场占比低,,449,71,,https://shop.tiktok.com/view/product/1729885559706589556?region=GB&locale=en,22.6,"Green,Gray,Blue,Black,Khaki,Pink","S,XXL,L,M,XL"
近14天新品,US,1732524383308386715,S260731007249,Elan Vogue Boutique,标码女装,女士套装及西服,2.5,https://p16-she-va.ibyteimg.com/tos-alisg-i-f7lenjegsh-sg/5c2b9834c1b645eba6f3b76334a6d187~tplv-g9dfdl17fc-origin-image.image,2026/8/6,内容场占比低,高GPM,2000,137,,https://shop.tiktok.com/view/product/1732524383308386715?region=US&locale=en,45,"Pink,Black,Light wash,Apricot","M,S,XL,L,XXL"
近14天新品,GB,1729886527837673687,S260803019520,YUNJINJ,大码女装,女士连衣裙,4.3,https://p16-she-va.ibyteimg.com/tos-alisg-i-f7lenjegsh-sg/1f142c276b644832beccf0a1db3ee562~tplv-g9dfdl17fc-origin-image.image,2026/8/4,内容场占比低,,57,72,,https://shop.tiktok.com/view/product/1729886527837673687?region=GB&locale=en,14.9,Purple,"4XL,2XL,0XL,5XL,1XL,3XL"
近14天新品,US,1732531237183983857,S260803030566,Miss Zone,大码女装,女士套装及西服,3.6,https://p16-she-va.ibyteimg.com/tos-alisg-i-f7lenjegsh-sg/69e64dd5babe4da984603d89700991b7~tplv-g9dfdl17fc-origin-image.image,2026/8/4,内容场占比低,高GPM,113,138,,https://shop.tiktok.com/view/product/1732531237183983857?region=US&locale=en,14.8,"White,Black","4XL,1XL,0XL,3XL,2XL"
近14天新品,US,1732502226337502033,S260720012845,ruisusu Marketplace,大码女装,女士穆斯林服饰,1.6,https://p16-she-va.ibyteimg.com/tos-alisg-i-f7lenjegsh-sg/5ad13beb849e4dfd8c1f332a169c7469~tplv-g9dfdl17fc-origin-image.image,2026/8/5,内容场占比低,高GPM,32,139,,https://shop.tiktok.com/view/product/1732502226337502033?region=US&locale=en,14.7,"Coffee brown,Baby pink,Khaki,Army green,White,Black,Dark gray,Sky blue,Dark green,Dark Blue,Apricot",one-size
近14天新品,GB,1729888473288120659,S260731001452,Luxe Drapery,标码女装,女士穆斯林服饰,Null,https://p16-she-va.ibyteimg.com/tos-alisg-i-f7lenjegsh-sg/5e8952ea093847db946b36ef190456da~tplv-g9dfdl17fc-origin-image.image,2026/8/6,内容场占比低,,41,73,,https://shop.tiktok.com/view/product/1729888473288120659?region=GB&locale=en,44.1,Black,"M,L,XL"
近14天新品,GB,1729891738667620531,S260809007934,ZOVINRIA,标码女装,女士针织衫,4.7,https://p16-she-va.ibyteimg.com/tos-alisg-i-f7lenjegsh-sg/8fd496c6053c43a381c61bc432e75aff~tplv-g9dfdl17fc-origin-image.image,2026/8/13,内容场占比低,高GPM,89,74,,https://shop.tiktok.com/view/product/1729891738667620531?region=GB&locale=en,22.1,"Khaki,Soft pink,Creamy Peach,color,Ivory","S,M,L"
近14天新品,GB,1729886514978396556,S260804009110,Hafizah modest,标码女装,女士穆斯林服饰,Null,https://p16-she-va.ibyteimg.com/tos-alisg-i-f7lenjegsh-sg/ca410018b65d48a282ad0c32a3d95e3d~tplv-g9dfdl17fc-origin-image.image,2026/8/7,内容场占比低,,16,75,,https://shop.tiktok.com/view/product/1729886514978396556?region=GB&locale=en,22,Blue,"S,XL,L,XXL,M"
近14天新品,GB,1729888493909547733,S260806005809,Chic Quick Fits,标码女装,女士下装,Null,https://p16-she-va.ibyteimg.com/tos-alisg-i-f7lenjegsh-sg/4b7687f480e5475fa3b54ef35f72edeb~tplv-g9dfdl17fc-origin-image.image,2026/8/6,内容场占比低,高GPM,999,76,,https://shop.tiktok.com/view/product/1729888493909547733?region=GB&locale=en,21.9,"Silver,White,Black","M,S,L,XL,XXL"
近14天新品,US,1732504734669902034,S260721035667,Chic Value Novelties,标码女装,女士针织衫,Null,https://p16-she-va.ibyteimg.com/tos-alisg-i-f7lenjegsh-sg/cd2f545f4bc940d6bdd59d2ed054e233~tplv-g9dfdl17fc-origin-image.image,2026/8/9,,高GPM,18,140,,https://shop.tiktok.com/view/product/1732504734669902034?region=US&locale=en,43.7,White,"M,S,XL,L"
近14天新品,US,1732540977497281119,S260807023140,Vanshee Show,标码女装,女士套装及西服,4.2,https://p16-she-va.ibyteimg.com/tos-alisg-i-f7lenjegsh-sg/8d87238400cc4d11b96976275aa73f5d~tplv-g9dfdl17fc-origin-image.image,2026/8/7,内容场占比低,,199,141,,https://shop.tiktok.com/view/product/1732540977497281119?region=US&locale=en,21.8,Coral pink,"M,S,XL,L"
近14天新品,MX,1736733664187090099,S260725023387,ZOVINRIA,标码女装,女士针织衫,4.3,https://p16-she-va.ibyteimg.com/tos-alisg-i-f7lenjegsh-sg/d9ac27303b7b4389ba845b0b5dc44272~tplv-g9dfdl17fc-origin-image.image,2026/8/8,内容场占比低,,66,12,,https://shop.tiktok.com/view/product/1736733664187090099?region=MX&locale=en,8.7,"Burgundy,Apricot,Brown,Gray","L,M,S"
近14天新品,US,1732530126359532335,S260803011537,Chic Fit Bites,标码女装,女士下装,Null,https://p16-she-va.ibyteimg.com/tos-alisg-i-f7lenjegsh-sg/349afdceeefb43609176208ca732ea39~tplv-g9dfdl17fc-origin-image.image,2026/8/3,内容场占比低,高GPM,119,142,,https://shop.tiktok.com/view/product/1732530126359532335?region=US&locale=en,14.5,Black,"M,S,XL,L"
近14天新品,GB,1729890903411366842,S260808012691,LISATY STUDIO,标码女装,女士套装及西服,3.9,https://p16-she-va.ibyteimg.com/tos-alisg-i-f7lenjegsh-sg/ab662667be834cb18c223c781ecf6704~tplv-g9dfdl17fc-origin-image.image,2026/8/8,内容场占比低,高GPM,60,77,,https://shop.tiktok.com/view/product/1729890903411366842?region=GB&locale=en,21.5,Dark gray,"S,M,L,XL"
近14天新品,GB,1729889972435851603,S260731001279,Luxe Drapery,标码女装,女士穆斯林服饰,Null,https://p16-she-va.ibyteimg.com/tos-alisg-i-f7lenjegsh-sg/e63cf77d5025493e8cd3e0a57c371d4a~tplv-g9dfdl17fc-origin-image.image,2026/8/6,内容场占比低,,43,78,,https://shop.tiktok.com/view/product/1729889972435851603?region=GB&locale=en,42.2,White,"XL,M,L"
近14天新品,US,1732529026410910605,S260802015708,Chic Trendy Boutique,标码女装,女士套装及西服,Null,https://p16-she-va.ibyteimg.com/tos-alisg-i-f7lenjegsh-sg/79cd4dc2e4e844aa900b0cf036c9fa20~tplv-g9dfdl17fc-origin-image.image,2026/8/3,内容场占比低,,14398,143,,https://shop.tiktok.com/view/product/1732529026410910605?region=US&locale=en,21,"Multicolor11,Multicolor5,Multicolor2,Multicolor7,Multicolor6,Multicolor3,Multicolor9,Multi-color,Multicolor12,Multicolor10,Multicolor4,Multicolor8","M,S,XL,L"
近14天新品,US,1732551934302851981,S260812035868,Chic Trendy Boutique,标码女装,女士套装及西服,Null,https://p16-she-va.ibyteimg.com/tos-alisg-i-f7lenjegsh-sg/a5ab86beeb0a4394ae5b060df47f9169~tplv-g9dfdl17fc-origin-image.image,2026/8/12,内容场占比低,高GPM,3600,144,,https://shop.tiktok.com/view/product/1732551934302851981?region=US&locale=en,27.9,"White,Black,Lime red,Dark wash,Brown","M,S,L,XL"
近14天新品,US,1732534788455305612,S260805012455,Hafizah modest,标码女装,女士穆斯林服饰,Null,https://p16-she-va.ibyteimg.com/tos-alisg-i-f7lenjegsh-sg/4c4caa5978ed431e8e0ff6e8ddd03440~tplv-g9dfdl17fc-origin-image.image,2026/8/8,内容场占比低,,22,145,,https://shop.tiktok.com/view/product/1732534788455305612?region=US&locale=en,13.9,Print,"M,S,XL,L,XXL"
近14天新品,MX,1736822864471950638,S260801006407,RaverageCloset,标码女装,女士套装及西服,Null,https://p16-she-va.ibyteimg.com/tos-alisg-i-f7lenjegsh-sg/939031eee9784161b7e2b99e07646b92~tplv-g9dfdl17fc-origin-image.image,2026/8/12,内容场占比低,,17,13,,https://shop.tiktok.com/view/product/1736822864471950638?region=MX&locale=en,9.2,"Mushroom Brown,Yellow","S,XXS,XS,M"
近14天新品,MX,1737022300981986810,S260813028518,Elegant Finjani,大码女装,女士套装及西服,Null,https://p16-she-va.ibyteimg.com/tos-alisg-i-f7lenjegsh-sg/4ebf143f668b4cd386da3f5845b215fb~tplv-g9dfdl17fc-origin-image.image,2026/8/13,内容场占比低,高GPM,181,14,,https://shop.tiktok.com/view/product/1737022300981986810?region=MX&locale=en,20.6,"Brown,Black","1XL,4XL,2XL,3XL,0XL"
近14天新品,MX,1737020663857055211,S260812022395,Finjani Plus,大码女装,女士连衣裙,4.5,https://p16-she-va.ibyteimg.com/tos-alisg-i-f7lenjegsh-sg/76041055b2714dc4a8493de96e9988c2~tplv-g9dfdl17fc-origin-image.image,2026/8/13,内容场占比低,,90,15,,https://shop.tiktok.com/view/product/1737020663857055211?region=MX&locale=en,20.6,"Black,Navy blue,Red","0XL,1XL,2XL,3XL,4XL"
近14天新品,US,1732531386115723357,S260803036049,Comfortable Couture,大码女装,女士上装,4.1,https://p16-she-va.ibyteimg.com/tos-alisg-i-f7lenjegsh-sg/99d8b4ae4e3c4b6a8e575be8bdfcef1a~tplv-g9dfdl17fc-origin-image.image,2026/8/4,内容场占比低,高GPM,999,146,,https://shop.tiktok.com/view/product/1732531386115723357?region=US&locale=en,20.6,"Baby pink,White,Black,Burgundy","5XL,4XL,1XL,3XL,2XL"
近14天新品,MX,1736893939208390458,S260805010585,MISSMAY Store,大码女装,女士连衣裙,4.2,https://p16-she-va.ibyteimg.com/tos-alisg-i-f7lenjegsh-sg/b3ec4ed45e054ce486e105e03cc64dcd~tplv-g9dfdl17fc-origin-image.image,2026/8/5,内容场占比低,高GPM,14,16,,https://shop.tiktok.com/view/product/1736893939208390458?region=MX&locale=en,41.1,Ocean blue,"0XL,2XL,3XL,4XL,1XL"
近14天新品,GB,1729890777127819542,S260808006604,ZAJIA Velvet,标码女装,女士下装,Null,https://p16-she-va.ibyteimg.com/tos-alisg-i-f7lenjegsh-sg/a5281634e3084954bd16afea2844836b~tplv-g9dfdl17fc-origin-image.image,2026/8/8,内容场占比低,高GPM,144,79,,https://shop.tiktok.com/view/product/1729890777127819542?region=GB&locale=en,20.5,"Red,Orange,Yellow,Blue","L,XL,XXL,S,M"
近14天新品,DE,1729884575941958358,S260731020488,Chic And Durable,标码女装,女士套装及西服,Null,https://p16-she-va.ibyteimg.com/tos-alisg-i-f7lenjegsh-sg/17d8fadd780348ac82624ce645a1e3cd~tplv-g9dfdl17fc-origin-image.image,2026/8/5,内容场占比低,高GPM,34,1,,https://shop.tiktok.com/view/product/1729884575941958358?region=DE&locale=en,40.9,White,"S,XL,L,M"
近14天新品,GB,1729884550950722111,S260731015457,DomieStudio,标码女装,女士下装,Null,https://p16-she-va.ibyteimg.com/tos-alisg-i-f7lenjegsh-sg/253d1c852a734d92a71fb7f4957e7aa0~tplv-g9dfdl17fc-origin-image.image,2026/8/3,内容场占比低,,208,80,,https://shop.tiktok.com/view/product/1729884550950722111?region=GB&locale=en,13.6,"Burgundy,Deep blue,Army green,Apricot,Pink,Fawn brown,Black","XL,XS,L,S,M"
近14天新品,US,1732510348557456013,S260723008506,XGYW FASHION,标码女装,女士套装及西服,3.7,https://p16-she-va.ibyteimg.com/tos-alisg-i-f7lenjegsh-sg/0414d50869644f8bb6aeb7638bb2a398~tplv-g9dfdl17fc-origin-image.image,2026/8/3,,,19,147,,https://shop.tiktok.com/view/product/1732510348557456013?region=US&locale=en,20.4,Black,"M,S,L,XL,XXL"
近14天新品,US,1732527924836143610,S260730005702,Elegant Finjani,大码女装,女士连衣裙,4.4,https://p16-she-va.ibyteimg.com/tos-alisg-i-f7lenjegsh-sg/475efdbcae0246e6b12c903fcd413025~tplv-g9dfdl17fc-origin-image.image,2026/8/4,内容场占比低,高GPM,46,148,,https://shop.tiktok.com/view/product/1732527924836143610?region=US&locale=en,20.3,Pink,"4XL,1XL,0XL,3XL,2XL"
近14天新品,GB,1729879694432770377,S260723038114,XL Sweat,大码女装,女士针织衫,4.6,https://p16-she-va.ibyteimg.com/tos-alisg-i-f7lenjegsh-sg/b30fa5fff1eb48078911cf138058bfaa~tplv-g9dfdl17fc-origin-image.image,2026/8/3,内容场占比低,高GPM,16,81,,https://shop.tiktok.com/view/product/1729879694432770377?region=GB&locale=en,20.3,Brown,"4XL,2XL,3XL,1XL"
近14天新品,US,1732528509043643159,S260802016597,Quick Fit Fashion,标码女装,女士下装,Null,https://p16-she-va.ibyteimg.com/tos-alisg-i-f7lenjegsh-sg/58ba7130ccb24380985748e128e058c4~tplv-g9dfdl17fc-origin-image.image,2026/8/5,内容场占比低,,138,149,,https://shop.tiktok.com/view/product/1732528509043643159?region=US&locale=en,8.1,"Coffee brown,Pink,Black,Apricot,Mushroom Brown,Burgundy","M,S,L"
近14天新品,GB,1729881376676813224,S260726012651,YMW,标码女装,女士套装及西服,4.4,https://p16-she-va.ibyteimg.com/tos-alisg-i-f7lenjegsh-sg/46940ecd2fbd4161abd16486278a743f~tplv-g9dfdl17fc-origin-image.image,2026/8/6,内容场占比低,,98,82,,https://shop.tiktok.com/view/product/1729881376676813224?region=GB&locale=en,20.1,"Green,Black,Red","S,L,XXL,M,XL"
近14天新品,US,1732531799891874513,S260803018955,RUNORA,标码女装,女士套装及西服,4.8,https://p16-she-va.ibyteimg.com/tos-alisg-i-f7lenjegsh-sg/d823428bd923420c9cbbe17d6b094e22~tplv-g9dfdl17fc-origin-image.image,2026/8/4,内容场占比低,,7698,150,,https://shop.tiktok.com/view/product/1732531799891874513?region=US&locale=en,20,"Multicolor5,Multicolor11,Multicolor2,Multicolor7,Multicolor3,Multicolor6,Multi-color,Multicolor9,Multicolor10,Multicolor4,Multicolor8","M,XXXL,S,XS,XL,XXL,L"
近14天新品,US,1732550645660619463,S260812003483,Justoneone,标码女装,女士下装,Null,https://p16-she-va.ibyteimg.com/tos-alisg-i-f7lenjegsh-sg/df55c1b56ffb4d2ca13d08061de5b37f~tplv-g9dfdl17fc-origin-image.image,2026/8/12,内容场占比低,,1250,151,,https://shop.tiktok.com/view/product/1732550645660619463?region=US&locale=en,13.3,"Khaki,Navy blue,Lemon yellow,Black,Bright orange","M,S,L,XL,XXL"
近14天新品,MX,1736871047862060552,S260716010366,Swanky Party,标码女装,女士特殊服饰,Null,https://p16-she-va.ibyteimg.com/tos-alisg-i-f7lenjegsh-sg/f629d4dc34db4967a4d56872597e3025~tplv-g9dfdl17fc-origin-image.image,2026/8/4,内容场占比低,,140,17,,https://shop.tiktok.com/view/product/1736871047862060552?region=MX&locale=en,19.8,"Black,Silver,Hot pink,Green,Golden,Red","L,XL,M,XS,S"
近14天新品,US,1732534532471492709,S260805009448,LW Global Fashion,标码女装,女士套装及西服,4.6,https://p16-she-va.ibyteimg.com/tos-alisg-i-f7lenjegsh-sg/a55d5ac2f34546ce8eb04fc9827c5128~tplv-g9dfdl17fc-origin-image.image,2026/8/6,内容场占比低,高GPM,17,152,,https://shop.tiktok.com/view/product/1732534532471492709?region=US&locale=en,13.2,Blue,"M,S,L,XL"
近14天新品,US,1732507388725399993,S260723000535,Nancy Form,大码女装,女士连衣裙,4.4,https://p16-she-va.ibyteimg.com/tos-alisg-i-f7lenjegsh-sg/8b935e1f9fd74f2ead5696c58a52b51b~tplv-g9dfdl17fc-origin-image.image,2026/8/3,内容场占比低,高GPM,21,153,,https://shop.tiktok.com/view/product/1732507388725399993?region=US&locale=en,13.2,Brown,"4XL,1XL,0XL,3XL,2XL"
近14天新品,US,1732532676663480716,S260804012966,Hafizah modest,标码女装,女士穆斯林服饰,Null,https://p16-she-va.ibyteimg.com/tos-alisg-i-f7lenjegsh-sg/f0d2098941294b7b842cb30eb4c1e10f~tplv-g9dfdl17fc-origin-image.image,2026/8/7,内容场占比低,高GPM,22,154,,https://shop.tiktok.com/view/product/1732532676663480716?region=US&locale=en,19.8,Black,"M,S,L,XL,XXL"
近14天新品,US,1732495481097326935,S260716031407,FOXCLAW Curve,大码女装,女士上装,4,https://p16-she-va.ibyteimg.com/tos-alisg-i-f7lenjegsh-sg/9de2f20d850e4138a3061470567c33ee~tplv-g9dfdl17fc-origin-image.image,2026/8/5,内容场占比低,,15,155,,https://shop.tiktok.com/view/product/1732495481097326935?region=US&locale=en,9.9,Gray,"5XL,4XL,1XL,3XL,2XL"
近14天新品,FR,1729883286998653023,S260729024252,Muslim Cloaks,标码女装,女士穆斯林服饰,4.3,https://p16-she-va.ibyteimg.com/tos-alisg-i-f7lenjegsh-sg/b19f634dbc994d218c588c7611384ba3~tplv-g9dfdl17fc-origin-image.image,2026/8/6,内容场占比低,高GPM,33,4,,https://shop.tiktok.com/view/product/1729883286998653023?region=DE&locale=en,39.4,"Mint green,Black","XL,L,M,XXL"
近14天新品,GB,1729884996994308381,S260801016123,Chic Design Simplify,标码女装,女士套装及西服,4.4,https://p16-she-va.ibyteimg.com/tos-alisg-i-f7lenjegsh-sg/e2833b81e76e4b2184580b83ad1fc76d~tplv-g9dfdl17fc-origin-image.image,2026/8/4,内容场占比低,,13,83,,https://shop.tiktok.com/view/product/1729884996994308381?region=GB&locale=en,19.5,Yellow,"M,L,S"
近14天新品,GB,1729891193936517181,S260809000967,Modish Moo,大码女装,牛仔,4.3,https://p16-she-va.ibyteimg.com/tos-alisg-i-f7lenjegsh-sg/36db93bcec204ae79fdefa1500227906~tplv-g9dfdl17fc-origin-image.image,2026/8/9,内容场占比低,高GPM,50,84,,https://shop.tiktok.com/view/product/1729891193936517181?region=GB&locale=en,19.1,Blue,"2XL,3XL,4XL,1XL,0XL"
近14天新品,US,1732540576791564529,S260807035322,Miss Zone,大码女装,女士套装及西服,3.6,https://p16-she-va.ibyteimg.com/tos-alisg-i-f7lenjegsh-sg/866750abd2114167a80d5558c054e301~tplv-g9dfdl17fc-origin-image.image,2026/8/7,内容场占比低,,1969,156,,https://shop.tiktok.com/view/product/1732540576791564529?region=US&locale=en,38.2,"Brown,Burgundy,Purple,Pink,Khaki,Hot pink,Red,Army green,Navy blue,Gray,Black,Blue","4XL,1XL,0XL,3XL,2XL"
近14天新品,GB,1729887518821882380,S260805013398,Amira Couture,大码女装,女士连衣裙,Null,https://p16-she-va.ibyteimg.com/tos-alisg-i-f7lenjegsh-sg/1532c8fabe8c473f82a56f4b05f585d0~tplv-g9dfdl17fc-origin-image.image,2026/8/7,内容场占比低,,4,85,,https://shop.tiktok.com/view/product/1729887518821882380?region=GB&locale=en,38.2,"Red,Chartreuse,Light blue",one-size
近14天新品,US,1732521722989482826,S260729020171,"Pusheng2 Fushi Co., DongGuan",标码女装,女士套装及西服,4.2,https://p16-she-va.ibyteimg.com/tos-alisg-i-f7lenjegsh-sg/7ed8ab62795f46019eea752bc37ffdf4~tplv-g9dfdl17fc-origin-image.image,2026/8/6,内容场占比低,高GPM,147,157,,https://shop.tiktok.com/view/product/1732521722989482826?region=US&locale=en,19,"Dark gray solid color,Light gray solid color,Apricot solid color,Coffee brown solid color,Deep blue solid color,Khaki solid color,Solid black","M,S,L,XL,XXL"
近14天新品,US,1732534384439825353,S260803016932,Verve Fashion,标码女装,女士套装及西服,4.4,https://p16-she-va.ibyteimg.com/tos-alisg-i-f7lenjegsh-sg/7e6476c5d4d442d1b051d978aee28b82~tplv-g9dfdl17fc-origin-image.image,2026/8/5,,高GPM,74997,158,,https://shop.tiktok.com/view/product/1732534384439825353?region=US&locale=en,12.7,"Light green,Red,Army green,Black,Dark gray,Light wash,Apricot,Silver,Purple,Mint green,Pink,Hot pink,Yellow,White,Brown","M,S,XL,L,XXL"
近14天新品,US,1732515712245338131,S260727009846,PrettyElenay,标码女装,女士套装及西服,Null,https://p16-she-va.ibyteimg.com/tos-alisg-i-f7lenjegsh-sg/e2916b986bef47698ebc321cc87b5cc2~tplv-g9dfdl17fc-origin-image.image,2026/8/8,内容场占比低,高GPM,26,159,,https://shop.tiktok.com/view/product/1732515712245338131?region=US&locale=en,19,Green,"M,S,XL,L"
近14天新品,MX,1736695704983274717,S260724031611,ChuYuet,标码女装,女士套装及西服,Null,https://p16-she-va.ibyteimg.com/tos-alisg-i-f7lenjegsh-sg/8446486cfdfa457aad9e20203ed966f5~tplv-g9dfdl17fc-origin-image.image,2026/8/6,内容场占比低,高GPM,43,18,,https://shop.tiktok.com/view/product/1736695704983274717?region=MX&locale=en,18.9,"Multi-color,Purple and white","L,S,XL,M"
近14天新品,US,1732537802151859158,S260806033219,Re Born Chic,标码女装,女士下装,Null,https://p16-she-va.ibyteimg.com/tos-alisg-i-f7lenjegsh-sg/385678d2a20442ca9a900843e9f0fbc6~tplv-g9dfdl17fc-origin-image.image,2026/8/6,内容场占比低,,1499,160,,https://shop.tiktok.com/view/product/1732537802151859158?region=US&locale=en,18.9,Leopard print,"M,S,XS,XL,L"
近14天新品,US,1732522950448943501,S260730030150,Rusttydustty Curve,大码女装,女士连衣裙,4.8,https://p16-she-va.ibyteimg.com/tos-alisg-i-f7lenjegsh-sg/64fadef286d641adb1bcf82b4b80d88d~tplv-g9dfdl17fc-origin-image.image,2026/8/9,内容场占比低,高GPM,57,161,,https://shop.tiktok.com/view/product/1732522950448943501?region=US&locale=en,12.6,"Apricot,Dark Blue","4XL,1XL,0XL,3XL,2XL"
近14天新品,US,1732548252840727135,S260810016252,Vanshee Show,标码女装,女士套装及西服,4.2,https://p16-she-va.ibyteimg.com/tos-alisg-i-f7lenjegsh-sg/97578bcaa593448ca988363c065f1a9b~tplv-g9dfdl17fc-origin-image.image,2026/8/10,内容场占比低,,79,162,,https://shop.tiktok.com/view/product/1732548252840727135?region=US&locale=en,15.6,Baby pink,"M,S,XL,L"
近14天新品,US,1732534596604760966,S260805009999,Trendy Chic Bows,标码女装,女士针织衫,3.3,https://p16-she-va.ibyteimg.com/tos-alisg-i-f7lenjegsh-sg/5db1326b8da8443ab1d823848e0bbf59~tplv-g9dfdl17fc-origin-image.image,2026/8/5,内容场占比低,高GPM,2000,163,,https://shop.tiktok.com/view/product/1732534596604760966?region=US&locale=en,37.5,"Multicolor2,Multicolor3,Multicolor,Multicolor4","M,S,XS,XL,L"
近14天新品,GB,1729878948678179159,S260722024265,FOXCLAW Curve,大码女装,女士下装,4.3,https://p16-she-va.ibyteimg.com/tos-alisg-i-f7lenjegsh-sg/3f78d59a042b420abdcf672c7a9bedd6~tplv-g9dfdl17fc-origin-image.image,2026/8/11,内容场占比低,高GPM,23,86,,https://shop.tiktok.com/view/product/1729878948678179159?region=GB&locale=en,15.5,Khaki,"1XL,4XL,2XL,3XL,5XL"
近14天新品,US,1732528226312425912,S260802011171,ZY PLUS JEANS,大码女装,牛仔,3.9,https://p16-she-va.ibyteimg.com/tos-alisg-i-f7lenjegsh-sg/e9baa61e68db43e99738fe46780f9498~tplv-g9dfdl17fc-origin-image.image,2026/8/9,内容场占比低,高GPM,28,164,,https://shop.tiktok.com/view/product/1732528226312425912?region=US&locale=en,18.6,Medium wash,"4XL,1XL,0XL,3XL,2XL"
近14天新品,US,1732537396528058455,S260806021300,TWrose,标码女装,女士下装,Null,https://p16-she-va.ibyteimg.com/tos-alisg-i-f7lenjegsh-sg/87d4c75ebb564b859352a333d6682446~tplv-g9dfdl17fc-origin-image.image,2026/8/6,内容场占比低,高GPM,1599,165,,https://shop.tiktok.com/view/product/1732537396528058455?region=US&locale=en,37,"Black and khaki,Black + Khaki + Brown,Black + Brown + Khaki + Beige + Wine Red,Khaki,wine red,Black + Wine Red + Navy Blue,Khaki + Beige,Black + Brown + Khaki + Navy Blue + Wine Red,Black,Beige + Khaki + Light Pink,Wine red + light pink,Black + Brown + Khaki + Beige + Light Pink,Light pink,light yellow,Beige,Brown","M,S,XL,L,XS"
近14天新品,US,1732532033098716005,S260801021252,Chic Materials Snob,标码女装,女士针织衫,4.7,https://p16-she-va.ibyteimg.com/tos-alisg-i-f7lenjegsh-sg/63978be893c74fffb36a1df406f677f7~tplv-g9dfdl17fc-origin-image.image,2026/8/10,,,81,166,,https://shop.tiktok.com/view/product/1732532033098716005?region=US&locale=en,12.3,"Camel,Dark wash,Burgundy","M,S,L,XL"
近14天新品,GB,1729886057210944028,S260803022335,Bold Colors,标码女装,女士套装及西服,Null,https://p16-she-va.ibyteimg.com/tos-alisg-i-f7lenjegsh-sg/9af3e618d2504e649dd7f16e399381c8~tplv-g9dfdl17fc-origin-image.image,2026/8/3,内容场占比低,高GPM,14999,87,,https://shop.tiktok.com/view/product/1729886057210944028?region=GB&locale=en,18.5,"Brown,White,Black","XXL,M,XL,S,L"
近14天新品,DE,1729892129237080923,S260810041560,BOUBOU fashion,大码女装,女士连衣裙,Null,https://p16-she-va.ibyteimg.com/tos-alisg-i-f7lenjegsh-sg/620801626aec4074a15f61919f1f009d~tplv-g9dfdl17fc-origin-image.image,2026/8/10,内容场占比低,高GPM,175,2,,https://shop.tiktok.com/view/product/1729892129237080923?region=DE&locale=en,30.6,"Black,Blue,Green,Heather violet,Orange,Lime yellow,Red,Bright orange",one-size
近14天新品,FR,1729887156102732192,S260805009491,Modest Abaya Fashion,标码女装,女士穆斯林服饰,4.4,https://p16-she-va.ibyteimg.com/tos-alisg-i-f7lenjegsh-sg/f4d77f99c3a544d7949e7843cd28e135~tplv-g9dfdl17fc-origin-image.image,2026/8/5,内容场占比低,,164,5,,https://shop.tiktok.com/view/product/1729887156102732192?region=DE&locale=en,36.7,"Khaki,Brown,Black,Pink","L,XXL,S,XL,M"
近14天新品,GB,1729887637590940528,S260805019695,ELia Notess,标码女装,女士套装及西服,3.8,https://p16-she-va.ibyteimg.com/tos-alisg-i-f7lenjegsh-sg/e17dfacd81824e6284c592de9a7bd890~tplv-g9dfdl17fc-origin-image.image,2026/8/11,内容场占比低,高GPM,18,88,,https://shop.tiktok.com/view/product/1729887637590940528?region=GB&locale=en,15.3,Brown,"S,L,M,XS"
近14天新品,FR,1729882422544341388,S260728018528,Hafizah modest,标码女装,女士穆斯林服饰,Null,https://p16-she-va.ibyteimg.com/tos-alisg-i-f7lenjegsh-sg/4f5d8c2a74244c6abf8e9207f1212c76~tplv-g9dfdl17fc-origin-image.image,2026/8/6,内容场占比低,高GPM,1,6,,https://shop.tiktok.com/view/product/1729882422544341388?region=DE&locale=en,36.5,Black,one-size
近14天新品,US,1732544896626823896,S260807013016,Asvivid,标码女装,女士套装及西服,4.3,https://p16-she-va.ibyteimg.com/tos-alisg-i-f7lenjegsh-sg/9c8ea287e401455f9d3de2cf05bebd31~tplv-g9dfdl17fc-origin-image.image,2026/8/7,内容场占比低,高GPM,24,167,,https://shop.tiktok.com/view/product/1732544896626823896?region=US&locale=en,36.5,Multicolor,"M,S,L,XL"
近14天新品,GB,1729890515056958401,S260807037819,Modest Abayas,标码女装,女士穆斯林服饰,4.4,https://p16-she-va.ibyteimg.com/tos-alisg-i-f7lenjegsh-sg/1d0753357b314992b4acd0e252ac0a74~tplv-g9dfdl17fc-origin-image.image,2026/8/7,内容场占比低,,2998,89,,https://shop.tiktok.com/view/product/1729890515056958401?region=GB&locale=en,36.4,"Apricot,White,Black,Pink,Red,Coffee brown","M,XXL,L,XL,S"
近14天新品,US,1732526727948898784,S260801015120,Choove,标码女装,女士套装及西服,4.3,https://p16-she-va.ibyteimg.com/tos-alisg-i-f7lenjegsh-sg/8fb053f5734d45b08f51a04f10fe7e1b~tplv-g9dfdl17fc-origin-image.image,2026/8/5,内容场占比低,,20,168,,https://shop.tiktok.com/view/product/1732526727948898784?region=US&locale=en,12.1,"Black + Apricot,Black and white","M,S,L,XL,XXL"
近14天新品,GB,1729882279776393627,S260728008758,Elan Vogue Boutique,标码女装,女士套装及西服,2.4,https://p16-she-va.ibyteimg.com/tos-alisg-i-f7lenjegsh-sg/7c14be29dc81483cac3ce37d45e97af0~tplv-g9dfdl17fc-origin-image.image,2026/8/8,内容场占比低,高GPM,997,90,,https://shop.tiktok.com/view/product/1729882279776393627?region=GB&locale=en,36.3,Multi-color,"XL,M,L,XXL,S"
近14天新品,US,1732530279534006297,S260803018332,NS Dress,大码女装,女士连衣裙,3.7,https://p16-she-va.ibyteimg.com/tos-alisg-i-f7lenjegsh-sg/b79d57615ffb41889a8fd2e05c02e60d~tplv-g9dfdl17fc-origin-image.image,2026/8/3,内容场占比低,,27,169,,https://shop.tiktok.com/view/product/1732530279534006297?region=US&locale=en,18.1,Pink,"4XL,1XL,0XL,3XL,2XL"
近14天新品,US,1732529026625803082,S260801016658,"Pusheng Fushi Co., L",标码女装,女士套装及西服,4.4,https://p16-she-va.ibyteimg.com/tos-alisg-i-f7lenjegsh-sg/7bf06ede53934971b1f7b6324791e73a~tplv-g9dfdl17fc-origin-image.image,2026/8/6,内容场占比低,高GPM,108,170,,https://shop.tiktok.com/view/product/1732529026625803082?region=US&locale=en,18.1,"Green,Pink,Khaki,Black,Brown","M,S,XS,XL,L"
近14天新品,DE,1729890508027894721,S260807037491,Modest Abayas,标码女装,女士穆斯林服饰,Null,https://p16-she-va.ibyteimg.com/tos-alisg-i-f7lenjegsh-sg/a902175bf3064b75a43cf21ddc9c3d3c~tplv-g9dfdl17fc-origin-image.image,2026/8/7,内容场占比低,高GPM,4498,3,,https://shop.tiktok.com/view/product/1729890508027894721?region=DE&locale=en,36.1,"Dark brown,Light wash,Taro color,Burgundy,Black + Black Lace,White,Baby pink,Black + White Lace,Mint green","M,L,S,XXL,XL"
近14天新品,DE,1729883259582847149,S260729009661,ZIZI Sweater,大码女装,女士针织衫,4.2,https://p16-she-va.ibyteimg.com/tos-alisg-i-f7lenjegsh-sg/f9c20e6d2eb14cc5886a2caa380be0d7~tplv-g9dfdl17fc-origin-image.image,2026/8/3,内容场占比低,高GPM,91,4,,https://shop.tiktok.com/view/product/1729883259582847149?region=DE&locale=en,36,"Gray,Green,Apricot,Blue","3XL,1XL,2XL,4XL"
近14天新品,GB,1729885557937641621,S260801018510,RICH YOU,标码女装,女士套装及西服,4.3,https://p16-she-va.ibyteimg.com/tos-alisg-i-f7lenjegsh-sg/219784a5853b48d88d3b1a0e16d8e967~tplv-g9dfdl17fc-origin-image.image,2026/8/3,内容场占比低,,299996,91,,https://shop.tiktok.com/view/product/1729885557937641621?region=GB&locale=en,12,Brown,"S,L,M"
近14天新品,US,1732540082773988289,S260807037690,Modest Abayas,标码女装,女士穆斯林服饰,4.6,https://p16-she-va.ibyteimg.com/tos-alisg-i-f7lenjegsh-sg/0c8e15209269431d9a3830a8b4006799~tplv-g9dfdl17fc-origin-image.image,2026/8/7,内容场占比低,,999,171,,https://shop.tiktok.com/view/product/1732540082773988289?region=US&locale=en,35.8,"White,Black","M,S,L,XL,XXL"
近14天新品,US,1732545754842959964,S260810016063,Lush Apparel,标码女装,女士下装,3.5,https://p16-she-va.ibyteimg.com/tos-alisg-i-f7lenjegsh-sg/cfa4185f69454d6b865816ccfda9b381~tplv-g9dfdl17fc-origin-image.image,2026/8/10,内容场占比低,高GPM,15998,172,,https://shop.tiktok.com/view/product/1732545754842959964?region=US&locale=en,17.9,"Royal blue,Khaki,Black,Brown","M,S,L,XL"
近14天新品,MX,1736375624608876051,S260703033641,Mara Moda,标码女装,女士下装,4.6,https://p16-she-va.ibyteimg.com/tos-alisg-i-f7lenjegsh-sg/c55adeb76b9f4b1faf97b75bc57d4d25~tplv-g9dfdl17fc-origin-image.image,2026/8/4,内容场占比低,,46,19,,https://shop.tiktok.com/view/product/1736375624608876051?region=MX&locale=en,11.9,"Gray,Army green","XL,XS,M,S,L"
近14天新品,US,1732539354694062167,S260807009093,TWrose,标码女装,女士下装,Null,https://p16-she-va.ibyteimg.com/tos-alisg-i-f7lenjegsh-sg/f0f9b0338ad74f22b5be9a7ca1c207fb~tplv-g9dfdl17fc-origin-image.image,2026/8/7,内容场占比低,高GPM,1200,173,,https://shop.tiktok.com/view/product/1732539354694062167?region=US&locale=en,35.8,"Green,Khaki,Red,Black + Blue + Red,Gray,Black + Blue + Gray,Black,Black + Blue,Black + Blue + Khaki + Gray + Red,Black + Red,Black + Blue + Khaki,Blue","M,S,XL,L,XXL"
近14天新品,GB,1729887233133615854,S260803036681,Zisman,标码女装,女士套装及西服,Null,https://p16-she-va.ibyteimg.com/tos-alisg-i-f7lenjegsh-sg/e1883f66a9ec465cbb077912c2cde74c~tplv-g9dfdl17fc-origin-image.image,2026/8/5,内容场占比低,高GPM,400,92,,https://shop.tiktok.com/view/product/1729887233133615854?region=GB&locale=en,11.9,"Beige polka dots,Blue stripes","M,XL,L,S"
近14天新品,US,1732550060051960004,S260811008155,Irene Dress,标码女装,女士套装及西服,3.1,https://p16-she-va.ibyteimg.com/tos-alisg-i-f7lenjegsh-sg/545787e3e7084d2cb14fa0d331d7c3a8~tplv-g9dfdl17fc-origin-image.image,2026/8/11,内容场占比低,高GPM,79,174,,https://shop.tiktok.com/view/product/1732550060051960004?region=US&locale=en,23.8,Coral pink,"M,S,L,XL"
近14天新品,US,1732530697140015129,S260803022312,NS Dress,大码女装,女士连衣裙,3.7,https://p16-she-va.ibyteimg.com/tos-alisg-i-f7lenjegsh-sg/e48356ae412f4765b5767d318bbfcabc~tplv-g9dfdl17fc-origin-image.image,2026/8/3,内容场占比低,,46,175,,https://shop.tiktok.com/view/product/1732530697140015129?region=US&locale=en,35.6,Hot pink,"1XL,0XL,3XL,2XL"
近14天新品,US,1732537406220767257,S260806021599,NS Dress,大码女装,女士连衣裙,3.7,https://p16-she-va.ibyteimg.com/tos-alisg-i-f7lenjegsh-sg/1e9da5feb51b4ca5959fc588b03a7df1~tplv-g9dfdl17fc-origin-image.image,2026/8/6,内容场占比低,高GPM,24,176,,https://shop.tiktok.com/view/product/1732537406220767257?region=US&locale=en,17.5,Orange,"4XL,1XL,0XL,3XL,2XL"
近14天新品,GB,1729887837880752602,S260805034464,Baillin Dress,标码女装,女士套装及西服,4.8,https://p16-she-va.ibyteimg.com/tos-alisg-i-f7lenjegsh-sg/6622c508cb8540249e17ff4724d0ba33~tplv-g9dfdl17fc-origin-image.image,2026/8/5,内容场占比低,,895,93,,https://shop.tiktok.com/view/product/1729887837880752602?region=GB&locale=en,17.5,"Caramel-colored stripes,Rose strip,Black-and-gray stripes","S,M,XL,L"
近14天新品,GB,1729878341361572183,S260715021521,FOXCLAW Curve,大码女装,女士套装及西服,4.3,https://p16-she-va.ibyteimg.com/tos-alisg-i-f7lenjegsh-sg/b71ad8df18f84d8fac9e5c61f6b08fa0~tplv-g9dfdl17fc-origin-image.image,2026/8/7,内容场占比低,,31,94,,https://shop.tiktok.com/view/product/1729878341361572183?region=GB&locale=en,17.5,Black,"4XL,5XL,2XL,3XL,1XL"
近14天新品,GB,1729874776878586321,S260716036576,Zova Chic,标码女装,女士套装及西服,4.4,https://p16-she-va.ibyteimg.com/tos-alisg-i-f7lenjegsh-sg/c0893d4c09e343e8856996992b734784~tplv-g9dfdl17fc-origin-image.image,2026/8/5,内容场占比低,,12,95,,https://shop.tiktok.com/view/product/1729874776878586321?region=GB&locale=en,8.7,"Yellow,Apricot","M,XXS,S,XS"
近14天新品,GB,1729884963225902013,S260801011387,Chic Shorties,大码女装,女士下装,Null,https://p16-she-va.ibyteimg.com/tos-alisg-i-f7lenjegsh-sg/6610150e85e243a9a0812c2a34266eab~tplv-g9dfdl17fc-origin-image.image,2026/8/5,内容场占比低,高GPM,11,96,,https://shop.tiktok.com/view/product/1729884963225902013?region=GB&locale=en,11.6,"Apricot,Black,Pink","5XL,3XL,2XL,4XL,1XL"
近14天新品,GB,1729870057362660250,S260710019463,Tide Denim,大码女装,牛仔,4.4,https://p16-she-va.ibyteimg.com/tos-alisg-i-f7lenjegsh-sg/b8a95e74398546158e56812c5e9c4635~tplv-g9dfdl17fc-origin-image.image,2026/8/5,内容场占比低,,19,97,,https://shop.tiktok.com/view/product/1729870057362660250?region=GB&locale=en,17.3,Medium wash,"2XL,3XL,0XL,1XL"
近14天新品,US,1732548651267428695,S260809000153,FOXCLAW Curve,大码女装,女士套装及西服,4,https://p16-she-va.ibyteimg.com/tos-alisg-i-f7lenjegsh-sg/a4a5056552b14654a5f5a401c4a11b53~tplv-g9dfdl17fc-origin-image.image,2026/8/10,内容场占比低,高GPM,23,177,,https://shop.tiktok.com/view/product/1732548651267428695?region=US&locale=en,28.8,Purple,"4XL,1XL,0XL,3XL,2XL"
近14天新品,US,1732528477352399173,S260802016121,YouAnnn,标码女装,女士针织衫,4.1,https://p16-she-va.ibyteimg.com/tos-alisg-i-f7lenjegsh-sg/cb48dbfde69b48818e7f67432be148c5~tplv-g9dfdl17fc-origin-image.image,2026/8/8,内容场占比低,高GPM,201,178,,https://shop.tiktok.com/view/product/1732528477352399173?region=US&locale=en,11.5,"Cream,Stone gray,Green","M,S,XL,L,XXL"
近14天新品,US,1732548922425577842,S260811023862,Lune et Mer,标码女装,女士套装及西服,2.7,https://p16-she-va.ibyteimg.com/tos-alisg-i-f7lenjegsh-sg/cabfca58b84642ae8e87dfaf894d07c5~tplv-g9dfdl17fc-origin-image.image,2026/8/12,内容场占比低,高GPM,480,179,,https://shop.tiktok.com/view/product/1732548922425577842?region=US&locale=en,23,"Yellow,Black,Apricot,Blue","M,S,XL,L"
近14天新品,US,1732524895998284124,S260731010905,Zhichn Clthing,标码女装,女士针织衫,4.8,https://p16-she-va.ibyteimg.com/tos-alisg-i-f7lenjegsh-sg/c8c83ccf83324312b430e65235db8857~tplv-g9dfdl17fc-origin-image.image,2026/8/3,内容场占比低,,56,180,,https://shop.tiktok.com/view/product/1732524895998284124?region=US&locale=en,6.9,"Coffee brown,Cream,Black,Burgundy","M,S,L"
近14天新品,GB,1729891896034367575,S260810029273,TWcozy,标码女装,女士套装及西服,Null,https://p16-she-va.ibyteimg.com/tos-alisg-i-f7lenjegsh-sg/51724107683c45eb9cff33d68cba0c9f~tplv-g9dfdl17fc-origin-image.image,2026/8/10,内容场占比低,高GPM,2000,98,,https://shop.tiktok.com/view/product/1729891896034367575?region=GB&locale=en,34.4,"Multicolor3,Multicolor4,Multicolor5,Dark gray,Multicolor2,Pink,Multicolor1,Coffee brown,Rusty pink,Red","L,XL,S,M"
近14天新品,GB,1729892051876026886,S260810034896,Lira Select,标码女装,女士下装,Null,https://p16-she-va.ibyteimg.com/tos-alisg-i-f7lenjegsh-sg/62d3359646ea4670b2147b4f17f371d5~tplv-g9dfdl17fc-origin-image.image,2026/8/10,内容场占比低,高GPM,250000,99,,https://shop.tiktok.com/view/product/1729892051876026886?region=GB&locale=en,28.6,"Yellow,Reddish brown,Sky blue,Pink,Army green,Light green,Coffee brown,Navy blue,White,Black","L,S,XL,M,XXL"
近14天新品,FR,1729885532194707909,S260802011908,Deer wardrobe,标码女装,女士套装及西服,Null,https://p16-she-va.ibyteimg.com/tos-alisg-i-f7lenjegsh-sg/49cb254c49b3431682e8203844451d5a~tplv-g9dfdl17fc-origin-image.image,2026/8/3,内容场占比低,高GPM,449,7,,https://shop.tiktok.com/view/product/1729885532194707909?region=DE&locale=en,34.2,"Blue,Apricot,Green,Pink,Gray,Black","XXL,S,XL,M,L"
近14天新品,GB,1729883238400498188,S260729032215,NiceForWhat,标码女装,女士套装及西服,4.7,https://p16-she-va.ibyteimg.com/tos-alisg-i-f7lenjegsh-sg/22afbc2e56ad41f5a5759724f05baaf1~tplv-g9dfdl17fc-origin-image.image,2026/8/3,内容场占比低,,8,100,,https://shop.tiktok.com/view/product/1729883238400498188?region=GB&locale=en,16.9,Multi-color,"M,L,S"
近14天新品,US,1732530724073018133,S260803027188,AOMR,标码女装,女士下装,4.4,https://p16-she-va.ibyteimg.com/tos-alisg-i-f7lenjegsh-sg/66bdad1323dc40999904a91eb27f1f0a~tplv-g9dfdl17fc-origin-image.image,2026/8/5,内容场占比低,,30,181,,https://shop.tiktok.com/view/product/1732530724073018133?region=US&locale=en,11.2,"Light green,Gray","M,S,L"
近14天新品,GB,1729880063082338655,S260720036195,Modern Chic Subtle,标码女装,女士套装及西服,Null,https://p16-she-va.ibyteimg.com/tos-alisg-i-f7lenjegsh-sg/20ad4641a4874b599e6bd6611a64fa26~tplv-g9dfdl17fc-origin-image.image,2026/8/5,内容场占比低,,58,101,,https://shop.tiktok.com/view/product/1729880063082338655?region=GB&locale=en,16.8,"Yellow,Light apricot color,Gray,Pinkish Purple,Ocean blue,water green,Olive green,Brown","L,M,S,XL"
近14天新品,GB,1729887272906233896,S260804039178,FIRSTROW,标码女装,女士套装及西服,4.5,https://p16-she-va.ibyteimg.com/tos-alisg-i-f7lenjegsh-sg/7417d1d8823c44ee8433c8b72baffe3f~tplv-g9dfdl17fc-origin-image.image,2026/8/7,内容场占比低,,36,102,,https://shop.tiktok.com/view/product/1729887272906233896?region=GB&locale=en,16.7,"Olive green,Gray","S,M,L"
近14天新品,FR,1729886665979763084,S260804015693,Hafizah modest,标码女装,女士穆斯林服饰,Null,https://p16-she-va.ibyteimg.com/tos-alisg-i-f7lenjegsh-sg/9461f607ac014143b4df2033a976e29e~tplv-g9dfdl17fc-origin-image.image,2026/8/6,内容场占比低,高GPM,58,8,,https://shop.tiktok.com/view/product/1729886665979763084?region=DE&locale=en,33.3,"Black,Deep purple,Gray","L,S,M,XXL,XL"
近14天新品,US,1732514993749463868,S260724015626,AIWEIEN Plus Size,大码女装,女士连衣裙,4.2,https://p16-she-va.ibyteimg.com/tos-alisg-i-f7lenjegsh-sg/ed21b14d8837473c92ac89f6f3546d5d~tplv-g9dfdl17fc-origin-image.image,2026/8/8,,高GPM,28,182,,https://shop.tiktok.com/view/product/1732514993749463868?region=US&locale=en,16.7,Mixed colors,"5XL,4XL,1XL,3XL,2XL"
近14天新品,US,1732500525056954711,S260719010018,FOXCLAW Curve,大码女装,女士下装,4,https://p16-she-va.ibyteimg.com/tos-alisg-i-f7lenjegsh-sg/088a9b8314624f7da7fc0ea5b8a4e6f6~tplv-g9dfdl17fc-origin-image.image,2026/8/5,内容场占比低,,29,183,,https://shop.tiktok.com/view/product/1732500525056954711?region=US&locale=en,22.9,Pink,"5XL,4XL,1XL,3XL,2XL"
近14天新品,MX,1737024068287694439,S260813038706,Beauty Beauty Plus,大码女装,女士连衣裙,3.4,https://p16-she-va.ibyteimg.com/tos-alisg-i-f7lenjegsh-sg/d85d73faa4a54b1da5cf6b386e234d2f~tplv-g9dfdl17fc-origin-image.image,2026/8/13,内容场占比低,高GPM,250,20,,https://shop.tiktok.com/view/product/1737024068287694439?region=MX&locale=en,16.6,Apricot,"2XL,0XL,3XL,4XL,1XL"
近14天新品,GB,1729888019301178168,S260805038962,CY Garment,大码女装,女士上装,4.6,https://p16-she-va.ibyteimg.com/tos-alisg-i-f7lenjegsh-sg/9aa8a2051b90448ebe768a97d9e23dfe~tplv-g9dfdl17fc-origin-image.image,2026/8/5,内容场占比低,,58,103,,https://shop.tiktok.com/view/product/1729888019301178168?region=GB&locale=en,11.1,Black,"1XL,3XL,4XL,6XL,2XL,5XL"
近14天新品,US,1732526554604999162,S260801007519,Elegant Finjani,大码女装,女士连衣裙,4.4,https://p16-she-va.ibyteimg.com/tos-alisg-i-f7lenjegsh-sg/3642124f20a940af9dfba94de019e869~tplv-g9dfdl17fc-origin-image.image,2026/8/8,内容场占比低,,308,184,,https://shop.tiktok.com/view/product/1732526554604999162?region=US&locale=en,16.6,"Purple,Navy blue,Black","5XL,4XL,1XL,0XL,3XL,2XL"
近14天新品,GB,1729883166634645698,S260729020593,Xbbyy,大码女装,女士上装,4.5,https://p16-she-va.ibyteimg.com/tos-alisg-i-f7lenjegsh-sg/0b36d2dd0e8e440bb7faec777f0d6e22~tplv-g9dfdl17fc-origin-image.image,2026/8/4,内容场占比低,高GPM,97,104,,https://shop.tiktok.com/view/product/1729883166634645698?region=GB&locale=en,16.6,"Light wash,Bright orange","1XL,4XL,5XL,3XL,2XL"
近14天新品,GB,1729894972599343753,S260813037199,.Home sweet home,大码女装,女士下装,2.8,https://p16-she-va.ibyteimg.com/tos-alisg-i-f7lenjegsh-sg/f714c2a7a07047d6bff6a3b9056dbe5b~tplv-g9dfdl17fc-origin-image.image,2026/8/13,内容场占比低,高GPM,170,105,,https://shop.tiktok.com/view/product/1729894972599343753?region=GB&locale=en,16.6,Black,"1XL,4XL,0XL,3XL,2XL"
近14天新品,MX,1736639461115921741,S260721028246,Follome,标码女装,女士下装,4.4,https://p16-she-va.ibyteimg.com/tos-alisg-i-f7lenjegsh-sg/bf02f6d188af4f12871ab567c86bcac8~tplv-g9dfdl17fc-origin-image.image,2026/8/4,内容场占比低,,16,21,,https://shop.tiktok.com/view/product/1736639461115921741?region=MX&locale=en,11,Black,"S,XL,M,L"
近14天新品,GB,1729890508674210753,S260807037491,Modest Abayas,标码女装,女士穆斯林服饰,4.4,https://p16-she-va.ibyteimg.com/tos-alisg-i-f7lenjegsh-sg/a902175bf3064b75a43cf21ddc9c3d3c~tplv-g9dfdl17fc-origin-image.image,2026/8/7,内容场占比低,,4498,106,,https://shop.tiktok.com/view/product/1729890508674210753?region=GB&locale=en,32.8,"Dark brown,Light wash,Taro color,Burgundy,Black + Black Lace,White,Baby pink,Black + White Lace,Mint green","M,L,S,XXL,XL"
近14天新品,US,1732538035593384028,S260806041705,Lush Apparel,标码女装,女士下装,3.5,https://p16-she-va.ibyteimg.com/tos-alisg-i-f7lenjegsh-sg/0221812a852147c7bd37fcc840fce2ae~tplv-g9dfdl17fc-origin-image.image,2026/8/7,内容场占比低,高GPM,59999,185,,https://shop.tiktok.com/view/product/1732538035593384028?region=US&locale=en,16.4,"Royal blue,Pink,Leaf green,Army green,Black,Lime yellow,Dark brown,Pastel blue,Mulberry,Apricot","M,S,L,XS,XXL,XL"
近14天新品,US,1732534184870122197,S260804011858,Chic Quick Fits,标码女装,女士套装及西服,Null,https://p16-she-va.ibyteimg.com/tos-alisg-i-f7lenjegsh-sg/2ff56d08894546d781ab29d4ae9354da~tplv-g9dfdl17fc-origin-image.image,2026/8/4,内容场占比低,,1200,186,,https://shop.tiktok.com/view/product/1732534184870122197?region=US&locale=en,32.5,"Rose gold,White,Black","M,S,XL,L"
近14天新品,GB,1729890295362394837,S260807014135,Ribbon & Rouge,大码女装,连体衣,Null,https://p16-she-va.ibyteimg.com/tos-alisg-i-f7lenjegsh-sg/2e79d53c61cc45c396cd7616e7773138~tplv-g9dfdl17fc-origin-image.image,2026/8/7,内容场占比低,高GPM,8887,107,,https://shop.tiktok.com/view/product/1729890295362394837?region=GB&locale=en,16.2,"Black,White","2XL,1XL,0XL,3XL,4XL"
近14天新品,US,1732541553639854475,S260808017869,Yuki Sora,标码女装,女士针织衫,Null,https://p16-she-va.ibyteimg.com/tos-alisg-i-f7lenjegsh-sg/7ea20e42696942b198f3057dbd8cf8e5~tplv-g9dfdl17fc-origin-image.image,2026/8/8,内容场占比低,高GPM,2002,187,,https://shop.tiktok.com/view/product/1732541553639854475?region=US&locale=en,16.2,"Iron gray,Light brown,Black,Olive brown","M,S,XL,L,XXL"
近14天新品,GB,1729881752425896611,S260727017592,Vincira,标码女装,女士套装及西服,Null,https://p16-she-va.ibyteimg.com/tos-alisg-i-f7lenjegsh-sg/795a06274a244023a81143b9fc8f7c03~tplv-g9dfdl17fc-origin-image.image,2026/8/9,内容场占比低,高GPM,32,108,,https://shop.tiktok.com/view/product/1729881752425896611?region=GB&locale=en,10.8,Brown,"L,M,XL,S"
近14天新品,GB,1729886849285593533,S260804026284,Jascent,标码女装,女士套装及西服,4.4,https://p16-she-va.ibyteimg.com/tos-alisg-i-f7lenjegsh-sg/04659ff4f7344965bdab246235973265~tplv-g9dfdl17fc-origin-image.image,2026/8/4,内容场占比低,高GPM,499,109,,https://shop.tiktok.com/view/product/1729886849285593533?region=GB&locale=en,16.2,Stripe,"L,M,XXL,S,XL"
近14天新品,GB,1729890511072369601,S260807037690,Modest Abayas,标码女装,女士穆斯林服饰,4.4,https://p16-she-va.ibyteimg.com/tos-alisg-i-f7lenjegsh-sg/0c8e15209269431d9a3830a8b4006799~tplv-g9dfdl17fc-origin-image.image,2026/8/7,内容场占比低,,999,110,,https://shop.tiktok.com/view/product/1729890511072369601?region=GB&locale=en,32.4,"White,Black","M,XXL,L,S,XL"
近14天新品,US,1732516135209242749,S260727021268,SS VARAH,大码女装,女士针织衫,Null,https://p16-she-va.ibyteimg.com/tos-alisg-i-f7lenjegsh-sg/7d9ce32951214f7b863b970d87f7bfcd~tplv-g9dfdl17fc-origin-image.image,2026/8/3,,高GPM,3999,188,,https://shop.tiktok.com/view/product/1732516135209242749?region=US&locale=en,32.4,Khaki,"4XL,1XL,3XL,2XL"
近14天新品,DE,1729889217423775752,S260806023425,MuVibe,标码女装,女士套装及西服,Null,https://p16-she-va.ibyteimg.com/tos-alisg-i-f7lenjegsh-sg/2f5bfb09b35f491a9866f71b6f35557a~tplv-g9dfdl17fc-origin-image.image,2026/8/6,内容场占比低,高GPM,1997,5,,https://shop.tiktok.com/view/product/1729889217423775752?region=DE&locale=en,32.4,"White + Pink,White + Brown","XS,S,XL,L,M"
近14天新品,US,1732533365418922494,S260804042356,Wangsiting clothes,标码女装,女士针织衫,4,https://p16-she-va.ibyteimg.com/tos-alisg-i-f7lenjegsh-sg/4b63e30f48da444a9a55da29e4749c30~tplv-g9dfdl17fc-origin-image.image,2026/8/7,内容场占比低,高GPM,494,189,,https://shop.tiktok.com/view/product/1732533365418922494?region=US&locale=en,32.2,Yellow,"M,S,L,XS,XL"
近14天新品,US,1732516907823174386,S260727030199,ZANZEAFASHION,标码女装,女士穆斯林服饰,2,https://p16-she-va.ibyteimg.com/tos-alisg-i-f7lenjegsh-sg/303c7b9182da429ea82f22637456bfe1~tplv-g9dfdl17fc-origin-image.image,2026/8/3,内容场占比低,,55,190,,https://shop.tiktok.com/view/product/1732516907823174386?region=US&locale=en,31.9,"Khaki,Black,Blue","M,S,XL,L,XXL"
近14天新品,GB,1729877708526557625,S260721006720,Nancy Form,大码女装,女士连衣裙,4.4,https://p16-she-va.ibyteimg.com/tos-alisg-i-f7lenjegsh-sg/065e190839e94d74a3645a5a4ca01a07~tplv-g9dfdl17fc-origin-image.image,2026/8/3,内容场占比低,,68,111,,https://shop.tiktok.com/view/product/1729877708526557625?region=GB&locale=en,15.9,"Red,Black,Dark green,Purple","4XL,3XL,2XL,1XL,0XL"
近14天新品,GB,1729881180696451374,S260726012125,WZQH Women's Clothing,标码女装,女士下装,4.8,https://p16-she-va.ibyteimg.com/tos-alisg-i-f7lenjegsh-sg/25c5e601e3244d199c7355e0d393f593~tplv-g9dfdl17fc-origin-image.image,2026/8/10,内容场占比低,高GPM,90,112,,https://shop.tiktok.com/view/product/1729881180696451374?region=GB&locale=en,15.9,"Black,Brown","L,XL,M,XXL,S"
近14天新品,US,1732515867484721899,S260723012213,Bettlity,标码女装,女士针织衫,4.7,https://p16-she-va.ibyteimg.com/tos-alisg-i-f7lenjegsh-sg/f5422942199c4bb682e65b4f40a491c1~tplv-g9dfdl17fc-origin-image.image,2026/8/6,内容场占比低,高GPM,24,191,,https://shop.tiktok.com/view/product/1732515867484721899?region=US&locale=en,31.6,Navy blue,"M,S,XL,L,XXL"
近14天新品,US,1732534313713438760,S260804039178,FIRSTROW,标码女装,女士套装及西服,4.2,https://p16-she-va.ibyteimg.com/tos-alisg-i-f7lenjegsh-sg/7417d1d8823c44ee8433c8b72baffe3f~tplv-g9dfdl17fc-origin-image.image,2026/8/7,内容场占比低,高GPM,36,192,,https://shop.tiktok.com/view/product/1732534313713438760?region=US&locale=en,15.6,"Olive green,Gray","M,S,L"
近14天新品,US,1732515680391631150,S260727009650,RaverageCloset,标码女装,女士套装及西服,Null,https://p16-she-va.ibyteimg.com/tos-alisg-i-f7lenjegsh-sg/5ce469ffb9ca489f99169043024920ea~tplv-g9dfdl17fc-origin-image.image,2026/8/3,内容场占比低,高GPM,14,193,,https://shop.tiktok.com/view/product/1732515680391631150?region=US&locale=en,10.4,Brown stripes,"M,S,L,XS"
近14天新品,GB,1729874701625563479,S260716031407,FOXCLAW Curve,大码女装,女士上装,4.3,https://p16-she-va.ibyteimg.com/tos-alisg-i-f7lenjegsh-sg/9de2f20d850e4138a3061470567c33ee~tplv-g9dfdl17fc-origin-image.image,2026/8/5,内容场占比低,,15,113,,https://shop.tiktok.com/view/product/1729874701625563479?region=GB&locale=en,10.3,Gray,"4XL,2XL,3XL,5XL,1XL"
近14天新品,IT,1729889808114030753,S260806029254,Muse Plus,大码女装,女士套装及西服,3.9,https://p16-she-va.ibyteimg.com/tos-alisg-i-f7lenjegsh-sg/fbc14fd32ede4f819819a5d78ec87f3f~tplv-g9dfdl17fc-origin-image.image,2026/8/6,内容场占比低,高GPM,1994,1,,https://shop.tiktok.com/view/product/1729889808114030753?region=DE&locale=en,30.8,"Gray,Khaki,Deep pink,Red,Pink,Navy blue,Army green,Brown,Blue,Black,Purple,Burgundy","4XL,1XL,0XL,3XL,2XL"
近14天新品,US,1732533311614063275,S260804017172,Rapwriter,标码女装,女士套装及西服,4.8,https://p16-she-va.ibyteimg.com/tos-alisg-i-f7lenjegsh-sg/deb36756eb9146f98b698d950ca82f77~tplv-g9dfdl17fc-origin-image.image,2026/8/8,内容场占比低,,27,194,,https://shop.tiktok.com/view/product/1732533311614063275?region=US&locale=en,10.3,"Red,Gray","M,S,L"
近14天新品,US,1732540041458913398,S260805037232,Floe.,标码女装,女士下装,Null,https://p16-she-va.ibyteimg.com/tos-alisg-i-f7lenjegsh-sg/90d7b784c46f4e7c8dd8d0828ca4db9f~tplv-g9dfdl17fc-origin-image.image,2026/8/5,内容场占比低,,10000,195,,https://shop.tiktok.com/view/product/1732540041458913398?region=US&locale=en,15.3,"绿色豹纹,橙色豹纹,红色豹纹,Brown","M,S,L,XL,XXL"
近14天新品,GB,1729886698341767775,S260804017814,Vanshee Show,标码女装,女士套装及西服,4,https://p16-she-va.ibyteimg.com/tos-alisg-i-f7lenjegsh-sg/30f88ca2a20e4aa49afbd0331c0abfa9~tplv-g9dfdl17fc-origin-image.image,2026/8/4,内容场占比低,,77,114,,https://shop.tiktok.com/view/product/1729886698341767775?region=GB&locale=en,15.3,Silver,"XL,M,S,L"
近14天新品,GB,1729877719964424535,S260720024740,FOXCLAW Curve,大码女装,女士下装,4.3,https://p16-she-va.ibyteimg.com/tos-alisg-i-f7lenjegsh-sg/c243fa6da6ea4f5bbda91eab2ed370d1~tplv-g9dfdl17fc-origin-image.image,2026/8/5,内容场占比低,高GPM,32,115,,https://shop.tiktok.com/view/product/1729877719964424535?region=GB&locale=en,15.3,Black,"2XL,4XL,3XL,5XL,1XL"
近14天新品,DE,1729886304823253432,S260803030625,ZY PLUS JEANS,大码女装,牛仔,4.5,https://p16-she-va.ibyteimg.com/tos-alisg-i-f7lenjegsh-sg/1283869124d740afb627e2ac6b4871a9~tplv-g9dfdl17fc-origin-image.image,2026/8/7,内容场占比低,高GPM,34,6,,https://shop.tiktok.com/view/product/1729886304823253432?region=DE&locale=en,30.6,Jet black,"4XL,3XL,2XL,0XL,1XL"
近14天新品,US,1732533436300562762,S260722023214,Ealiy,大码女装,女士连衣裙,Null,https://p16-she-va.ibyteimg.com/tos-alisg-i-f7lenjegsh-sg/6eb70705439747b0a9e176072b15e06e~tplv-g9dfdl17fc-origin-image.image,2026/8/7,内容场占比低,高GPM,34,196,,https://shop.tiktok.com/view/product/1732533436300562762?region=US&locale=en,15.3,Brown,"4XL,1XL,3XL,2XL"
近14天新品,US,1732530290880779103,S260803018028,SeeYouLater Store,标码女装,女士下装,4.7,https://p16-she-va.ibyteimg.com/tos-alisg-i-f7lenjegsh-sg/ec7cc7caf9e94896bc6ed931c2d10146~tplv-g9dfdl17fc-origin-image.image,2026/8/5,内容场占比低,,15,197,,https://shop.tiktok.com/view/product/1732530290880779103?region=US&locale=en,10.2,Dark brown,"M,S,L"
近14天新品,US,1732530903045542571,S260803027292,Rapwriter,标码女装,女士套装及西服,4.8,https://p16-she-va.ibyteimg.com/tos-alisg-i-f7lenjegsh-sg/1dbaf631c2274a4a8a1f2474df8d14c1~tplv-g9dfdl17fc-origin-image.image,2026/8/6,内容场占比低,,12,198,,https://shop.tiktok.com/view/product/1732530903045542571?region=US&locale=en,15.2,Multi-color,"M,S,L"
近14天新品,US,1732530161338323015,S260731032470,Mini knit,标码女装,女士针织衫,3.4,https://p16-she-va.ibyteimg.com/tos-alisg-i-f7lenjegsh-sg/4d7077d9ff344e83a30826357ee35971~tplv-g9dfdl17fc-origin-image.image,2026/8/7,内容场占比低,高GPM,19,199,,https://shop.tiktok.com/view/product/1732530161338323015?region=US&locale=en,15.2,"Orange,Gray,Dark green","M,S,XL,L"
近14天新品,GB,1729890000750614748,S260804009042,ZOHRA,大码女装,女士下装,4.4,https://p16-she-va.ibyteimg.com/tos-alisg-i-f7lenjegsh-sg/d01334914b214fadae14cc1decec2a6c~tplv-g9dfdl17fc-origin-image.image,2026/8/7,内容场占比低,高GPM,384,116,,https://shop.tiktok.com/view/product/1729890000750614748?region=GB&locale=en,15.2,"Dark gray,Navy blue,Black,Burgundy","1XL,2XL,4XL,5XL,3XL,0XL"
近14天新品,US,1732532440292233580,S260804002830,Custom Made Wear,标码女装,女士套装及西服,3.6,https://p16-she-va.ibyteimg.com/tos-alisg-i-f7lenjegsh-sg/da33600f0eb24eaab65ca20a5e2f813a~tplv-g9dfdl17fc-origin-image.image,2026/8/4,内容场占比低,,14998,200,,https://shop.tiktok.com/view/product/1732532440292233580?region=US&locale=en,15.2,"Multicolor2,Multicolor3,Multicolor","M,S,XL,L,XXL"
近14天新品,US,1732549406871687270,S260811038351,JN Chic Budget Chic,大码女装,女士针织衫,4.4,https://p16-she-va.ibyteimg.com/tos-alisg-i-f7lenjegsh-sg/e577a6c8ee7d4cb2918d0ea8f024355b~tplv-g9dfdl17fc-origin-image.image,2026/8/11,内容场占比低,高GPM,200,201,,https://shop.tiktok.com/view/product/1732549406871687270?region=US&locale=en,25.3,Dark gray,"4XL,1XL,3XL,2XL"
近14天新品,US,1732522749686027089,S260730016782,ruisusu Marketplace,标码女装,女士穆斯林服饰,1.6,https://p16-she-va.ibyteimg.com/tos-alisg-i-f7lenjegsh-sg/e078452014ca4950803d5dfd0f14b01e~tplv-g9dfdl17fc-origin-image.image,2026/8/10,内容场占比低,,92,202,,https://shop.tiktok.com/view/product/1732522749686027089?region=US&locale=en,15.2,"Coffee brown,Baby pink,Pink,Khaki,Army green,Black,Dark green,Dark Blue","M,XL,L"
近14天新品,GB,1729889623051966582,S260806038619,Floe.,标码女装,女士下装,Null,https://p16-she-va.ibyteimg.com/tos-alisg-i-f7lenjegsh-sg/93ecd4c643ec463cb7661f99becc8986~tplv-g9dfdl17fc-origin-image.image,2026/8/6,内容场占比低,,32500,117,,https://shop.tiktok.com/view/product/1729889623051966582?region=GB&locale=en,10.1,"交通白,淡紫,浅色水洗蓝,Black,橄榄绿,Mint Green,淡粉色,皇家蓝,酒红色,Grey,火焰红,卡其,Yellow","XL,M,S,L,XXL"
近14天新品,US,1732534620364706429,S260805010096,Chic Save Boutique,标码女装,女士套装及西服,4.5,https://p16-she-va.ibyteimg.com/tos-alisg-i-f7lenjegsh-sg/7fbf33696d224b519ebc23a1e40d8113~tplv-g9dfdl17fc-origin-image.image,2026/8/5,内容场占比低,,237,203,,https://shop.tiktok.com/view/product/1732534620364706429?region=US&locale=en,30.2,"Dark gray,Sky blue,Light gray,Brown","M,S,L,XL"
近14天新品,GB,1729889265685863042,S260806024965,ORXUPR,标码女装,女士特殊服饰,4.6,https://p16-she-va.ibyteimg.com/tos-alisg-i-f7lenjegsh-sg/301896fd86b746fd869788fe63ca62a2~tplv-g9dfdl17fc-origin-image.image,2026/8/6,内容场占比低,,498,118,,https://shop.tiktok.com/view/product/1729889265685863042?region=GB&locale=en,15.1,Black,"XXL,XL,L,M,S"
近14天新品,US,1732531206714134968,S260803004489,ZY PLUS JEANS,大码女装,牛仔,3.9,https://p16-she-va.ibyteimg.com/tos-alisg-i-f7lenjegsh-sg/abe19a7ea4bb4898b45263ca7c61b643~tplv-g9dfdl17fc-origin-image.image,2026/8/9,内容场占比低,高GPM,33,204,,https://shop.tiktok.com/view/product/1732531206714134968?region=US&locale=en,15.1,Dark wash,"4XL,1XL,0XL,3XL,2XL"
近14天新品,MX,1736737457356571950,S260727009650,RaverageCloset,标码女装,女士套装及西服,Null,https://p16-she-va.ibyteimg.com/tos-alisg-i-f7lenjegsh-sg/5ce469ffb9ca489f99169043024920ea~tplv-g9dfdl17fc-origin-image.image,2026/8/3,内容场占比低,,14,22,,https://shop.tiktok.com/view/product/1736737457356571950?region=MX&locale=en,10,Brown stripes,"L,M,S,XS"
近14天新品,US,1732530587406668172,S260803020552,Hafizah Studio,标码女装,女士穆斯林服饰,3,https://p16-she-va.ibyteimg.com/tos-alisg-i-f7lenjegsh-sg/1f6301f847fd442b9253abe7b0835d2c~tplv-g9dfdl17fc-origin-image.image,2026/8/6,内容场占比低,,21,205,,https://shop.tiktok.com/view/product/1732530587406668172?region=US&locale=en,15,Black,"M,S,XL,L,XXL"
近14天新品,US,1732530164583600564,S260731029222,Kaman Show,标码女装,女士套装及西服,3.6,https://p16-she-va.ibyteimg.com/tos-alisg-i-f7lenjegsh-sg/64ef6ef403b64fea80d85f683c958050~tplv-g9dfdl17fc-origin-image.image,2026/8/3,内容场占比低,,0,206,,https://shop.tiktok.com/view/product/1732530164583600564?region=US&locale=en,15,Pink,"M,S,XL,L"
近14天新品,DE,1729887524014495923,S260731028050,ZOVINRIA,标码女装,女士针织衫,4.6,https://p16-she-va.ibyteimg.com/tos-alisg-i-f7lenjegsh-sg/52a5ca73ff9142618f0e80a1db8e51ad~tplv-g9dfdl17fc-origin-image.image,2026/8/11,内容场占比低,高GPM,160,7,,https://shop.tiktok.com/view/product/1729887524014495923?region=DE&locale=en,25,"Red,Early Red,color,Dark blue,Warm Apricot,Custard,Medium gray,Teeth Whitening,Dark Coffee","M,S,L"
近14天新品,US,1732542972456375284,S260809003041,Nice Clothing stores,标码女装,女士穆斯林服饰,4.4,https://p16-she-va.ibyteimg.com/tos-alisg-i-f7lenjegsh-sg/297cd7df9e1d4ae585020e629c73a1da~tplv-g9dfdl17fc-origin-image.image,2026/8/12,内容场占比低,高GPM,19,207,,https://shop.tiktok.com/view/product/1732542972456375284?region=US&locale=en,19.9,Apricot,"M,XL,L,XXL"
近14天新品,FR,1729881253889612625,S260721011401,ruisusu Marketplace,标码女装,女士穆斯林服饰,Null,https://p16-she-va.ibyteimg.com/tos-alisg-i-f7lenjegsh-sg/a970db468f774a7495a24b4e59444e8f~tplv-g9dfdl17fc-origin-image.image,2026/8/6,内容场占比低,高GPM,10,9,,https://shop.tiktok.com/view/product/1729881253889612625?region=DE&locale=en,29.9,"Dark green,Pink,Khaki,Baby pink",one-size
近14天新品,US,1732540085193511873,S260807037819,Modest Abayas,标码女装,女士穆斯林服饰,4.6,https://p16-she-va.ibyteimg.com/tos-alisg-i-f7lenjegsh-sg/1d0753357b314992b4acd0e252ac0a74~tplv-g9dfdl17fc-origin-image.image,2026/8/7,内容场占比低,,2998,208,,https://shop.tiktok.com/view/product/1732540085193511873?region=US&locale=en,29.9,"Coffee brown,Pink,Red,White,Black,Apricot","M,S,L,XL,XXL"
近14天新品,GB,1729886848576166440,S260804034743,Clara Order,标码女装,女士套装及西服,4.2,https://p16-she-va.ibyteimg.com/tos-alisg-i-f7lenjegsh-sg/fde701310964444eb295f0780d6fc017~tplv-g9dfdl17fc-origin-image.image,2026/8/4,内容场占比低,高GPM,400,119,,https://shop.tiktok.com/view/product/1729886848576166440?region=GB&locale=en,14.9,"Fawn brown,Black,White,Navy blue,Red","XL,L,S,XS,M"
近14天新品,GB,1729886982695983500,S260804001204,Hafizah modest,标码女装,女士穆斯林服饰,Null,https://p16-she-va.ibyteimg.com/tos-alisg-i-f7lenjegsh-sg/b5d82f1b91244da68621c342b77e2d15~tplv-g9dfdl17fc-origin-image.image,2026/8/7,内容场占比低,,24,120,,https://shop.tiktok.com/view/product/1729886982695983500?region=GB&locale=en,29.6,Print,"L,XXL,M,XL,S"
近14天新品,GB,1729885559604025714,S260801001916,Lune et Mer,标码女装,女士套装及西服,3.5,https://p16-she-va.ibyteimg.com/tos-alisg-i-f7lenjegsh-sg/288ba8b4672a48c4ae7d31ab4b43ca60~tplv-g9dfdl17fc-origin-image.image,2026/8/3,内容场占比低,,1049,121,,https://shop.tiktok.com/view/product/1729885559604025714?region=GB&locale=en,29.5,"Black,Fawn brown,Coffee brown,Apricot,dark blue,Khaki,Blue","XXL,L,XL,S,M"
近14天新品,US,1732495336758022288,S260716022660,ON THE WAY-Z,标码女装,女士下装,Null,https://p16-she-va.ibyteimg.com/tos-alisg-i-f7lenjegsh-sg/b2e4f0c334344772b67807883349e540~tplv-g9dfdl17fc-origin-image.image,2026/8/3,内容场占比低,,24,209,,https://shop.tiktok.com/view/product/1732495336758022288?region=US&locale=en,29.5,Black-White,"M,S,L,XL,XS"
近14天新品,US,1732545851013566952,S260810020523,Chic Smart Closet,标码女装,女士针织衫,Null,https://p16-she-va.ibyteimg.com/tos-alisg-i-f7lenjegsh-sg/1725de5284974cef9ed177456fbcc0e3~tplv-g9dfdl17fc-origin-image.image,2026/8/10,内容场占比低,高GPM,499,210,,https://shop.tiktok.com/view/product/1732545851013566952?region=US&locale=en,29.3,Orange,"M,S,L,XL,XS"
近14天新品,US,1732529138926326640,S260731009030,Soh Soh,标码女装,女士下装,3.7,https://p16-she-va.ibyteimg.com/tos-alisg-i-f7lenjegsh-sg/fafcfff26cf346f992bdbd20dc0386ca~tplv-g9dfdl17fc-origin-image.image,2026/8/3,内容场占比低,高GPM,150,211,,https://shop.tiktok.com/view/product/1732529138926326640?region=US&locale=en,14.6,Rust red,"M,S,XL,L,XXL"
近14天新品,MX,1736913539388114007,S260806021300,TWrose,标码女装,女士下装,Null,https://p16-she-va.ibyteimg.com/tos-alisg-i-f7lenjegsh-sg/87d4c75ebb564b859352a333d6682446~tplv-g9dfdl17fc-origin-image.image,2026/8/6,内容场占比低,,1599,23,,https://shop.tiktok.com/view/product/1736913539388114007?region=MX&locale=en,29.2,"Beige,Light pink,Black and khaki,Khaki + Beige,Black + Wine Red + Navy Blue,wine red,Black + Brown + Khaki + Beige + Light Pink,Wine red + light pink,Khaki,Black,Beige + Khaki + Light Pink,Black + Brown + Khaki + Beige + Wine Red,Black + Brown + Khaki + Navy Blue + Wine Red,Black + Khaki + Brown,light yellow,Brown","S,L,XL,XS,M"
近14天新品,US,1732530917599908236,S260803007630,Hafizah modest,标码女装,女士穆斯林服饰,Null,https://p16-she-va.ibyteimg.com/tos-alisg-i-f7lenjegsh-sg/6fb223312b7344f4861790a71413fe9f~tplv-g9dfdl17fc-origin-image.image,2026/8/5,内容场占比低,高GPM,24,212,,https://shop.tiktok.com/view/product/1732530917599908236?region=US&locale=en,29.1,Red,"M,S,L,XL,XXL"
近14天新品,US,1732537643203597072,S260806019900,Chic Design Focus,标码女装,女士套装及西服,Null,https://p16-she-va.ibyteimg.com/tos-alisg-i-f7lenjegsh-sg/0f9b0485633447b0aa75fe47c4c335fd~tplv-g9dfdl17fc-origin-image.image,2026/8/6,内容场占比低,高GPM,25,213,,https://shop.tiktok.com/view/product/1732537643203597072?region=US&locale=en,29.1,Champagne,"M,S,XL,L,XXL"
近14天新品,US,1732548911178551949,S260811023886,Gold Full,标码女装,女士套装及西服,2.7,https://p16-she-va.ibyteimg.com/tos-alisg-i-f7lenjegsh-sg/8aea3a94d63e4e01a79bd9f1928d03cd~tplv-g9dfdl17fc-origin-image.image,2026/8/11,内容场占比低,高GPM,480,214,,https://shop.tiktok.com/view/product/1732548911178551949?region=US&locale=en,24.2,"Yellow,Black,Apricot,Blue","M,S,XL,L"
近14天新品,FR,1729886436692433292,S260804002160,Hafizah modest,标码女装,女士穆斯林服饰,Null,https://p16-she-va.ibyteimg.com/tos-alisg-i-f7lenjegsh-sg/bea2cbca7f0844ab9a821812a490bda5~tplv-g9dfdl17fc-origin-image.image,2026/8/7,内容场占比低,高GPM,20,10,,https://shop.tiktok.com/view/product/1729886436692433292?region=DE&locale=en,29,Green,"M,L,S,XL,XXL"
近14天新品,US,1732491060616925527,S260714016739,FOXCLAW Curve,大码女装,女士上装,4,https://p16-she-va.ibyteimg.com/tos-alisg-i-f7lenjegsh-sg/114e4156371048da8186f5dbf521bd60~tplv-g9dfdl17fc-origin-image.image,2026/8/5,内容场占比低,高GPM,31,215,,https://shop.tiktok.com/view/product/1732491060616925527?region=US&locale=en,14.5,Khaki,"5XL,4XL,1XL,3XL,2XL"
近14天新品,GB,1729890258072738517,S260807011681,Chic Quick Fits,标码女装,女士套装及西服,Null,https://p16-she-va.ibyteimg.com/tos-alisg-i-f7lenjegsh-sg/31a9ce0fb3024434840ac4f743bdb44a~tplv-g9dfdl17fc-origin-image.image,2026/8/7,内容场占比低,高GPM,1200,122,,https://shop.tiktok.com/view/product/1729890258072738517?region=GB&locale=en,14.5,"Red,Black,Dark gray","L,S,M,XL"
近14天新品,GB,1729884291588790688,S260731005984,Modest Abaya Fashion,标码女装,女士穆斯林服饰,4.8,https://p16-she-va.ibyteimg.com/tos-alisg-i-f7lenjegsh-sg/726775311763482ba0adfed9eac184fc~tplv-g9dfdl17fc-origin-image.image,2026/8/4,内容场占比低,,29,123,,https://shop.tiktok.com/view/product/1729884291588790688?region=GB&locale=en,29,"Black,White","XL,M,S,L"
近14天新品,US,1732506689952125589,S260722042341,DWY clothing,标码女装,女士下装,3.9,https://p16-she-va.ibyteimg.com/tos-alisg-i-f7lenjegsh-sg/e002723c1cc346beadb94f6ac1b53dc7~tplv-g9dfdl17fc-origin-image.image,2026/8/4,内容场占比低,高GPM,81,216,,https://shop.tiktok.com/view/product/1732506689952125589?region=US&locale=en,14.5,Gray,"M,S,L,XL"
近14天新品,US,1732535105292767746,S260805009825,Rosella shops,标码女装,女士针织衫,4.4,https://p16-she-va.ibyteimg.com/tos-alisg-i-f7lenjegsh-sg/55b3494145b44f4c95d2fabe0a7f9173~tplv-g9dfdl17fc-origin-image.image,2026/8/5,内容场占比低,高GPM,500,217,,https://shop.tiktok.com/view/product/1732535105292767746?region=US&locale=en,14.4,Hot pink,"M,S,XL,L,XXL"
近14天新品,MX,1736914546133665632,S260806025955,YAABAAH,标码女装,女士特殊服饰,Null,https://p16-she-va.ibyteimg.com/tos-alisg-i-f7lenjegsh-sg/bae8e33f799d4fcab13a81addd61e407~tplv-g9dfdl17fc-origin-image.image,2026/8/11,内容场占比低,,103,24,,https://shop.tiktok.com/view/product/1736914546133665632?region=MX&locale=en,24,"Navy blue,Pink,Purple,Black,Yellow,Cyan,Mauve purple,Hot pink","S,M,XL,L,XXL"
近14天新品,GB,1729890081273780620,S260807002946,Hafizah modest,标码女装,女士穆斯林服饰,Null,https://p16-she-va.ibyteimg.com/tos-alisg-i-f7lenjegsh-sg/7cbba58bf33a4747ba352022a89fe220~tplv-g9dfdl17fc-origin-image.image,2026/8/9,内容场占比低,高GPM,24,124,,https://shop.tiktok.com/view/product/1729890081273780620?region=GB&locale=en,28.7,Black,"S,XL,L,M,XXL"
近14天新品,GB,1729881753916709653,S260727021785,AOMR,标码女装,女士套装及西服,4.6,https://p16-she-va.ibyteimg.com/tos-alisg-i-f7lenjegsh-sg/b501df72fc6649419931725604771db7~tplv-g9dfdl17fc-origin-image.image,2026/8/3,内容场占比低,,9,125,,https://shop.tiktok.com/view/product/1729881753916709653?region=GB&locale=en,14.3,Light green,"S,M,L"
近14天新品,US,1732537807470433151,S260806034003,Budget Chic Simplify,标码女装,女士下装,Null,https://p16-she-va.ibyteimg.com/tos-alisg-i-f7lenjegsh-sg/3fa0d96abd7044c0b317c5ed909ea39a~tplv-g9dfdl17fc-origin-image.image,2026/8/6,内容场占比低,,1000,218,,https://shop.tiktok.com/view/product/1732537807470433151?region=US&locale=en,14.3,"White,Dark gray","M,S,XL,L,XXL"
近14天新品,GB,1729890765162453493,S260808006186,Zen Budget,标码女装,女士下装,4.5,https://p16-she-va.ibyteimg.com/tos-alisg-i-f7lenjegsh-sg/a6244fa882734c6eb5624f4d8e148e49~tplv-g9dfdl17fc-origin-image.image,2026/8/10,内容场占比低,高GPM,43,126,,https://shop.tiktok.com/view/product/1729890765162453493?region=GB&locale=en,14.3,"Black,Brown,Khaki","S,M,L"
近14天新品,US,1732535185915809814,S260805034498,Neutral Days,标码女装,女士套装及西服,2.8,https://p16-she-va.ibyteimg.com/tos-alisg-i-f7lenjegsh-sg/8dc2e55eb58642f89ab0a86667e67bd3~tplv-g9dfdl17fc-origin-image.image,2026/8/5,内容场占比低,高GPM,900,219,,https://shop.tiktok.com/view/product/1732535185915809814?region=US&locale=en,9.5,"Stripes 3,Stripes 2,Stripe","M,S,L,XL"
近14天新品,GB,1729879977268975772,S260724009361,Muslin Garments,标码女装,女士穆斯林服饰,4.5,https://p16-she-va.ibyteimg.com/tos-alisg-i-f7lenjegsh-sg/4a2068fadb2e429898630b42a05a4e98~tplv-g9dfdl17fc-origin-image.image,2026/8/5,内容场占比低,,6,127,,https://shop.tiktok.com/view/product/1729879977268975772?region=GB&locale=en,14.3,Multicolor11,one-size
近14天新品,MX,1736927540936213581,S260807013723,YarnPop,标码女装,女士针织衫,3.7,https://p16-she-va.ibyteimg.com/tos-alisg-i-f7lenjegsh-sg/7a7612d19bbe4e6d97924ef6a1ac8536~tplv-g9dfdl17fc-origin-image.image,2026/8/7,内容场占比低,,35,25,,https://shop.tiktok.com/view/product/1736927540936213581?region=MX&locale=en,9.5,Khaki,"L,S,M,XL"
近14天新品,MX,1736737285996315950,S260726012990,RaverageCloset,标码女装,女士套装及西服,Null,https://p16-she-va.ibyteimg.com/tos-alisg-i-f7lenjegsh-sg/280180eca722433e9df938ea4e836b06~tplv-g9dfdl17fc-origin-image.image,2026/8/5,内容场占比低,,29,26,,https://shop.tiktok.com/view/product/1736737285996315950?region=MX&locale=en,9.5,"Blue,Red","S,M,L,XS"
近14天新品,US,1732529037710562008,S260729039147,HOTAPEI,标码女装,女士套装及西服,4.7,https://p16-she-va.ibyteimg.com/tos-alisg-i-f7lenjegsh-sg/b0db18b3471340acb221875c2b026b0d~tplv-g9dfdl17fc-origin-image.image,2026/8/3,内容场占比低,高GPM,61,220,,https://shop.tiktok.com/view/product/1732529037710562008?region=US&locale=en,28.4,Pink,"M,S,L,XL"
近14天新品,US,1732534267335578325,S260804027163,Chic Quick Fits,标码女装,女士套装及西服,Null,https://p16-she-va.ibyteimg.com/tos-alisg-i-f7lenjegsh-sg/112f45a885434f81a2a467cae7a0656f~tplv-g9dfdl17fc-origin-image.image,2026/8/4,内容场占比低,高GPM,1499,221,,https://shop.tiktok.com/view/product/1732534267335578325?region=US&locale=en,28.4,"Black,Champagne,Brown","M,S,L,XL,XXL"
近14天新品,GB,1729890449750399813,S260807034049,ZANZEA CHOICE,标码女装,女士套装及西服,4,https://p16-she-va.ibyteimg.com/tos-alisg-i-f7lenjegsh-sg/a23e475e58294b068fc0a380b3ee9b47~tplv-g9dfdl17fc-origin-image.image,2026/8/12,内容场占比低,高GPM,40,128,,https://shop.tiktok.com/view/product/1729890449750399813?region=GB&locale=en,18.8,"Army green,Apricot,Dark wash","XL,L,M,XXL"
近14天新品,US,1732537068363026824,S260804042649,Chic Luxe Suede,标码女装,女士针织衫,Null,https://p16-she-va.ibyteimg.com/tos-alisg-i-f7lenjegsh-sg/5360a3063f744454bf46ee5735b2b597~tplv-g9dfdl17fc-origin-image.image,2026/8/5,内容场占比低,高GPM,999,222,,https://shop.tiktok.com/view/product/1732537068363026824?region=US&locale=en,14.1,"Lavender,Hot pink,Orange,White,Black","M,S,XL,L"
近14天新品,IT,1729892725222906374,S260811028296,Lira Select,标码女装,女士下装,Null,https://p16-she-va.ibyteimg.com/tos-alisg-i-f7lenjegsh-sg/8538b5b762794a8daf875eb73a11f2ed~tplv-g9dfdl17fc-origin-image.image,2026/8/11,内容场占比低,高GPM,150000,2,,https://shop.tiktok.com/view/product/1729892725222906374?region=DE&locale=en,23.4,"White,Lemon yellow,Gray,Army green,Light green,Burgundy,Green,Coffee brown,Black","XL,XXL,S,XXXL,L,M"
近14天新品,US,1732520789192446277,S260729026713,YouAnnn,标码女装,女士针织衫,4.1,https://p16-she-va.ibyteimg.com/tos-alisg-i-f7lenjegsh-sg/172d8d5e520f4b948da9c25af983fd20~tplv-g9dfdl17fc-origin-image.image,2026/8/4,内容场占比低,,129,223,,https://shop.tiktok.com/view/product/1732520789192446277?region=US&locale=en,14,"Black,Beige","M,S,XL,L,XXL"
近14天新品,US,1732532169831715676,S260804002546,Glow Lady Fashion,标码女装,女士针织衫,Null,https://p16-she-va.ibyteimg.com/tos-alisg-i-f7lenjegsh-sg/78dc62d2689143db93a9ba62b65fc962~tplv-g9dfdl17fc-origin-image.image,2026/8/10,内容场占比低,高GPM,19,224,,https://shop.tiktok.com/view/product/1732532169831715676?region=US&locale=en,27.9,White,"M,S,XL,L,XXL"
近14天新品,US,1732538570646458471,S260806021535,SSEW Plus Size,大码女装,牛仔,4.4,https://p16-she-va.ibyteimg.com/tos-alisg-i-f7lenjegsh-sg/5f2b4a9792c74ed08ffd3aa6762cbf87~tplv-g9dfdl17fc-origin-image.image,2026/8/7,内容场占比低,高GPM,60,225,,https://shop.tiktok.com/view/product/1732538570646458471?region=US&locale=en,27.8,"Royal blue,Dark Gray,Pastel blue,Dark wash","4XL,1XL,0XL,3XL,2XL"
近14天新品,FR,1729886405999761804,S260804001502,Hafizah modest,标码女装,女士穆斯林服饰,Null,https://p16-she-va.ibyteimg.com/tos-alisg-i-f7lenjegsh-sg/43814361af2848eda1269d86b2eea0e2~tplv-g9dfdl17fc-origin-image.image,2026/8/7,内容场占比低,,13,11,,https://shop.tiktok.com/view/product/1729886405999761804?region=DE&locale=en,27.6,White,"XXL,L,M,XL,S"
近14天新品,MX,1736710479464662935,S260725021768,Jinle Women's Clothi,标码女装,女士针织衫,Null,https://p16-she-va.ibyteimg.com/tos-alisg-i-f7lenjegsh-sg/04855ad7ec4342eda6be1b22dc74b821~tplv-g9dfdl17fc-origin-image.image,2026/8/5,内容场占比低,高GPM,19,27,,https://shop.tiktok.com/view/product/1736710479464662935?region=MX&locale=en,13.8,Rust orange,"S,L,M,XL"
近14天新品,GB,1729889252842183480,S260806023859,CY Garment,大码女装,连体衣,4.6,https://p16-she-va.ibyteimg.com/tos-alisg-i-f7lenjegsh-sg/2d4233168ea64c47bbce23b3299140c9~tplv-g9dfdl17fc-origin-image.image,2026/8/8,内容场占比低,高GPM,22,129,,https://shop.tiktok.com/view/product/1729889252842183480?region=GB&locale=en,13.8,Brown,"3XL,4XL,5XL,1XL,2XL"
近14天新品,GB,1729868789065881738,S260708033346,Venus Adorne,标码女装,女士下装,3.5,https://p16-she-va.ibyteimg.com/tos-alisg-i-f7lenjegsh-sg/edcbdc22032d4e4498d6116e5c0c5d0e~tplv-g9dfdl17fc-origin-image.image,2026/8/6,内容场占比低,,32,130,,https://shop.tiktok.com/view/product/1729868789065881738?region=GB&locale=en,9.2,Brown,"S,L,XL,M"
近14天新品,US,1732533368579461556,S260803029130,Cherry Show,标码女装,女士套装及西服,3.8,https://p16-she-va.ibyteimg.com/tos-alisg-i-f7lenjegsh-sg/681f9fcea8f24a4fb2ca2b81f9c69f09~tplv-g9dfdl17fc-origin-image.image,2026/8/5,内容场占比低,,78,226,,https://shop.tiktok.com/view/product/1732533368579461556?region=US&locale=en,27.5,Yellow,"M,S,L,XL"
近14天新品,MX,1736563779743745489,S260716036576,Zova Chic,标码女装,女士套装及西服,4.6,https://p16-she-va.ibyteimg.com/tos-alisg-i-f7lenjegsh-sg/c0893d4c09e343e8856996992b734784~tplv-g9dfdl17fc-origin-image.image,2026/8/5,内容场占比低,,12,28,,https://shop.tiktok.com/view/product/1736563779743745489?region=MX&locale=en,9.1,"Yellow,Apricot","XS,S,M,XXS"
近14天新品,US,1732520648257605805,S260729014998,ZIZI Sweater,大码女装,女士针织衫,4,https://p16-she-va.ibyteimg.com/tos-alisg-i-f7lenjegsh-sg/3305425978fb442780820caa79ccbe99~tplv-g9dfdl17fc-origin-image.image,2026/8/3,内容场占比低,,107,227,,https://shop.tiktok.com/view/product/1732520648257605805?region=US&locale=en,13.4,"Red,Gray,White,Black,Green","4XL,1XL,3XL,2XL"
近14天新品,GB,1729885613939333911,S260801013944,Quick Fit Fashion,标码女装,女士下装,Null,https://p16-she-va.ibyteimg.com/tos-alisg-i-f7lenjegsh-sg/8031c903f1074209a9035538b320d5b2~tplv-g9dfdl17fc-origin-image.image,2026/8/6,内容场占比低,高GPM,708,131,,https://shop.tiktok.com/view/product/1729885613939333911?region=GB&locale=en,13.6,"White polka dots,Black,Apricot,Khaki,Hot pink,Military green,White,Coffee color,Deep blue","M,S,L"
近14天新品,US,1732541338328142687,S260807036177,SaltWhite,标码女装,女士套装及西服,3.9,https://p16-she-va.ibyteimg.com/tos-alisg-i-f7lenjegsh-sg/4ac99da2c8a4471d990bff4b49e035e5~tplv-g9dfdl17fc-origin-image.image,2026/8/7,内容场占比低,,1750,228,,https://shop.tiktok.com/view/product/1732541338328142687?region=US&locale=en,27.1,"Medium wash,Khaki,Red,Yellow,Black,Deep blue,Green","M,S,L,XL,XXL"
近14天新品,MX,1736621569939113462,S260719010802,Volupt Curve Studio,大码女装,女士连衣裙,Null,https://p16-she-va.ibyteimg.com/tos-alisg-i-f7lenjegsh-sg/92b48d7500434215a400c1ca331f9835~tplv-g9dfdl17fc-origin-image.image,2026/8/9,内容场占比低,高GPM,25,29,,https://shop.tiktok.com/view/product/1736621569939113462?region=MX&locale=en,27.1,Black,"2XL,0XL,4XL,1XL,3XL"
近14天新品,ES,1729886047349218026,S260721019275,KLQQ Clothing,标码女装,女士套装及西服,4,https://p16-she-va.ibyteimg.com/tos-alisg-i-f7lenjegsh-sg/7b6243c70e3f4aec94d1e92ef72eba2f~tplv-g9dfdl17fc-origin-image.image,2026/8/3,内容场占比低,高GPM,2000,3,,https://shop.tiktok.com/view/product/1729886047349218026?region=DE&locale=en,27.1,"bean green,Lime yellow,Black,sky blue,Sakura Pink","L,S,M,XL"
近14天新品,US,1732539769491722756,S260807026861,NacreBlue,标码女装,女士针织衫,Null,https://p16-she-va.ibyteimg.com/tos-alisg-i-f7lenjegsh-sg/c774fca53d5c4fbebf023c250f9f0b55~tplv-g9dfdl17fc-origin-image.image,2026/8/9,内容场占比低,高GPM,24,229,,https://shop.tiktok.com/view/product/1732539769491722756?region=US&locale=en,27,Plaid,"M,S,L,XL,XXL"
近14天新品,GB,1729886817062066199,S260804033630,Luvtrend,标码女装,女士套装及西服,Null,https://p16-she-va.ibyteimg.com/tos-alisg-i-f7lenjegsh-sg/4c3855076f424a5987a6ef907c517cd8~tplv-g9dfdl17fc-origin-image.image,2026/8/4,内容场占比低,,398,132,,https://shop.tiktok.com/view/product/1729886817062066199?region=GB&locale=en,27,Black,"M,XL,S,L"
近14天新品,US,1732544634075976333,S260808025401,Gold Full,标码女装,女士套装及西服,2.7,https://p16-she-va.ibyteimg.com/tos-alisg-i-f7lenjegsh-sg/82974a843c4b4e87a0edc940213791c9~tplv-g9dfdl17fc-origin-image.image,2026/8/10,内容场占比低,高GPM,1500,230,,https://shop.tiktok.com/view/product/1732544634075976333?region=US&locale=en,13.5,"Burgundy,Pink,Khaki,Hot pink,Red,White,Black,Dark gray,Apricot,Blue","M,S,L,XL,XXL"
近14天新品,US,1732532862314975628,S260804032062,Hafizah modest,标码女装,女士穆斯林服饰,Null,https://p16-she-va.ibyteimg.com/tos-alisg-i-f7lenjegsh-sg/c752cf4bfb4949fabc9b4ea8389e4ddd~tplv-g9dfdl17fc-origin-image.image,2026/8/7,内容场占比低,,23,231,,https://shop.tiktok.com/view/product/1732532862314975628?region=US&locale=en,26.9,Black,"M,S,XL,L,XXL"
近14天新品,US,1732536340125618566,S260806002607,START CROSSING,大码女装,女士下装,4,https://p16-she-va.ibyteimg.com/tos-alisg-i-f7lenjegsh-sg/8387f7f6e67048468ad813870f058056~tplv-g9dfdl17fc-origin-image.image,2026/8/6,内容场占比低,高GPM,750,232,,https://shop.tiktok.com/view/product/1732536340125618566?region=US&locale=en,13.5,"Brown,Khaki,Black,Beige,Blue","5XL,4XL,1XL,3XL,2XL"
近14天新品,US,1732544627309449586,S260808025362,Lune et Mer,标码女装,女士套装及西服,2.7,https://p16-she-va.ibyteimg.com/tos-alisg-i-f7lenjegsh-sg/d12131b182c34893aa2924b04b57f8bd~tplv-g9dfdl17fc-origin-image.image,2026/8/10,内容场占比低,高GPM,1500,233,,https://shop.tiktok.com/view/product/1732544627309449586?region=US&locale=en,13.4,"Burgundy,Pink,Khaki,Hot pink,Red,White,Black,Dark gray,Apricot,Blue","M,S,XL,L,XXL"
近14天新品,GB,1729883154946300077,S260729014998,ZIZI Sweater,大码女装,女士针织衫,4.1,https://p16-she-va.ibyteimg.com/tos-alisg-i-f7lenjegsh-sg/3305425978fb442780820caa79ccbe99~tplv-g9dfdl17fc-origin-image.image,2026/8/3,内容场占比低,,107,133,,https://shop.tiktok.com/view/product/1729883154946300077?region=GB&locale=en,13.4,"White,Green,Red,Black,Gray","1XL,3XL,4XL,2XL"
近14天新品,GB,1729888520709642889,S260806006198,CELL LATTICE,标码女装,女士下装,4.4,https://p16-she-va.ibyteimg.com/tos-alisg-i-f7lenjegsh-sg/6a565c4fcec14485bb20b93a43a4f814~tplv-g9dfdl17fc-origin-image.image,2026/8/6,内容场占比低,,2500,134,,https://shop.tiktok.com/view/product/1729888520709642889?region=GB&locale=en,13.3,Red,"S,XL,L,M,XS"
近14天新品,FR,1729879977528170652,S260724009361,Muslin Garments,标码女装,女士穆斯林服饰,4,https://p16-she-va.ibyteimg.com/tos-alisg-i-f7lenjegsh-sg/4a2068fadb2e429898630b42a05a4e98~tplv-g9dfdl17fc-origin-image.image,2026/8/5,内容场占比低,高GPM,6,12,,https://shop.tiktok.com/view/product/1729879977528170652?region=DE&locale=en,26.6,Multicolor11,one-size
近14天新品,US,1732537583678231331,S260806034317,ZowieEve,标码女装,女士下装,3.3,https://p16-she-va.ibyteimg.com/tos-alisg-i-f7lenjegsh-sg/2b6063bf13224597b1aabfed7ba2b03a~tplv-g9dfdl17fc-origin-image.image,2026/8/10,内容场占比低,高GPM,58,234,,https://shop.tiktok.com/view/product/1732537583678231331?region=US&locale=en,13.3,"Gray,White,Black,Fawn brown","M,S,L,XS"
近14天新品,GB,1729892825472473880,S260811033785,Maren Apparel,标码女装,女士下装,Null,https://p16-she-va.ibyteimg.com/tos-alisg-i-f7lenjegsh-sg/ba3795a6936843a585fccf8f12e691f9~tplv-g9dfdl17fc-origin-image.image,2026/8/11,内容场占比低,,19979,135,,https://shop.tiktok.com/view/product/1729892825472473880?region=GB&locale=en,11.1,"Multi-color,Black,White,Pink","XS,M,XL,L,S"
近14天新品,US,1732420545324355660,S260312025332,KAYWIDE Linen,标码女装,女士套装及西服,2.1,https://p16-she-va.ibyteimg.com/tos-alisg-i-f7lenjegsh-sg/c63650294d374ad69af9c945b75eb027~tplv-g9dfdl17fc-origin-image.image,2026/8/6,内容场占比低,高GPM,19,235,,https://shop.tiktok.com/view/product/1732420545324355660?region=US&locale=en,26.6,White,"M,S,L,XL"
近14天新品,US,1732554736104149645,S260813033661,Gold Full,标码女装,女士套装及西服,2.7,https://p16-she-va.ibyteimg.com/tos-alisg-i-f7lenjegsh-sg/8261f46570884b5a8fd48bd3c8b53997~tplv-g9dfdl17fc-origin-image.image,2026/8/13,内容场占比低,高GPM,120,236,,https://shop.tiktok.com/view/product/1732554736104149645?region=US&locale=en,13.2,,"M,S,XL,L"
近14天新品,MX,1736691760241084147,S260724019391,Chic Simp Finds,标码女装,女士套装及西服,4.4,https://p16-she-va.ibyteimg.com/tos-alisg-i-f7lenjegsh-sg/dee8b8a2660546ba96066fb8934557df~tplv-g9dfdl17fc-origin-image.image,2026/8/9,内容场占比低,,33,30,,https://shop.tiktok.com/view/product/1736691760241084147?region=MX&locale=en,13.2,Black and white,"XS,M,XL,L,S"
近14天新品,US,1732535375973486902,S260805037885,MedGlow Shop,标码女装,女士特殊服饰,Null,https://p16-she-va.ibyteimg.com/tos-alisg-i-f7lenjegsh-sg/7cc73cd14d93440ba4cccd61541579f0~tplv-g9dfdl17fc-origin-image.image,2026/8/8,内容场占比低,,119,237,,https://shop.tiktok.com/view/product/1732535375973486902?region=US&locale=en,26.4,"Navy blue,Light wash","M,S,XL,L,XS,XXL"
近14天新品,GB,1729890285491755499,S260807013249,Finjani Plus,大码女装,女士连衣裙,4.7,https://p16-she-va.ibyteimg.com/tos-alisg-i-f7lenjegsh-sg/cb43db16f74a48a6a23b6dc925e3db96~tplv-g9dfdl17fc-origin-image.image,2026/8/7,内容场占比低,高GPM,81,136,,https://shop.tiktok.com/view/product/1729890285491755499?region=GB&locale=en,26.4,Black,"0XL,3XL,1XL,4XL,2XL"
近14天新品,US,1732391674678710493,S260508029249,Cyan grass seedling,标码女装,女士下装,3.6,https://p16-she-va.ibyteimg.com/tos-alisg-i-f7lenjegsh-sg/3d5d89c1bf47473aa3ca9be97e9efb1e~tplv-g9dfdl17fc-origin-image.image,2026/8/3,内容场占比低,高GPM,12,238,,https://shop.tiktok.com/view/product/1732391674678710493?region=US&locale=en,8.8,Black,"M,S,XL,L"
近14天新品,GB,1729880213861735189,S260724029012,AOMR,标码女装,女士下装,4.6,https://p16-she-va.ibyteimg.com/tos-alisg-i-f7lenjegsh-sg/b591c1387c094d4c81f877095dce82a9~tplv-g9dfdl17fc-origin-image.image,2026/8/4,内容场占比低,,27,137,,https://shop.tiktok.com/view/product/1729880213861735189?region=GB&locale=en,13.2,"Blue,Hot pink","L,M,S"
近14天新品,GB,1729886409172031884,S260804001502,Hafizah modest,标码女装,女士穆斯林服饰,Null,https://p16-she-va.ibyteimg.com/tos-alisg-i-f7lenjegsh-sg/43814361af2848eda1269d86b2eea0e2~tplv-g9dfdl17fc-origin-image.image,2026/8/7,内容场占比低,,13,138,,https://shop.tiktok.com/view/product/1729886409172031884?region=GB&locale=en,26.3,White,"XXL,L,M,XL,S"
近14天新品,US,1732543849983152616,S260809016521,TTS Rebecca Shop,标码女装,女士针织衫,3.9,https://p16-she-va.ibyteimg.com/tos-alisg-i-f7lenjegsh-sg/096146eb6cb04dfea1202fa5442e5214~tplv-g9dfdl17fc-origin-image.image,2026/8/9,内容场占比低,高GPM,750,239,,https://shop.tiktok.com/view/product/1732543849983152616?region=US&locale=en,13.1,"Pink,White,Apricot","M,S,XL,L,XS"
近14天新品,US,1732541113382309913,S260808007153,NS Dress,大码女装,女士连衣裙,3.7,https://p16-she-va.ibyteimg.com/tos-alisg-i-f7lenjegsh-sg/114709b690e24fa3b091958e77c3f530~tplv-g9dfdl17fc-origin-image.image,2026/8/8,内容场占比低,高GPM,72,240,,https://shop.tiktok.com/view/product/1732541113382309913?region=US&locale=en,26.2,Mint green,"4XL,1XL,0XL,3XL,2XL"
近14天新品,US,1732501660854358784,S260717023855,FashionNove,标码女装,女士下装,4.3,https://p16-she-va.ibyteimg.com/tos-alisg-i-f7lenjegsh-sg/8d39dff5325e400499c919dd5ad2abab~tplv-g9dfdl17fc-origin-image.image,2026/8/6,内容场占比低,高GPM,10,241,,https://shop.tiktok.com/view/product/1732501660854358784?region=US&locale=en,13,"brownish yellow,Pink and blue","M,S,XL,L"
近14天新品,GB,1729872048991737944,S260713031972,SolakaStyle,标码女装,女士套装及西服,Null,https://p16-she-va.ibyteimg.com/tos-alisg-i-f7lenjegsh-sg/39c15815c15947b1a284244ca7dd0798~tplv-g9dfdl17fc-origin-image.image,2026/8/3,内容场占比低,高GPM,95,139,,https://shop.tiktok.com/view/product/1729872048991737944?region=GB&locale=en,26,"Sky blue,Pink,White,Apricot,Black,Khaki","L,M,XL,S"
近14天新品,GB,1729881652984453207,S260727010218,Novelife,标码女装,女士套装及西服,4.6,https://p16-she-va.ibyteimg.com/tos-alisg-i-f7lenjegsh-sg/d3b7592855964f9282a7d53d124b14ac~tplv-g9dfdl17fc-origin-image.image,2026/8/11,内容场占比低,高GPM,27,140,,https://shop.tiktok.com/view/product/1729881652984453207?region=GB&locale=en,21.6,Green,"XL,M,S,L"
近14天新品,US,1732528489687257165,S260802016309,YarnPop,标码女装,女士针织衫,4.8,https://p16-she-va.ibyteimg.com/tos-alisg-i-f7lenjegsh-sg/5ff2d18e25ce44adb204018f25be6285~tplv-g9dfdl17fc-origin-image.image,2026/8/6,内容场占比低,,58,242,,https://shop.tiktok.com/view/product/1732528489687257165?region=US&locale=en,13,"Yellow,White,Black","M,S,L,XL"
近14天新品,US,1732529056045240416,S260727029487,Luxury Leisure,标码女装,女士套装及西服,4.7,https://p16-she-va.ibyteimg.com/tos-alisg-i-f7lenjegsh-sg/e922bc9d42d14d7297047e69b8034e92~tplv-g9dfdl17fc-origin-image.image,2026/8/6,,高GPM,22,243,,https://shop.tiktok.com/view/product/1732529056045240416?region=US&locale=en,25.9,Army green,"M,S,XL,L,XXL"
近14天新品,US,1732540009766883415,S260807036244,TWrose,标码女装,女士下装,Null,https://p16-she-va.ibyteimg.com/tos-alisg-i-f7lenjegsh-sg/19ec85ca9b2b4d38b6fbf3cb06cec62b~tplv-g9dfdl17fc-origin-image.image,2026/8/7,内容场占比低,高GPM,320,244,,https://shop.tiktok.com/view/product/1732540009766883415?region=US&locale=en,25.8,"Rose red and yellow stripes,Pink + Blue + Rose Red,Pink stripe,Blue and brown stripes","M,S,L,XL"
近14天新品,US,1732533141156237508,S260804039250,FACIO Direct,标码女装,女士针织衫,4.2,https://p16-she-va.ibyteimg.com/tos-alisg-i-f7lenjegsh-sg/c1d34cddd0dc4559af692f858aa765bd~tplv-g9dfdl17fc-origin-image.image,2026/8/7,内容场占比低,,11,245,,https://shop.tiktok.com/view/product/1732533141156237508?region=US&locale=en,25.8,Blue,"M,S,L"
近14天新品,US,1732533032195166682,S260804027437,Baillin Dress,标码女装,女士套装及西服,4.7,https://p16-she-va.ibyteimg.com/tos-alisg-i-f7lenjegsh-sg/71b3f1405be64ae28e33bbaaa1568409~tplv-g9dfdl17fc-origin-image.image,2026/8/4,内容场占比低,,399,246,,https://shop.tiktok.com/view/product/1732533032195166682?region=US&locale=en,25.8,Yellow,"M,S,L,XL"
近14天新品,GB,1729887256862103895,S260805000239,FOXCLAW Curve,大码女装,女士上装,4.3,https://p16-she-va.ibyteimg.com/tos-alisg-i-f7lenjegsh-sg/2dbb3ed072c241f38a00896699019551~tplv-g9dfdl17fc-origin-image.image,2026/8/8,内容场占比低,高GPM,33,141,,https://shop.tiktok.com/view/product/1729887256862103895?region=GB&locale=en,12.9,Multicolor,"5XL,4XL,1XL,3XL,2XL"
近14天新品,MX,1736591778038646702,S260718008692,Beauty Memory,标码女装,女士特殊服饰,4.6,https://p16-she-va.ibyteimg.com/tos-alisg-i-f7lenjegsh-sg/22ebd02e9a8041c98f6d33bbbbc2a322~tplv-g9dfdl17fc-origin-image.image,2026/8/7,内容场占比低,,11,31,,https://shop.tiktok.com/view/product/1736591778038646702?region=MX&locale=en,25.7,Set1,"L,S,XL,M"
近14天新品,FR,1729892826351835928,S260811033785,Maren Apparel,标码女装,女士下装,Null,https://p16-she-va.ibyteimg.com/tos-alisg-i-f7lenjegsh-sg/ba3795a6936843a585fccf8f12e691f9~tplv-g9dfdl17fc-origin-image.image,2026/8/11,内容场占比低,高GPM,19979,13,,https://shop.tiktok.com/view/product/1729892826351835928?region=DE&locale=en,17.1,"Multi-color,Black,White,Pink","XS,M,XL,L,S"
近14天新品,GB,1729886707797170572,S260804012966,Hafizah modest,标码女装,女士穆斯林服饰,Null,https://p16-she-va.ibyteimg.com/tos-alisg-i-f7lenjegsh-sg/f0d2098941294b7b842cb30eb4c1e10f~tplv-g9dfdl17fc-origin-image.image,2026/8/7,内容场占比低,,22,142,,https://shop.tiktok.com/view/product/1729886707797170572?region=GB&locale=en,25.7,Black,"XXL,XL,S,M,L"
近14天新品,US,1732548813108318919,S260811016733,Justoneone,大码女装,女士连衣裙,Null,https://p16-she-va.ibyteimg.com/tos-alisg-i-f7lenjegsh-sg/6726e99ae0fb4e3fa4f7a632f1124fa9~tplv-g9dfdl17fc-origin-image.image,2026/8/11,内容场占比低,高GPM,1,247,,https://shop.tiktok.com/view/product/1732548813108318919?region=US&locale=en,21.3,Vermilion,"4XL,1XL,0XL,3XL,2XL"
近14天新品,US,1732528051806573500,S260802005704,Denim Bloom,大码女装,牛仔,Null,https://p16-she-va.ibyteimg.com/tos-alisg-i-f7lenjegsh-sg/2425c619895c4c92a0f89dee9a9cee66~tplv-g9dfdl17fc-origin-image.image,2026/8/5,,,23,248,,https://shop.tiktok.com/view/product/1732528051806573500?region=US&locale=en,25.4,Light blue,"5XL,4XL,1XL,3XL,2XL"
近14天新品,US,1732497979618332841,S260717034243,Sylure,标码女装,女士套装及西服,4.5,https://p16-she-va.ibyteimg.com/tos-alisg-i-f7lenjegsh-sg/580379ed22b1415a8d9bedf6f0bd70f3~tplv-g9dfdl17fc-origin-image.image,2026/8/6,内容场占比低,,104,249,,https://shop.tiktok.com/view/product/1732497979618332841?region=US&locale=en,25.4,"Navy blue,Black,Brown","M,S,XL,L,XXL"
近14天新品,US,1732527923162222921,S260801020351,XL Sweat,大码女装,女士针织衫,4.7,https://p16-she-va.ibyteimg.com/tos-alisg-i-f7lenjegsh-sg/78362af6b5944a4b9128a31e780ecd3c~tplv-g9dfdl17fc-origin-image.image,2026/8/6,内容场占比低,,38,250,,https://shop.tiktok.com/view/product/1732527923162222921?region=US&locale=en,12.7,"Coffee brown,Khaki","1XL,0XL,3XL,2XL"
近14天新品,US,1732525136765358259,S260731028486,ZOVINRIA,标码女装,女士针织衫,3.8,https://p16-she-va.ibyteimg.com/tos-alisg-i-f7lenjegsh-sg/55721b4a298d40fc8a8c86f8e2ddf07c~tplv-g9dfdl17fc-origin-image.image,2026/8/10,内容场占比低,高GPM,70,251,,https://shop.tiktok.com/view/product/1732525136765358259?region=US&locale=en,12.7,"Medium Gray,Yellow,White,Black","M,S,L"
近14天新品,US,1732502721526993562,S260720026274,Chic State,标码女装,女士套装及西服,Null,https://p16-she-va.ibyteimg.com/tos-alisg-i-f7lenjegsh-sg/0f2805fa618f4814aff918a945a4a384~tplv-g9dfdl17fc-origin-image.image,2026/8/3,内容场占比低,,47,252,,https://shop.tiktok.com/view/product/1732502721526993562?region=US&locale=en,12.7,"Royal blue,Green","M,S,XL,XS,L"
近14天新品,US,1732532722649633677,S260804020079,Chic Trendy Boutique,标码女装,女士套装及西服,Null,https://p16-she-va.ibyteimg.com/tos-alisg-i-f7lenjegsh-sg/23bdd7c0c3dd45388920f664cbfcf1dd~tplv-g9dfdl17fc-origin-image.image,2026/8/4,内容场占比低,高GPM,7496,253,,https://shop.tiktok.com/view/product/1732532722649633677?region=US&locale=en,25.2,"Silver,Red,White,Black,Dark wash,Green","M,S,XL,L,XXL"
近14天新品,MX,1736962806025979529,S260810001051,.Home sweet home,大码女装,女士连衣裙,4.6,https://p16-she-va.ibyteimg.com/tos-alisg-i-f7lenjegsh-sg/b8ac370d0da346ebbe880a2b71a16485~tplv-g9dfdl17fc-origin-image.image,2026/8/10,内容场占比低,高GPM,257,32,,https://shop.tiktok.com/view/product/1736962806025979529?region=MX&locale=en,12.6,"Navy blue,Black,Pink,Dark blue","3XL,0XL,1XL,4XL,2XL"
近14天新品,US,1732543720920552236,S260809015118,Design Darling,标码女装,女士针织衫,Null,https://p16-she-va.ibyteimg.com/tos-alisg-i-f7lenjegsh-sg/aaad052f2a944efd8fb09710ecec616d~tplv-g9dfdl17fc-origin-image.image,2026/8/9,内容场占比低,高GPM,999,254,,https://shop.tiktok.com/view/product/1732543720920552236?region=US&locale=en,25.1,Coffee brown,"M,S,L,XL,XXL"
近14天新品,US,1732534968046555340,S260805021938,Solara Closet,标码女装,女士套装及西服,Null,https://p16-she-va.ibyteimg.com/tos-alisg-i-f7lenjegsh-sg/4d9e3a6f5b864de688277c2d592d26b8~tplv-g9dfdl17fc-origin-image.image,2026/8/5,内容场占比低,高GPM,39999,255,,https://shop.tiktok.com/view/product/1732534968046555340?region=US&locale=en,25.1,"Pink,Red,Navy blue,Multi-color,Gray,Black,Sky blue,Apricot,Turquoise green,Brown","M,S,XL,L"
近14天新品,US,1732514736493400830,S260708028764,Beyond Nova,标码女装,女士下装,4.3,https://p16-she-va.ibyteimg.com/tos-alisg-i-f7lenjegsh-sg/6e0eaff4d3504227812839a82538209b~tplv-g9dfdl17fc-origin-image.image,2026/8/4,内容场占比低,,71103,256,,https://shop.tiktok.com/view/product/1732514736493400830?region=US&locale=en,12.5,"White,Black","M,S,L,XL"
近14天新品,US,1732544615725240673,S260808025353,The Flood,标码女装,女士套装及西服,2.1,https://p16-she-va.ibyteimg.com/tos-alisg-i-f7lenjegsh-sg/6d0c958a5c1f40c4b1b7c58019228afe~tplv-g9dfdl17fc-origin-image.image,2026/8/10,内容场占比低,高GPM,1500,257,,https://shop.tiktok.com/view/product/1732544615725240673?region=US&locale=en,12.5,"Burgundy,Pink,Khaki,Hot pink,Red,White,Black,Dark gray,Apricot,Blue","M,S,XL,L,XXL"
近14天新品,GB,1729886967977449908,S260803029130,Cherry Show,标码女装,女士套装及西服,4.5,https://p16-she-va.ibyteimg.com/tos-alisg-i-f7lenjegsh-sg/681f9fcea8f24a4fb2ca2b81f9c69f09~tplv-g9dfdl17fc-origin-image.image,2026/8/5,内容场占比低,高GPM,78,143,,https://shop.tiktok.com/view/product/1729886967977449908?region=GB&locale=en,25,Yellow,"XL,M,S,L"
近14天新品,US,1732517570368017107,S260728005129,One Line Store,标码女装,女士穆斯林服饰,Null,https://p16-she-va.ibyteimg.com/tos-alisg-i-f7lenjegsh-sg/bf64b30ac1f2484b8d69d080076bedeb~tplv-g9dfdl17fc-origin-image.image,2026/8/5,内容场占比低,,31,258,,https://shop.tiktok.com/view/product/1732517570368017107?region=US&locale=en,24.9,"Black,Brown","M,S,XL,L"
近14天新品,US,1732515675027378478,S260726012990,RaverageCloset,标码女装,女士套装及西服,Null,https://p16-she-va.ibyteimg.com/tos-alisg-i-f7lenjegsh-sg/280180eca722433e9df938ea4e836b06~tplv-g9dfdl17fc-origin-image.image,2026/8/5,内容场占比低,,29,259,,https://shop.tiktok.com/view/product/1732515675027378478?region=US&locale=en,12.5,"Red,Blue","M,S,XS,L"
近14天新品,ES,1729890151972772703,S260807007712,SaltWhite,标码女装,女士套装及西服,4.7,https://p16-she-va.ibyteimg.com/tos-alisg-i-f7lenjegsh-sg/2c98b7aca8ef4e269bbd9d24ffd8eee6~tplv-g9dfdl17fc-origin-image.image,2026/8/7,内容场占比低,高GPM,1499,4,,https://shop.tiktok.com/view/product/1729890151972772703?region=DE&locale=en,24.8,"Medium wash,Lime Green,Black,Pink,Cloud white,Blue","XXL,M,L,XL,S"
近14天新品,GB,1729889103893666598,S260806015012,Lysee Ti,标码女装,女士套装及西服,4.6,https://p16-she-va.ibyteimg.com/tos-alisg-i-f7lenjegsh-sg/4873b304a2494743aa3ceb24b6861555~tplv-g9dfdl17fc-origin-image.image,2026/8/6,内容场占比低,高GPM,61,144,,https://shop.tiktok.com/view/product/1729889103893666598?region=GB&locale=en,24.7,White,"XL,M,S,L"
近14天新品,MX,1736809169688101926,S260731021304,XGGJ Women's Clothing,标码女装,女士套装及西服,4.7,https://p16-she-va.ibyteimg.com/tos-alisg-i-f7lenjegsh-sg/ada3718ffc184e869894f20f4d50e769~tplv-g9dfdl17fc-origin-image.image,2026/8/3,,,159,33,,https://shop.tiktok.com/view/product/1736809169688101926?region=MX&locale=en,24.6,"Navy blue,Black,Burgundy,Apricot","S,XL,M,L,XXL"
近14天新品,GB,1729890921373538720,S260808015687,OKABASA,标码女装,女士套装及西服,4.1,https://p16-she-va.ibyteimg.com/tos-alisg-i-f7lenjegsh-sg/c9ae38646ba348759a9725e528227d6f~tplv-g9dfdl17fc-origin-image.image,2026/8/8,内容场占比低,高GPM,40,145,,https://shop.tiktok.com/view/product/1729890921373538720?region=GB&locale=en,24.5,Apricot,"M,S,XL,XXL,L"
近14天新品,US,1732527251010261188,S260801028445,FACIO Direct,标码女装,女士针织衫,4.2,https://p16-she-va.ibyteimg.com/tos-alisg-i-f7lenjegsh-sg/fd8d87b470be4f0f9925275f8b58b9aa~tplv-g9dfdl17fc-origin-image.image,2026/8/5,内容场占比低,,10,260,,https://shop.tiktok.com/view/product/1732527251010261188?region=US&locale=en,12.2,Red,"M,S,L"
近14天新品,US,1732537640127598796,S260806020088,Solara Closet,标码女装,女士套装及西服,Null,https://p16-she-va.ibyteimg.com/tos-alisg-i-f7lenjegsh-sg/22599278fb6c494c913b6a6e94cd70a6~tplv-g9dfdl17fc-origin-image.image,2026/8/6,内容场占比低,高GPM,1200,261,,https://shop.tiktok.com/view/product/1732537640127598796?region=US&locale=en,24.4,Black,"M,S,L,XL"
近14天新品,US,1732532892202471820,S260804033099,Hafizah modest,标码女装,女士穆斯林服饰,Null,https://p16-she-va.ibyteimg.com/tos-alisg-i-f7lenjegsh-sg/87e77e41e0774629995945a955cfad8e~tplv-g9dfdl17fc-origin-image.image,2026/8/7,内容场占比低,高GPM,25,262,,https://shop.tiktok.com/view/product/1732532892202471820?region=US&locale=en,24.3,Black/Blue,"M,S,XL,L,XXL"
近14天新品,GB,1729889270301497369,S260806028417,NS Dress,大码女装,女士连衣裙,4.4,https://p16-she-va.ibyteimg.com/tos-alisg-i-f7lenjegsh-sg/4c412e90a036420fba811a427057f426~tplv-g9dfdl17fc-origin-image.image,2026/8/6,,,47,146,,https://shop.tiktok.com/view/product/1729889270301497369?region=GB&locale=en,24.3,Black,"0XL,4XL,1XL,2XL,3XL"
近14天新品,US,1732532623801684877,S260804021514,Chic Trendy Boutique,标码女装,女士套装及西服,Null,https://p16-she-va.ibyteimg.com/tos-alisg-i-f7lenjegsh-sg/9cef5884802a4c77b324fe692b992e7c~tplv-g9dfdl17fc-origin-image.image,2026/8/4,内容场占比低,,5999,263,,https://shop.tiktok.com/view/product/1732532623801684877?region=US&locale=en,24.2,"White,Black,Dark gray,Dark wash","M,S,L,XL,XXL"
近14天新品,US,1732552080920252644,S260812039043,Chic N' Cozy,标码女装,女士下装,3.4,https://p16-she-va.ibyteimg.com/tos-alisg-i-f7lenjegsh-sg/dc77513a1abf4d88be0d6eea4c65337f~tplv-g9dfdl17fc-origin-image.image,2026/8/12,内容场占比低,高GPM,495,264,,https://shop.tiktok.com/view/product/1732552080920252644?region=US&locale=en,16.2,Dark gray,"M,S,XL,L,XXL"
近14天新品,US,1732540048651292749,S260807035228,YarnPop,标码女装,女士针织衫,4.8,https://p16-she-va.ibyteimg.com/tos-alisg-i-f7lenjegsh-sg/806eda202d0e44e99142707f6995f902~tplv-g9dfdl17fc-origin-image.image,2026/8/7,内容场占比低,高GPM,11,265,,https://shop.tiktok.com/view/product/1732540048651292749?region=US&locale=en,12.1,Black,"M,S,L"
近14天新品,US,1732539715158642879,S260807023198,STOLKISS,标码女装,女士套装及西服,Null,https://p16-she-va.ibyteimg.com/tos-alisg-i-f7lenjegsh-sg/5e6c2d0de31b4fdb83c6aecda9f8a593~tplv-g9dfdl17fc-origin-image.image,2026/8/10,内容场占比低,高GPM,124,266,,https://shop.tiktok.com/view/product/1732539715158642879?region=US&locale=en,24.1,"wine red,Coffee color,Black,Deep blue,dark green","M,S,XL,L,XXL"
近14天新品,GB,1729884971360033559,S260801012472,Quick Fit Fashion,标码女装,女士下装,Null,https://p16-she-va.ibyteimg.com/tos-alisg-i-f7lenjegsh-sg/b4f9ad4c1c1f4c0a96671e1f4aca6e23~tplv-g9dfdl17fc-origin-image.image,2026/8/4,内容场占比低,,1286,147,,https://shop.tiktok.com/view/product/1729884971360033559?region=GB&locale=en,11.5,"Multi-color polka dots,Green coffee color,Hot pink,Beige,Gray polka dots,Black,Deep blue,White,Coffee color","L,S,M"
近14天新品,US,1732514962443047255,S260724015304,FOXCLAW Curve,大码女装,女士下装,4,https://p16-she-va.ibyteimg.com/tos-alisg-i-f7lenjegsh-sg/9e7aa43c79f44fdfb150bb7f6fd46929~tplv-g9dfdl17fc-origin-image.image,2026/8/10,内容场占比低,高GPM,34,267,,https://shop.tiktok.com/view/product/1732514962443047255?region=US&locale=en,24,Apricot,"5XL,4XL,1XL,3XL,2XL"
近14天新品,FR,1729886915812759771,S260804014953,Nusia Lydia,标码女装,女士套装及西服,Null,https://p16-she-va.ibyteimg.com/tos-alisg-i-f7lenjegsh-sg/863ac2dcb64b4eb6ab81a2eb689ccb47~tplv-g9dfdl17fc-origin-image.image,2026/8/7,内容场占比低,高GPM,97,14,,https://shop.tiktok.com/view/product/1729886915812759771?region=DE&locale=en,24,"Jet black,Khaki,Army green","L,S,M,XS,XL"
近14天新品,GB,1729890955268298943,S260808020295,STOLKISS,标码女装,女士套装及西服,4.8,https://p16-she-va.ibyteimg.com/tos-alisg-i-f7lenjegsh-sg/4ca7562fb98145c487109bf6b6c51e96~tplv-g9dfdl17fc-origin-image.image,2026/8/11,内容场占比低,高GPM,149,148,,https://shop.tiktok.com/view/product/1729890955268298943?region=GB&locale=en,20,"Deep blue,apricot red,Army green,Black,Rose red,reddish brown","L,S,M,XL,XXL"
近14天新品,US,1732535167398679042,S260805034273,Rosella shops,标码女装,女士针织衫,4.4,https://p16-she-va.ibyteimg.com/tos-alisg-i-f7lenjegsh-sg/7bdf16dcb69f474f92caa354e56969b2~tplv-g9dfdl17fc-origin-image.image,2026/8/5,内容场占比低,高GPM,499,268,,https://shop.tiktok.com/view/product/1732535167398679042?region=US&locale=en,23.9,Light green,"M,S,XL,L,XXL"
近14天新品,US,1732529271626961810,S260729027181,DailySlack,标码女装,女士下装,Null,https://p16-she-va.ibyteimg.com/tos-alisg-i-f7lenjegsh-sg/f2d3419b00164b69a5ddcde686edd858~tplv-g9dfdl17fc-origin-image.image,2026/8/6,内容场占比低,高GPM,58,269,,https://shop.tiktok.com/view/product/1732529271626961810?region=US&locale=en,12,"Black,Dark gray","M,S,XL,L,XXL"
近14天新品,US,1732529339364119256,S260803011601,Asvivid,标码女装,女士下装,4.3,https://p16-she-va.ibyteimg.com/tos-alisg-i-f7lenjegsh-sg/2dd59d4f772c4e5cb0bfca7cfa02b3be~tplv-g9dfdl17fc-origin-image.image,2026/8/3,内容场占比低,,0,270,,https://shop.tiktok.com/view/product/1732529339364119256?region=US&locale=en,23.9,Multicolor,"M,S,XL,L"
近14天新品,GB,1729886883690420821,S260804036571,Hey Luck Baby a,标码女装,女士套装及西服,4.4,https://p16-she-va.ibyteimg.com/tos-alisg-i-f7lenjegsh-sg/82bd4c877d59468e8852211c043e3cb7~tplv-g9dfdl17fc-origin-image.image,2026/8/4,内容场占比低,,2499,149,,https://shop.tiktok.com/view/product/1729886883690420821?region=GB&locale=en,23.9,"Black,Multicolor,Multicolor5,Multicolor2,Multicolor4","S,M,XS,XL,L"
近14天新品,DE,1729885675968763952,S260730015349,Eastoon Stars,标码女装,女士下装,Null,https://p16-she-va.ibyteimg.com/tos-alisg-i-f7lenjegsh-sg/9e4df3d26f594d64b81e50566c4951e5~tplv-g9dfdl17fc-origin-image.image,2026/8/9,内容场占比低,高GPM,99,8,,https://shop.tiktok.com/view/product/1729885675968763952?region=DE&locale=en,23.9,"Deep blue,Coffee brown,Khaki,Black","XL,L,XS,M,S"
近14天新品,DE,1729885817785588236,S260731027854,NiceForWhat,标码女装,女士下装,Null,https://p16-she-va.ibyteimg.com/tos-alisg-i-f7lenjegsh-sg/8e2d284ba2274b6ba17b11eec9b0181e~tplv-g9dfdl17fc-origin-image.image,2026/8/5,内容场占比低,高GPM,27,9,,https://shop.tiktok.com/view/product/1729885817785588236?region=DE&locale=en,23.8,"Mint green,Gray","M,L,S"
近14天新品,GB,1729886795807038025,S260804028911,Trendy forLess,标码女装,女士套装及西服,Null,https://p16-she-va.ibyteimg.com/tos-alisg-i-f7lenjegsh-sg/9ea89e834afc446ab4b6f7de722178f3~tplv-g9dfdl17fc-origin-image.image,2026/8/4,内容场占比低,,123,150,,https://shop.tiktok.com/view/product/1729886795807038025?region=GB&locale=en,23.7,"Coffee brown,Gray,Black,Dark gray,Khaki","L,XL,M,S,XXL"
近14天新品,GB,1729880108495838062,S260724021385,Divine Dresser,标码女装,女士套装及西服,Null,https://p16-she-va.ibyteimg.com/tos-alisg-i-f7lenjegsh-sg/681a25b8dae94133b5a0bd51908c99c4~tplv-g9dfdl17fc-origin-image.image,2026/8/8,内容场占比低,高GPM,34,151,,https://shop.tiktok.com/view/product/1729880108495838062?region=GB&locale=en,23.5,Gray,"XXL,M,XL,L,S"
近14天新品,GB,1729885542993467959,S260727033931,Mia Girl,标码女装,女士下装,3.7,https://p16-she-va.ibyteimg.com/tos-alisg-i-f7lenjegsh-sg/73211e7e0288443f9ff04addfb154b3e~tplv-g9dfdl17fc-origin-image.image,2026/8/3,内容场占比低,高GPM,142208,152,,https://shop.tiktok.com/view/product/1729885542993467959?region=GB&locale=en,11.8,"White,Multicolor3,Multi-color,Multicolor1,Pink,Gray,Black,Multicolor2","L,XL,S,M"
近14天新品,US,1732531591481364850,S260801001916,Lune et Mer,标码女装,女士套装及西服,2.7,https://p16-she-va.ibyteimg.com/tos-alisg-i-f7lenjegsh-sg/288ba8b4672a48c4ae7d31ab4b43ca60~tplv-g9dfdl17fc-origin-image.image,2026/8/3,内容场占比低,高GPM,1049,271,,https://shop.tiktok.com/view/product/1732531591481364850?region=US&locale=en,23.5,"Coffee brown,Khaki,dark blue,Black,Fawn brown,Apricot,Blue","M,S,L,XL,XXL"
近14天新品,GB,1729892673975130353,S260811020835,Miss Zone,大码女装,女士套装及西服,4.2,https://p16-she-va.ibyteimg.com/tos-alisg-i-f7lenjegsh-sg/f477bc1d82d94d1aba497e6c807f0e25~tplv-g9dfdl17fc-origin-image.image,2026/8/11,内容场占比低,高GPM,107,153,,https://shop.tiktok.com/view/product/1729892673975130353?region=GB&locale=en,19.5,"Black,White","1XL,3XL,2XL,4XL,0XL"
近14天新品,GB,1729890976477977372,S260808024391,BloomSoft Boutique,标码女装,女士下装,4.4,https://p16-she-va.ibyteimg.com/tos-alisg-i-f7lenjegsh-sg/65976ecd7d6f4090a6f46d7752ab4cf3~tplv-g9dfdl17fc-origin-image.image,2026/8/8,内容场占比低,,4999,154,,https://shop.tiktok.com/view/product/1729890976477977372?region=GB&locale=en,11.7,Multi-color,"S,M,XL,XS,L"
近14天新品,US,1732512539213927090,S260725010788,Budhaul,标码女装,女士套装及西服,4.3,https://p16-she-va.ibyteimg.com/tos-alisg-i-f7lenjegsh-sg/49e3293b32444cef84f5e596ebb67e27~tplv-g9dfdl17fc-origin-image.image,2026/8/5,内容场占比低,,17,272,,https://shop.tiktok.com/view/product/1732512539213927090?region=US&locale=en,23.4,Black,"M,S,L"
近14天新品,US,1732493276595917149,S260715006962,Chic Go,标码女装,女士套装及西服,3.3,https://p16-she-va.ibyteimg.com/tos-alisg-i-f7lenjegsh-sg/6f1fb8c6063c493284509c65b0c8e117~tplv-g9dfdl17fc-origin-image.image,2026/8/6,内容场占比低,,149,273,,https://shop.tiktok.com/view/product/1732493276595917149?region=US&locale=en,23.3,"White,Black,Blue","M,S,XL,L,XXL"
近14天新品,US,1732534972602618719,S260805022343,SeeYouLater Store,标码女装,女士针织衫,4.7,https://p16-she-va.ibyteimg.com/tos-alisg-i-f7lenjegsh-sg/105e0fe404b744eb8f8c608867857975~tplv-g9dfdl17fc-origin-image.image,2026/8/9,内容场占比低,高GPM,18,274,,https://shop.tiktok.com/view/product/1732534972602618719?region=US&locale=en,23.3,Fawn brown,"M,S,L"
近14天新品,US,1732530944681807897,S260803029351,NS Dress,大码女装,女士连衣裙,3.7,https://p16-she-va.ibyteimg.com/tos-alisg-i-f7lenjegsh-sg/fdeea81e032d46099f856213a0985197~tplv-g9dfdl17fc-origin-image.image,2026/8/4,内容场占比低,高GPM,49,275,,https://shop.tiktok.com/view/product/1732530944681807897?region=US&locale=en,23.3,Orange,"4XL,1XL,0XL,3XL,2XL"
近14天新品,US,1732528098979910112,S260802006592,Gude.Good,标码女装,女士下装,Null,https://p16-she-va.ibyteimg.com/tos-alisg-i-f7lenjegsh-sg/edbefeb0350c4c35930a757b7701d0ea~tplv-g9dfdl17fc-origin-image.image,2026/8/5,内容场占比低,高GPM,119999,276,,https://shop.tiktok.com/view/product/1732528098979910112?region=US&locale=en,23.3,"Chocolate color,Black,Apricot","M,S,L,XL"
近14天新品,US,1732539858135454472,S260807032659,MAISON FLORA.,标码女装,女士下装,Null,https://p16-she-va.ibyteimg.com/tos-alisg-i-f7lenjegsh-sg/99aa841ccddc41998012e61a401af376~tplv-g9dfdl17fc-origin-image.image,2026/8/7,内容场占比低,高GPM,2000,277,,https://shop.tiktok.com/view/product/1732539858135454472?region=US&locale=en,7.7,"Pink,Gray","M,S,XL,L,XXL"
近14天新品,GB,1729882047777970572,S260727027923,Hafizah modest,标码女装,女士穆斯林服饰,Null,https://p16-she-va.ibyteimg.com/tos-alisg-i-f7lenjegsh-sg/cd0b7c69a1bd400b8558d4d86acfb003~tplv-g9dfdl17fc-origin-image.image,2026/8/6,内容场占比低,,6,155,,https://shop.tiktok.com/view/product/1729882047777970572?region=GB&locale=en,23.1,Black,one-size
近14天新品,GB,1729886844241746943,S260804036710,DSwift Denims,大码女装,牛仔,Null,https://p16-she-va.ibyteimg.com/tos-alisg-i-f7lenjegsh-sg/d60135db19aa4c8fa691bc52b97cad8b~tplv-g9dfdl17fc-origin-image.image,2026/8/4,内容场占比低,高GPM,124,156,,https://shop.tiktok.com/view/product/1729886844241746943?region=GB&locale=en,22.9,Black,"1XL,2XL,3XL,0XL,4XL"
近14天新品,GB,1729877526711212375,S260719010018,FOXCLAW Curve,大码女装,女士下装,4.3,https://p16-she-va.ibyteimg.com/tos-alisg-i-f7lenjegsh-sg/088a9b8314624f7da7fc0ea5b8a4e6f6~tplv-g9dfdl17fc-origin-image.image,2026/8/5,内容场占比低,高GPM,29,157,,https://shop.tiktok.com/view/product/1729877526711212375?region=GB&locale=en,11.4,Pink,"1XL,3XL,4XL,2XL,5XL"
近14天新品,US,1732534806023607109,S260805012786,ZANZEA CHOICE,标码女装,女士套装及西服,2.3,https://p16-she-va.ibyteimg.com/tos-alisg-i-f7lenjegsh-sg/afb862a039d04bf3b153704494f14810~tplv-g9dfdl17fc-origin-image.image,2026/8/8,内容场占比低,高GPM,56,278,,https://shop.tiktok.com/view/product/1732534806023607109?region=US&locale=en,22.7,"Coffee brown,Khaki,Blue","M,S,L,XL,XXL"
近14天新品,MX,1736740052112016731,S260727021837,CORRENA,标码女装,女士下装,Null,https://p16-she-va.ibyteimg.com/tos-alisg-i-f7lenjegsh-sg/a12287085bf2417ab50250c5757b7566~tplv-g9dfdl17fc-origin-image.image,2026/8/4,内容场占比低,高GPM,88,34,,https://shop.tiktok.com/view/product/1736740052112016731?region=MX&locale=en,11.3,"Black,Khaki,White","L,M,XL,S,XXL"
近14天新品,DE,1729873812297456460,S260715025840,NURIN Clothing,标码女装,女士套装及西服,3.9,https://p16-she-va.ibyteimg.com/tos-alisg-i-f7lenjegsh-sg/7b1104846a4741a4bcc639091dfd46b2~tplv-g9dfdl17fc-origin-image.image,2026/8/3,内容场占比低,,212,10,,https://shop.tiktok.com/view/product/1729873812297456460?region=DE&locale=en,22.7,"Gray,Khaki,Brown,Black,Pink","XXL,M,S,L,XL"
近14天新品,US,1732535105504383372,S260805031881,Hafizah modest,标码女装,女士穆斯林服饰,Null,https://p16-she-va.ibyteimg.com/tos-alisg-i-f7lenjegsh-sg/fc576b2f760e46208d7363ae62b6d8b0~tplv-g9dfdl17fc-origin-image.image,2026/8/8,内容场占比低,高GPM,24,279,,https://shop.tiktok.com/view/product/1732535105504383372?region=US&locale=en,22.7,Black,"M,S,XL,L,XXL"
近14天新品,US,1732526636581818793,S260801010571,CCUICLAW,标码女装,女士针织衫,Null,https://p16-she-va.ibyteimg.com/tos-alisg-i-f7lenjegsh-sg/10721998ddb0484c90d31a993c2ee125~tplv-g9dfdl17fc-origin-image.image,2026/8/6,内容场占比低,高GPM,15,280,,https://shop.tiktok.com/view/product/1732526636581818793?region=US&locale=en,22.7,Beige,"M,S,XS,L"
近14天新品,US,1732534933005898727,S260805016679,Nora Women Wear,标码女装,女士套装及西服,4.7,https://p16-she-va.ibyteimg.com/tos-alisg-i-f7lenjegsh-sg/5e752cad0df5465a82d04f0e60d99731~tplv-g9dfdl17fc-origin-image.image,2026/8/5,内容场占比低,,160,281,,https://shop.tiktok.com/view/product/1732534933005898727?region=US&locale=en,22.6,"Light blue,Black","M,S,XL,L"
近14天新品,US,1732529037458314147,S260801009661,Dream Concubine,标码女装,女士下装,3.6,https://p16-she-va.ibyteimg.com/tos-alisg-i-f7lenjegsh-sg/c8a00ab5057b4e9db732e37b2609e116~tplv-g9dfdl17fc-origin-image.image,2026/8/3,内容场占比低,高GPM,1800,282,,https://shop.tiktok.com/view/product/1732529037458314147?region=US&locale=en,22.6,Coffee brown,"M,S,L,XL,XXL,XS"
近14天新品,MX,1736756107552524019,S260724013901,Chic Simp Finds,标码女装,女士套装及西服,4.4,https://p16-she-va.ibyteimg.com/tos-alisg-i-f7lenjegsh-sg/2585ba356461420a9a30db82d25d6688~tplv-g9dfdl17fc-origin-image.image,2026/8/4,内容场占比低,,26,35,,https://shop.tiktok.com/view/product/1736756107552524019?region=MX&locale=en,11.3,Dark brown,"M,S,L,XS"
近14天新品,US,1732476801438946296,S260706029450,Zavol chic,标码女装,女士套装及西服,4.4,https://p16-she-va.ibyteimg.com/tos-alisg-i-f7lenjegsh-sg/10ca74777b79419489128a935e93c370~tplv-g9dfdl17fc-origin-image.image,2026/8/8,内容场占比低,,41,283,,https://shop.tiktok.com/view/product/1732476801438946296?region=US&locale=en,22.6,Brown,"M,S,L,XL"
近14天新品,GB,1729886133211798473,S260803025594,Verve Fashion,标码女装,女士套装及西服,4.8,https://p16-she-va.ibyteimg.com/tos-alisg-i-f7lenjegsh-sg/ad379ea470d744a5ba594633700e9ef9~tplv-g9dfdl17fc-origin-image.image,2026/8/3,内容场占比低,高GPM,30000,158,,https://shop.tiktok.com/view/product/1729886133211798473?region=GB&locale=en,22.6,"Silver,Hot pink,Black,Fawn brown,Dark gray,Apricot","XL,S,L,XXL,M"
近14天新品,US,1732509638647910487,S260723032230,Novelife,标码女装,女士套装及西服,4.6,https://p16-she-va.ibyteimg.com/tos-alisg-i-f7lenjegsh-sg/2c21f3813fbc4d4ab56b5be4e1fb2dfd~tplv-g9dfdl17fc-origin-image.image,2026/8/8,内容场占比低,,35,284,,https://shop.tiktok.com/view/product/1732509638647910487?region=US&locale=en,22.6,Pink and brown stripes,"M,S,L,XL"
近14天新品,GB,1729891839397501364,S260807025367,Cherry Show,标码女装,女士套装及西服,4.5,https://p16-she-va.ibyteimg.com/tos-alisg-i-f7lenjegsh-sg/8554ab4a05ca43dea23b23d5dbbd0895~tplv-g9dfdl17fc-origin-image.image,2026/8/10,内容场占比低,高GPM,79,159,,https://shop.tiktok.com/view/product/1729891839397501364?region=GB&locale=en,22.6,Pink,"L,S,M,XL"
近14天新品,GB,1729887209828882559,S260805002041,Ilya costume,标码女装,女士套装及西服,4.7,https://p16-she-va.ibyteimg.com/tos-alisg-i-f7lenjegsh-sg/0fdb8ad346ed447a9d2fec381177ff0e~tplv-g9dfdl17fc-origin-image.image,2026/8/8,内容场占比低,高GPM,20,160,,https://shop.tiktok.com/view/product/1729887209828882559?region=GB&locale=en,22.6,Hot pink,"M,XS,S,L"
近14天新品,GB,1729886843403148166,S260804036782,Swanky Sisters,标码女装,女士套装及西服,3.8,https://p16-she-va.ibyteimg.com/tos-alisg-i-f7lenjegsh-sg/e0a863a4cb0747d29d6cce638b8ed1d9~tplv-g9dfdl17fc-origin-image.image,2026/8/4,内容场占比低,高GPM,2499,161,,https://shop.tiktok.com/view/product/1729886843403148166?region=GB&locale=en,22.6,"Multi-color,Multicolor4,Multicolor3,Multicolor2,Black","L,S,XL,M,XS"
近14天新品,US,1732530189316494247,S260803014979,RUII,标码女装,女士套装及西服,3.4,https://p16-she-va.ibyteimg.com/tos-alisg-i-f7lenjegsh-sg/b18af684bbdc4aebbb8ca8bb371c70c0~tplv-g9dfdl17fc-origin-image.image,2026/8/9,内容场占比低,高GPM,495,285,,https://shop.tiktok.com/view/product/1732530189316494247?region=US&locale=en,22.5,Brown,"M,S,L,XL,XS"
近14天新品,US,1732535217206694790,S260805035147,Chic Commuter,标码女装,女士下装,Null,https://p16-she-va.ibyteimg.com/tos-alisg-i-f7lenjegsh-sg/287a0bb3576c4b1c97532851459fb119~tplv-g9dfdl17fc-origin-image.image,2026/8/5,内容场占比低,高GPM,2498,286,,https://shop.tiktok.com/view/product/1732535217206694790?region=US&locale=en,11.3,"Yellow,White,Black,Dark orange,Mauve purple","M,S,XL,XS,L"
近14天新品,MX,1736724215106012381,S260724027445,ChuYuet,标码女装,女士套装及西服,Null,https://p16-she-va.ibyteimg.com/tos-alisg-i-f7lenjegsh-sg/c808944fedf2415cbc391d923839990c~tplv-g9dfdl17fc-origin-image.image,2026/8/6,内容场占比低,,68,36,,https://shop.tiktok.com/view/product/1736724215106012381?region=MX&locale=en,22.5,"Blue,Blue and white,Black","M,L,XL,S"
近14天新品,US,1732536602789057448,S260806007909,Chic Weaves,标码女装,女士针织衫,4.4,https://p16-she-va.ibyteimg.com/tos-alisg-i-f7lenjegsh-sg/fc304965b4654cfe884a315916cc8bdd~tplv-g9dfdl17fc-origin-image.image,2026/8/8,内容场占比低,,24,287,,https://shop.tiktok.com/view/product/1732536602789057448?region=US&locale=en,22.4,Hot pink,"M,S,L,XL,XXL"
近14天新品,MX,1736982417324869544,S260811009006,Cosfuns,标码女装,女士特殊服饰,4.5,https://p16-she-va.ibyteimg.com/tos-alisg-i-f7lenjegsh-sg/88ad60d15f29481a869cedf3dd7fefc3~tplv-g9dfdl17fc-origin-image.image,2026/8/11,内容场占比低,,14,37,,https://shop.tiktok.com/view/product/1736982417324869544?region=MX&locale=en,18.7,Set1,"M,XXL,XL,S,L"
近14天新品,US,1732543750494065176,S260809015624,PlumBabe,标码女装,女士下装,Null,https://p16-she-va.ibyteimg.com/tos-alisg-i-f7lenjegsh-sg/7144c4886a9e44d5a42f89267724ca96~tplv-g9dfdl17fc-origin-image.image,2026/8/9,内容场占比低,高GPM,500,288,,https://shop.tiktok.com/view/product/1732543750494065176?region=US&locale=en,22.4,Black,"M,S,L,XL,XXL"
近14天新品,GB,1729880113919728465,S260724022469,ruisusu Marketplace,标码女装,女士穆斯林服饰,4.3,https://p16-she-va.ibyteimg.com/tos-alisg-i-f7lenjegsh-sg/15f2532a884545fab807e4f062e359fe~tplv-g9dfdl17fc-origin-image.image,2026/8/10,内容场占比低,高GPM,31,162,,https://shop.tiktok.com/view/product/1729880113919728465?region=GB&locale=en,22.3,"Apricot,Burgundy,Black,Khaki,Silver,Dark Blue,Army green,Coffee brown",one-size
近14天新品,IT,1729890530927942247,S260807038671,Beauty Beauty Plus,大码女装,女士连衣裙,Null,https://p16-she-va.ibyteimg.com/tos-alisg-i-f7lenjegsh-sg/8679692d60c34639b9161b2d60350a30~tplv-g9dfdl17fc-origin-image.image,2026/8/7,内容场占比低,高GPM,500,3,,https://shop.tiktok.com/view/product/1729890530927942247?region=DE&locale=en,22.3,"Blue,Green","4XL,2XL,0XL,3XL,1XL"
近14天新品,MX,1736916207180154017,S260806029254,Muse Plus,大码女装,女士套装及西服,4.7,https://p16-she-va.ibyteimg.com/tos-alisg-i-f7lenjegsh-sg/fbc14fd32ede4f819819a5d78ec87f3f~tplv-g9dfdl17fc-origin-image.image,2026/8/6,内容场占比低,,1994,38,,https://shop.tiktok.com/view/product/1736916207180154017?region=MX&locale=en,22.3,"Brown,Gray,Pink,Burgundy,Black,Blue,Red,Khaki,Army green,Navy blue,Deep pink,Purple","3XL,1XL,2XL,0XL,4XL"
近14天新品,US,1732545574831296795,S260810010674,YM-MidiNest,标码女装,女士下装,Null,https://p16-she-va.ibyteimg.com/tos-alisg-i-f7lenjegsh-sg/bd362d4b9e2243e1900e76456a1b7304~tplv-g9dfdl17fc-origin-image.image,2026/8/10,内容场占比低,高GPM,800,289,,https://shop.tiktok.com/view/product/1732545574831296795?region=US&locale=en,11.1,"Orange-red,Black + Off-white + Coffee brown,Cream white,Coffee color,Military green,Black,Dark blue,Burgundy","M,S,L,XL,XXL"
近14天新品,GB,1729886611690985868,S260804004340,Hafizah modest,标码女装,女士穆斯林服饰,Null,https://p16-she-va.ibyteimg.com/tos-alisg-i-f7lenjegsh-sg/b86be161b182436daf470eb4f66bb434~tplv-g9dfdl17fc-origin-image.image,2026/8/7,内容场占比低,,11,163,,https://shop.tiktok.com/view/product/1729886611690985868?region=GB&locale=en,22.2,"Military green,Blue,Red",one-size
近14天新品,GB,1729887840332191854,S260805033016,Soft Frame,标码女装,女士套装及西服,4.7,https://p16-she-va.ibyteimg.com/tos-alisg-i-f7lenjegsh-sg/8d658b68fedb4b54b4cd6ca8803b3d61~tplv-g9dfdl17fc-origin-image.image,2026/8/8,内容场占比低,,96,164,,https://shop.tiktok.com/view/product/1729887840332191854?region=GB&locale=en,22.2,"Baby pink,Blue and brown stripes,Royal blue,Mulberry,Blue and white stripes,Light yellow,Pink 2,Apricot,Burgundy,Brown,Yellow","S,XS,M,XL,L"
近14天新品,US,1732514308088107292,S260726018416,CHAN & DU Fashion,标码女装,女士针织衫,Null,https://p16-she-va.ibyteimg.com/tos-alisg-i-f7lenjegsh-sg/2c74821154e94aa6a6ae85912604bbba~tplv-g9dfdl17fc-origin-image.image,2026/8/6,,,15,290,,https://shop.tiktok.com/view/product/1732514308088107292?region=US&locale=en,22.2,Apricot,"M,S,XL,L"
近14天新品,US,1732537138042212695,S260806013751,FOXCLAW Curve,大码女装,女士针织衫,4,https://p16-she-va.ibyteimg.com/tos-alisg-i-f7lenjegsh-sg/95ae4a429863435d8ef221e9965ae648~tplv-g9dfdl17fc-origin-image.image,2026/8/11,内容场占比低,高GPM,74,291,,https://shop.tiktok.com/view/product/1732537138042212695?region=US&locale=en,18.5,"Navy blue,White,Black","5XL,4XL,1XL,3XL,2XL"
近14天新品,US,1732526748029129501,S260801016052,ONETHREEZERO,大码女装,女士下装,3.6,https://p16-she-va.ibyteimg.com/tos-alisg-i-f7lenjegsh-sg/f673e5e3556b40e8a068866724123903~tplv-g9dfdl17fc-origin-image.image,2026/8/4,内容场占比低,,32,292,,https://shop.tiktok.com/view/product/1732526748029129501?region=US&locale=en,11.1,"Purple,Gray","5XL,4XL,1XL,3XL,2XL"
近14天新品,GB,1729890907085838481,S260808012037,MEIMEI Women,标码女装,女士针织衫,4.7,https://p16-she-va.ibyteimg.com/tos-alisg-i-f7lenjegsh-sg/4af90bbafd97448d96a8b0e9e762b7ab~tplv-g9dfdl17fc-origin-image.image,2026/8/12,内容场占比低,高GPM,11,165,,https://shop.tiktok.com/view/product/1729890907085838481?region=GB&locale=en,14.7,coral color,"M,S,L"
近14天新品,US,1732535440643559566,S260805039794,Elegant&Fashion,标码女装,女士套装及西服,4.7,https://p16-she-va.ibyteimg.com/tos-alisg-i-f7lenjegsh-sg/72520d0fddea4b6db137bdd73433402a~tplv-g9dfdl17fc-origin-image.image,2026/8/5,内容场占比低,高GPM,4000,293,,https://shop.tiktok.com/view/product/1732535440643559566?region=US&locale=en,22.1,"Black,Light gray","M,S,XL,L"
近14天新品,GB,1729889129571653657,S260806017832,NS Dress,大码女装,女士连衣裙,4.4,https://p16-she-va.ibyteimg.com/tos-alisg-i-f7lenjegsh-sg/6958e88fe96b488d851720f464b4bbc0~tplv-g9dfdl17fc-origin-image.image,2026/8/6,内容场占比低,高GPM,29,166,,https://shop.tiktok.com/view/product/1729889129571653657?region=GB&locale=en,21.9,Burgundy,"3XL,1XL,2XL,0XL"
近14天新品,US,1732527108283601225,S260801023471,XL Sweat,大码女装,女士针织衫,4.7,https://p16-she-va.ibyteimg.com/tos-alisg-i-f7lenjegsh-sg/bb1fc6148eff4061b30963c9edf4483d~tplv-g9dfdl17fc-origin-image.image,2026/8/8,,,38,294,,https://shop.tiktok.com/view/product/1732527108283601225?region=US&locale=en,21.7,"Khaki,Black","1XL,0XL,3XL,2XL"
近14天新品,US,1732528094561342396,S260802006428,Denim Bloom,大码女装,牛仔,Null,https://p16-she-va.ibyteimg.com/tos-alisg-i-f7lenjegsh-sg/93d7bd5205454ab4bb53aa8d33c6b647~tplv-g9dfdl17fc-origin-image.image,2026/8/5,内容场占比低,,23,295,,https://shop.tiktok.com/view/product/1732528094561342396?region=US&locale=en,21.9,Blue,"5XL,4XL,1XL,3XL,2XL"
近14天新品,US,1732546470921277630,S260810035181,Wake Seasons,标码女装,女士下装,4.1,https://p16-she-va.ibyteimg.com/tos-alisg-i-f7lenjegsh-sg/2651cbfc1d2e461081c6567c83ffec84~tplv-g9dfdl17fc-origin-image.image,2026/8/10,内容场占比低,高GPM,35552,296,,https://shop.tiktok.com/view/product/1732546470921277630?region=US&locale=en,21.9,Multicolor2,"M,S,XL,L"
近14天新品,US,1732518582518125298,S260728032757,ZANZEAFASHION,标码女装,女士穆斯林服饰,2,https://p16-she-va.ibyteimg.com/tos-alisg-i-f7lenjegsh-sg/ace4c3ed83ae429faddfb853a750d79c~tplv-g9dfdl17fc-origin-image.image,2026/8/5,内容场占比低,高GPM,55,297,,https://shop.tiktok.com/view/product/1732518582518125298?region=US&locale=en,21.9,"Camel,Hot pink,Navy blue","M,S,L,XL,XXL"
近14天新品,GB,1729887664080591244,S260805016199,Hafizah modest,标码女装,女士穆斯林服饰,Null,https://p16-she-va.ibyteimg.com/tos-alisg-i-f7lenjegsh-sg/45487f215af64068825253e40d5a1c4f~tplv-g9dfdl17fc-origin-image.image,2026/8/8,内容场占比低,,22,167,,https://shop.tiktok.com/view/product/1729887664080591244?region=GB&locale=en,21.9,Black,"L,XL,S,M,XXL"
近14天新品,US,1732534743860613872,S260805011656,Pretty PL,标码女装,女士套装及西服,4.8,https://p16-she-va.ibyteimg.com/tos-alisg-i-f7lenjegsh-sg/6614a29ab8674061bba43b91f1b6d337~tplv-g9dfdl17fc-origin-image.image,2026/8/5,内容场占比低,高GPM,24974,298,,https://shop.tiktok.com/view/product/1732534743860613872?region=US&locale=en,21.9,"Baby pink,Royal blue,Red,Reed green,Black","M,S,XL,L,XXL"
近14天新品,US,1732541874356720156,S260805004664,Bold Colors,标码女装,女士下装,Null,https://p16-she-va.ibyteimg.com/tos-alisg-i-f7lenjegsh-sg/3af150fe05f6468494068c1fe4402be5~tplv-g9dfdl17fc-origin-image.image,2026/8/8,内容场占比低,高GPM,5000,299,,https://shop.tiktok.com/view/product/1732541874356720156?region=US&locale=en,21.9,"Gray,Multicolor,Multicolor1","M,S,XL,L,XXL"
近14天新品,US,1732534913688114120,S260805018010,Wenyu Modest Abaya,标码女装,女士穆斯林服饰,Null,https://p16-she-va.ibyteimg.com/tos-alisg-i-f7lenjegsh-sg/c3549b4126dc487084de7fbb58685e1d~tplv-g9dfdl17fc-origin-image.image,2026/8/5,内容场占比低,,94,300,,https://shop.tiktok.com/view/product/1732534913688114120?region=US&locale=en,21.8,Apricot,"M,S,L,XL,XXL"
近14天新品,GB,1729886084439054732,S260803022299,Hafizah Studio,标码女装,女士穆斯林服饰,4.4,https://p16-she-va.ibyteimg.com/tos-alisg-i-f7lenjegsh-sg/d335d693ff554d51aaf4df6647f6a4d2~tplv-g9dfdl17fc-origin-image.image,2026/8/6,内容场占比低,,22,168,,https://shop.tiktok.com/view/product/1729886084439054732?region=GB&locale=en,21.8,Black,"S,M,L,XL,XXL"
近14天新品,GB,1729877722508860241,S260721011401,ruisusu Marketplace,标码女装,女士穆斯林服饰,4.3,https://p16-she-va.ibyteimg.com/tos-alisg-i-f7lenjegsh-sg/a970db468f774a7495a24b4e59444e8f~tplv-g9dfdl17fc-origin-image.image,2026/8/6,内容场占比低,,10,169,,https://shop.tiktok.com/view/product/1729877722508860241?region=GB&locale=en,21.8,"Dark green,Pink,Khaki,Baby pink",one-size
近14天新品,US,1732531031091876780,S260803026276,Funky Pants,大码女装,牛仔,4.5,https://p16-she-va.ibyteimg.com/tos-alisg-i-f7lenjegsh-sg/3d6a7e21e2e645c6bafc0846f11dcd36~tplv-g9dfdl17fc-origin-image.image,2026/8/4,内容场占比低,,169,301,,https://shop.tiktok.com/view/product/1732531031091876780?region=US&locale=en,21.7,"Black,Dark wash","5XL,4XL,1XL,0XL,3XL,2XL"
近14天新品,FR,1729887692139829591,S260805024844,FOXCLAW Curve,大码女装,女士上装,4.1,https://p16-she-va.ibyteimg.com/tos-alisg-i-f7lenjegsh-sg/738e65cfd7bb437c9b91d654dbbecd71~tplv-g9dfdl17fc-origin-image.image,2026/8/8,内容场占比低,高GPM,24,15,,https://shop.tiktok.com/view/product/1729887692139829591?region=DE&locale=en,21.7,Ochre brown,"4XL,3XL,1XL,2XL,0XL"
近14天新品,GB,1729890434848233842,S260807032482,Lune et Mer,标码女装,女士套装及西服,3.5,https://p16-she-va.ibyteimg.com/tos-alisg-i-f7lenjegsh-sg/537e9fb63b6340e2827131e59bde74f3~tplv-g9dfdl17fc-origin-image.image,2026/8/7,内容场占比低,高GPM,299,170,,https://shop.tiktok.com/view/product/1729890434848233842?region=GB&locale=en,21.7,"Black,Dark gray,Yellow","S,XL,L,M,XXL"
近14天新品,US,1732530221601821042,S260803015074,Lune et Mer,标码女装,女士下装,2.7,https://p16-she-va.ibyteimg.com/tos-alisg-i-f7lenjegsh-sg/d958d8f50c704a1fa6a6b9c1737a5d68~tplv-g9dfdl17fc-origin-image.image,2026/8/3,内容场占比低,高GPM,1830,302,,https://shop.tiktok.com/view/product/1732530221601821042?region=US&locale=en,10.8,"Red,beige,Black,Apricot,Blue","M,S,XS,XL,L"
近14天新品,GB,1729890475685288845,S260807035447,Chic Trendy Boutique,标码女装,女士套装及西服,Null,https://p16-she-va.ibyteimg.com/tos-alisg-i-f7lenjegsh-sg/36f18cbfccd8489f9bac498f0f9f0146~tplv-g9dfdl17fc-origin-image.image,2026/8/7,内容场占比低,高GPM,3000,171,,https://shop.tiktok.com/view/product/1729890475685288845?region=GB&locale=en,21.6,"Multi-color,Multicolor2","XL,S,M,L,XXL"
近14天新品,IT,1729891128228026858,S260709038211,YYXIN CLOTHES,标码女装,女士穆斯林服饰,4.5,https://p16-she-va.ibyteimg.com/tos-alisg-i-f7lenjegsh-sg/9ace492c21284393897b4daaa06d17f5~tplv-g9dfdl17fc-origin-image.image,2026/8/9,内容场占比低,高GPM,379,4,,https://shop.tiktok.com/view/product/1729891128228026858?region=DE&locale=en,21.6,Fawn brown,"M,S,XL,L"
近14天新品,GB,1729891363880016684,S260809015118,Design Darling,标码女装,女士针织衫,Null,https://p16-she-va.ibyteimg.com/tos-alisg-i-f7lenjegsh-sg/aaad052f2a944efd8fb09710ecec616d~tplv-g9dfdl17fc-origin-image.image,2026/8/9,内容场占比低,高GPM,999,172,,https://shop.tiktok.com/view/product/1729891363880016684?region=GB&locale=en,21.5,Coffee brown,"M,S,L,XL,XXL"
近14天新品,US,1732480637533917718,S260708036483,Ai Junsen costume,标码女装,女士套装及西服,4.7,https://p16-she-va.ibyteimg.com/tos-alisg-i-f7lenjegsh-sg/d72da47f09724bff9b1fddd80d5dcc1a~tplv-g9dfdl17fc-origin-image.image,2026/8/9,内容场占比低,,19,303,,https://shop.tiktok.com/view/product/1732480637533917718?region=US&locale=en,21.4,Pink and white,"M,S,XL,L"
近14天新品,US,1732528335440155052,S260802014358,The Pretty Line,标码女装,女士下装,4.6,https://p16-she-va.ibyteimg.com/tos-alisg-i-f7lenjegsh-sg/f8e12816a6674806a54c58c2a30698d4~tplv-g9dfdl17fc-origin-image.image,2026/8/7,内容场占比低,高GPM,19,304,,https://shop.tiktok.com/view/product/1732528335440155052?region=US&locale=en,21.4,Gray,"M,S,XL,L"
近14天新品,US,1732540935884476926,S260807041065,Wangsiting clothes,标码女装,女士穆斯林服饰,4,https://p16-she-va.ibyteimg.com/tos-alisg-i-f7lenjegsh-sg/9c3e00d0670b4fa88433bea9161eb4db~tplv-g9dfdl17fc-origin-image.image,2026/8/10,内容场占比低,高GPM,379,305,,https://shop.tiktok.com/view/product/1732540935884476926?region=US&locale=en,10.7,Gray,"M,S,L,XL"
近14天新品,US,1732475530159494018,S260703032538,Mh Fashion Lab,标码女装,女士套装及西服,4.5,https://p16-she-va.ibyteimg.com/tos-alisg-i-f7lenjegsh-sg/22307d6518604d74abc86f627a86ae9b~tplv-g9dfdl17fc-origin-image.image,2026/8/9,内容场占比低,高GPM,24,306,,https://shop.tiktok.com/view/product/1732475530159494018?region=US&locale=en,21.4,Reed green,"M,S,XL,L,XXL"
近14天新品,US,1732505197558141320,S260722004828,NovaChic,标码女装,女士套装及西服,Null,https://p16-she-va.ibyteimg.com/tos-alisg-i-f7lenjegsh-sg/2e6dc1713abe4d4692900e1181e3af05~tplv-g9dfdl17fc-origin-image.image,2026/8/7,内容场占比低,高GPM,27,307,,https://shop.tiktok.com/view/product/1732505197558141320?region=US&locale=en,21.4,Beige,"M,S,XS,L,XL"
近14天新品,US,1732542889011810993,S260809000250,Female Garment,标码女装,女士套装及西服,4.6,https://p16-she-va.ibyteimg.com/tos-alisg-i-f7lenjegsh-sg/0b124e257363483086a7b5fa7b18988c~tplv-g9dfdl17fc-origin-image.image,2026/8/9,内容场占比低,,5000,308,,https://shop.tiktok.com/view/product/1732542889011810993?region=US&locale=en,21.3,"Pink,Black","M,S,L,XL,XS"
近14天新品,US,1732510826720235961,S260724015657,Nancy Form,大码女装,女士上装,4.4,https://p16-she-va.ibyteimg.com/tos-alisg-i-f7lenjegsh-sg/fd426f877e014f2297c402b42a6175ea~tplv-g9dfdl17fc-origin-image.image,2026/8/6,内容场占比低,高GPM,59,309,,https://shop.tiktok.com/view/product/1732510826720235961?region=US&locale=en,21.3,"Multiple colors 1,Multiple colors 2,Multiple colors 3","4XL,1XL,0XL,3XL,2XL"
近14天新品,GB,1729886973573175832,S260804034443,PlumBabe,标码女装,女士套装及西服,Null,https://p16-she-va.ibyteimg.com/tos-alisg-i-f7lenjegsh-sg/4ca7cb0a66264876ad510bfdcabc5cc5~tplv-g9dfdl17fc-origin-image.image,2026/8/5,内容场占比低,高GPM,399,173,,https://shop.tiktok.com/view/product/1729886973573175832?region=GB&locale=en,21.2,Black,"L,XL,M,S"
近14天新品,US,1732510005332381852,S260724003561,Muslin Garments,标码女装,女士穆斯林服饰,4.6,https://p16-she-va.ibyteimg.com/tos-alisg-i-f7lenjegsh-sg/07a2ba50694548a98804650bef216ffe~tplv-g9dfdl17fc-origin-image.image,2026/8/4,内容场占比低,高GPM,8,310,,https://shop.tiktok.com/view/product/1732510005332381852?region=US&locale=en,10.6,Multicolor11,one-size
近14天新品,GB,1729877641498433879,S260720003716,FOXCLAW Curve,大码女装,女士下装,4.3,https://p16-she-va.ibyteimg.com/tos-alisg-i-f7lenjegsh-sg/cd76214b1fb0428e99071de999f55f09~tplv-g9dfdl17fc-origin-image.image,2026/8/5,内容场占比低,,18,174,,https://shop.tiktok.com/view/product/1729877641498433879?region=GB&locale=en,10.6,Gray,"5XL,3XL,4XL,2XL,1XL"
近14天新品,US,1732554357667828186,S260813019027,Baillin Dress,标码女装,女士下装,4.7,https://p16-she-va.ibyteimg.com/tos-alisg-i-f7lenjegsh-sg/d1e9df77daeb4d7bade6f4852c01441d~tplv-g9dfdl17fc-origin-image.image,2026/8/13,内容场占比低,高GPM,400,311,,https://shop.tiktok.com/view/product/1732554357667828186?region=US&locale=en,10.6,Champagne,"M,S,L,XL"
近14天新品,GB,1729890917542763111,S260808015119,Beauty Beauty Plus,大码女装,女士连衣裙,4,https://p16-she-va.ibyteimg.com/tos-alisg-i-f7lenjegsh-sg/2e741d6230b34c269044b0ad031fed22~tplv-g9dfdl17fc-origin-image.image,2026/8/8,内容场占比低,高GPM,249,175,,https://shop.tiktok.com/view/product/1729890917542763111?region=GB&locale=en,21.1,Brown,"4XL,0XL,2XL,3XL,1XL"
近14天新品,US,1732539741163066329,S260807024383,Beautiful Nomad Beach,标码女装,女士针织衫,3.2,https://p16-she-va.ibyteimg.com/tos-alisg-i-f7lenjegsh-sg/3e01e0959a0341dd9fa1c5c9ce644857~tplv-g9dfdl17fc-origin-image.image,2026/8/7,内容场占比低,高GPM,599,312,,https://shop.tiktok.com/view/product/1732539741163066329?region=US&locale=en,21.1,"Purple,Pink,Khaki,Light green,Light blue,Yellow","M,S,XL,L,XXL"
近14天新品,US,1732531623987483070,S260730006213,ComfyChic Boutique,标码女装,女士下装,3.9,https://p16-she-va.ibyteimg.com/tos-alisg-i-f7lenjegsh-sg/379f5caf00c94e40ba0e9a60806b7195~tplv-g9dfdl17fc-origin-image.image,2026/8/4,内容场占比低,,5000,313,,https://shop.tiktok.com/view/product/1732531623987483070?region=US&locale=en,21.1,Multi-color,"M,S,XL,L,XXL"
近14天新品,US,1732536444632404422,S260806003758,TY Trove,标码女装,女士下装,4.1,https://p16-she-va.ibyteimg.com/tos-alisg-i-f7lenjegsh-sg/1c28bb7207e3468796b2b32fdd1588a8~tplv-g9dfdl17fc-origin-image.image,2026/8/10,内容场占比低,高GPM,35,314,,https://shop.tiktok.com/view/product/1732536444632404422?region=US&locale=en,21.1,Black,"M,S,XL,L"
近14天新品,US,1732539543448293713,S260807014062,Crush Wear,标码女装,女士下装,4.3,https://p16-she-va.ibyteimg.com/tos-alisg-i-f7lenjegsh-sg/ed66618c01274cc7a9af5f03b55e6a52~tplv-g9dfdl17fc-origin-image.image,2026/8/7,内容场占比低,高GPM,71103,315,,https://shop.tiktok.com/view/product/1732539543448293713?region=US&locale=en,21.1,"Multi-color,Multicolor1","M,S,XL,L"
近14天新品,GB,1729876981233391903,S260720012316,Chic Muslim Gowns,大码女装,女士穆斯林服饰,Null,https://p16-she-va.ibyteimg.com/tos-alisg-i-f7lenjegsh-sg/ea92bf4c6f0c4b52bfb477497ae49e16~tplv-g9dfdl17fc-origin-image.image,2026/8/5,内容场占比低,,27,176,,https://shop.tiktok.com/view/product/1729876981233391903?region=GB&locale=en,21,"Sky blue,Coffee brown,Dark green,Apricot,Army green,Dark gray,Dark Blue,Baby pink,White,Khaki",one-size
近14天新品,US,1732522005100007603,S260729034679,ZOVINRIA,标码女装,女士针织衫,3.8,https://p16-she-va.ibyteimg.com/tos-alisg-i-f7lenjegsh-sg/816c1fae48a64bdd8cb91dbc4533e9dc~tplv-g9dfdl17fc-origin-image.image,2026/8/5,内容场占比低,,70,316,,https://shop.tiktok.com/view/product/1732522005100007603?region=US&locale=en,21,"Red,Coffee color,Gray,White","M,S,L"
近14天新品,US,1732544582433149873,S260809020744,Everlane Other Stories,标码女装,女士穆斯林服饰,Null,https://p16-she-va.ibyteimg.com/tos-alisg-i-f7lenjegsh-sg/f082984031294d48a73ca388bcd37cdf~tplv-g9dfdl17fc-origin-image.image,2026/8/12,内容场占比低,高GPM,18,317,,https://shop.tiktok.com/view/product/1732544582433149873?region=US&locale=en,14,Khaki,"M,S,XL,XS,L"
近14天新品,GB,1729875886362892593,S260718002026,Hawthaw Women Apparel,标码女装,女士套装及西服,4.8,https://p16-she-va.ibyteimg.com/tos-alisg-i-f7lenjegsh-sg/bf80a80812e642879812feaa4a59f244~tplv-g9dfdl17fc-origin-image.image,2026/8/7,内容场占比低,高GPM,14,177,,https://shop.tiktok.com/view/product/1729875886362892593?region=GB&locale=en,20.9,Hot pink,"L,M,S"
近14天新品,MX,1736916386239251697,S260806036325,Miss Zone,大码女装,女士连衣裙,4.7,https://p16-she-va.ibyteimg.com/tos-alisg-i-f7lenjegsh-sg/8769118284e34dc09590058935b975b2~tplv-g9dfdl17fc-origin-image.image,2026/8/6,内容场占比低,,66,39,,https://shop.tiktok.com/view/product/1736916386239251697?region=MX&locale=en,20.9,Black,"0XL,2XL,4XL,3XL,1XL"
近14天新品,US,1732533408450122540,S260804018067,Design Darling,标码女装,女士针织衫,Null,https://p16-she-va.ibyteimg.com/tos-alisg-i-f7lenjegsh-sg/a23186aaf3bb4da7b9364de8c16c9535~tplv-g9dfdl17fc-origin-image.image,2026/8/5,内容场占比低,高GPM,3000,318,,https://shop.tiktok.com/view/product/1732533408450122540?region=US&locale=en,10.4,"Dark gray,Dark green,Dark wash","M,S,L,XL,XXL"
近14天新品,US,1732520920515973600,S260729028512,Choove,标码女装,女士下装,4.3,https://p16-she-va.ibyteimg.com/tos-alisg-i-f7lenjegsh-sg/d6b57eab7599436cbcf73ea83e6274fb~tplv-g9dfdl17fc-origin-image.image,2026/8/11,内容场占比低,,162,319,,https://shop.tiktok.com/view/product/1732520920515973600?region=US&locale=en,17.3,"Coffee brown,Pink,Khaki,Navy blue,Gray,Black,Burgundy","M,S,L,XL,XXL"
近14天新品,GB,1729883956002855880,S260730036493,Wenyu Modest Abaya,标码女装,女士穆斯林服饰,Null,https://p16-she-va.ibyteimg.com/tos-alisg-i-f7lenjegsh-sg/b51b852d7f4c4bc2ad2617d4c0585d29~tplv-g9dfdl17fc-origin-image.image,2026/8/3,内容场占比低,,45,178,,https://shop.tiktok.com/view/product/1729883956002855880?region=GB&locale=en,20.8,Fawn brown,"XL,M,XXL,L,S"
近14天新品,US,1732528155074794408,S260802008415,Chic Weaves,标码女装,女士针织衫,4.4,https://p16-she-va.ibyteimg.com/tos-alisg-i-f7lenjegsh-sg/b853e84cce554c84afff163eb472a5d7~tplv-g9dfdl17fc-origin-image.image,2026/8/4,内容场占比低,,69,320,,https://shop.tiktok.com/view/product/1732528155074794408?region=US&locale=en,20.8,"Brown and white,Gray and white,Black and white","M,S,L,XL,XXL"
近14天新品,US,1732536416605737303,S260806004166,FOXCLAW Curve,大码女装,女士上装,4,https://p16-she-va.ibyteimg.com/tos-alisg-i-f7lenjegsh-sg/a961bcf9a3694b01977835e037f3f8e0~tplv-g9dfdl17fc-origin-image.image,2026/8/11,内容场占比低,高GPM,49,321,,https://shop.tiktok.com/view/product/1732536416605737303?region=US&locale=en,17.3,"Black,Dark gray","5XL,4XL,1XL,3XL,2XL"
近14天新品,GB,1729889118858353130,S260805040628,Glitzy Fashion,标码女装,女士套装及西服,4.2,https://p16-she-va.ibyteimg.com/tos-alisg-i-f7lenjegsh-sg/435eb46231d1431c8edb356090f92bfd~tplv-g9dfdl17fc-origin-image.image,2026/8/6,内容场占比低,高GPM,900,179,,https://shop.tiktok.com/view/product/1729889118858353130?region=GB&locale=en,20.7,"Khaki,Black,Gray,Coffee brown,Apricot,Navy blue","L,XXL,M,XL,S"
近14天新品,GB,1729885319087298988,S260802006810,The Pretty Line,标码女装,女士套装及西服,4.5,https://p16-she-va.ibyteimg.com/tos-alisg-i-f7lenjegsh-sg/55a0cec5122f4d23a4053ec0f2daa130~tplv-g9dfdl17fc-origin-image.image,2026/8/7,内容场占比低,高GPM,19,180,,https://shop.tiktok.com/view/product/1729885319087298988?region=GB&locale=en,20.7,"Blue,Green,Coffee brown","L,XL,M,S"
近14天新品,US,1732499346265379109,S260718011885,GirI CIoset,标码女装,女士针织衫,Null,https://p16-she-va.ibyteimg.com/tos-alisg-i-f7lenjegsh-sg/8adb532b57614f67a25600a519bb14dc~tplv-g9dfdl17fc-origin-image.image,2026/8/3,内容场占比低,高GPM,46,322,,https://shop.tiktok.com/view/product/1732499346265379109?region=US&locale=en,10.3,"Khaki,Red,Gray,Black","M,S,XL,L"
近14天新品,FR,1729873813495651148,S260715025840,NURIN Clothing,标码女装,女士套装及西服,3.9,https://p16-she-va.ibyteimg.com/tos-alisg-i-f7lenjegsh-sg/7b1104846a4741a4bcc639091dfd46b2~tplv-g9dfdl17fc-origin-image.image,2026/8/3,内容场占比低,高GPM,212,16,,https://shop.tiktok.com/view/product/1729873813495651148?region=DE&locale=en,20.6,"Gray,Khaki,Brown,Black,Pink","XXL,M,S,L,XL"
近14天新品,GB,1729888090830773083,S260805041975,FNZE Fashion,大码女装,女士连衣裙,4.2,https://p16-she-va.ibyteimg.com/tos-alisg-i-f7lenjegsh-sg/8e289a2da9404c1fb2397fb41d20f74d~tplv-g9dfdl17fc-origin-image.image,2026/8/5,内容场占比低,,68,181,,https://shop.tiktok.com/view/product/1729888090830773083?region=GB&locale=en,20.6,"Heather violet,Yellow,Orange,Blue",one-size
近14天新品,US,1732533142928396515,S260804026630,GEORGIO PEVIANI,大码女装,牛仔,4.1,https://p16-she-va.ibyteimg.com/tos-alisg-i-f7lenjegsh-sg/89ce5f800e4f43588a4261b403114a7f~tplv-g9dfdl17fc-origin-image.image,2026/8/9,内容场占比低,,24,323,,https://shop.tiktok.com/view/product/1732533142928396515?region=US&locale=en,20.6,Blue,"4XL,1XL,0XL,3XL,2XL"
近14天新品,GB,1729886896282770228,S260804009118,YPHY,大码女装,牛仔,4.4,https://p16-she-va.ibyteimg.com/tos-alisg-i-f7lenjegsh-sg/72ce8e968d47425a86f71bd3d1a17db7~tplv-g9dfdl17fc-origin-image.image,2026/8/4,内容场占比低,高GPM,98,182,,https://shop.tiktok.com/view/product/1729886896282770228?region=GB&locale=en,20.5,"Blue,Dark wash,Royal blue,Dark Gray","4XL,3XL,0XL,1XL,2XL"
近14天新品,US,1732526780082066388,S260801017297,fashion iconn,标码女装,女士针织衫,4.6,https://p16-she-va.ibyteimg.com/tos-alisg-i-f7lenjegsh-sg/d1989b8d355a4d31a27eb68e8a432200~tplv-g9dfdl17fc-origin-image.image,2026/8/6,内容场占比低,,34,324,,https://shop.tiktok.com/view/product/1732526780082066388?region=US&locale=en,20.5,"Dusty Blue,Lavender,Gray,Black","M,S,XL,L,XXL"
近14天新品,MX,1736731710519084313,S260726005441,Yiwei Womens Dress,大码女装,女士下装,4.6,https://p16-she-va.ibyteimg.com/tos-alisg-i-f7lenjegsh-sg/4fe06e39ff4c4dc7f6eaf24ac6fbbe6f~tplv-g9dfdl17fc-origin-image.image,2026/8/7,内容场占比低,高GPM,34,40,,https://shop.tiktok.com/view/product/1736731710519084313?region=MX&locale=en,10.2,"Navy blue,Black","1XL,0XL,4XL,3XL,5XL,2XL"
近14天新品,US,1732521048268837570,S260729037956,Sweater Verse,标码女装,女士针织衫,Null,https://p16-she-va.ibyteimg.com/tos-alisg-i-f7lenjegsh-sg/c1acc97a30794f05838dcfa0475a3957~tplv-g9dfdl17fc-origin-image.image,2026/8/3,内容场占比低,高GPM,19,325,,https://shop.tiktok.com/view/product/1732521048268837570?region=US&locale=en,20.4,Black,"M,S,XL,L"
近14天新品,US,1732537957565764172,S260806034592,Modish Sweaters,标码女装,女士针织衫,Null,https://p16-she-va.ibyteimg.com/tos-alisg-i-f7lenjegsh-sg/d27d03c4f2904e2fbfbc8905b4cfedac~tplv-g9dfdl17fc-origin-image.image,2026/8/8,内容场占比低,高GPM,19,326,,https://shop.tiktok.com/view/product/1732537957565764172?region=US&locale=en,20.4,Blue,"M,S,L,XL"
近14天新品,GB,1729891543477492365,S260808025401,Gold Full,标码女装,女士套装及西服,4.2,https://p16-she-va.ibyteimg.com/tos-alisg-i-f7lenjegsh-sg/82974a843c4b4e87a0edc940213791c9~tplv-g9dfdl17fc-origin-image.image,2026/8/10,内容场占比低,高GPM,1500,183,,https://shop.tiktok.com/view/product/1729891543477492365?region=GB&locale=en,20.4,"Burgundy,Blue,White,Dark gray,Hot pink,Apricot,Pink,Red,Black,Khaki","S,XL,L,M,XXL"
近14天新品,US,1732534275152122413,S260805003411,Toflame,标码女装,女士下装,4.7,https://p16-she-va.ibyteimg.com/tos-alisg-i-f7lenjegsh-sg/559c8fbad5514033a5cdf8b9c2d58b18~tplv-g9dfdl17fc-origin-image.image,2026/8/7,内容场占比低,,14,327,,https://shop.tiktok.com/view/product/1732534275152122413?region=US&locale=en,20.4,Brown,"M,S,L"
近14天新品,GB,1729890902620281001,S260808012320,ANMYR,大码女装,女士上装,4.5,https://p16-she-va.ibyteimg.com/tos-alisg-i-f7lenjegsh-sg/589ec1c4c3694bdaada065b9548022f9~tplv-g9dfdl17fc-origin-image.image,2026/8/8,内容场占比低,高GPM,1200,184,,https://shop.tiktok.com/view/product/1729890902620281001?region=GB&locale=en,20.4,Deep red,"5XL,1XL,4XL,3XL,6XL,2XL"
近14天新品,US,1732529135441646448,S260730023879,Soh Soh,标码女装,女士下装,3.7,https://p16-she-va.ibyteimg.com/tos-alisg-i-f7lenjegsh-sg/97272a2cc0e74ec2a368252946aacd78~tplv-g9dfdl17fc-origin-image.image,2026/8/3,内容场占比低,高GPM,1799,328,,https://shop.tiktok.com/view/product/1732529135441646448?region=US&locale=en,20.4,"Blue,Khaki,Hot pink,Light green,Army green,White,Black,Sky blue,Dark Blue,Apricot,Multicolor1,Brown","M,S,XL,XS,L"
近14天新品,US,1732540834319602075,S260806035169,Pink Ora,标码女装,女士套装及西服,Null,https://p16-she-va.ibyteimg.com/tos-alisg-i-f7lenjegsh-sg/1982664358f846a8b6b9199fe5e1d804~tplv-g9dfdl17fc-origin-image.image,2026/8/6,内容场占比低,高GPM,2999,329,,https://shop.tiktok.com/view/product/1732540834319602075?region=US&locale=en,20.4,"Multi-color,Black","M,S,XL,XS,L"
近14天新品,DE,1729885274176985436,S260801021614,Zhichn Clthing,标码女装,女士针织衫,Null,https://p16-she-va.ibyteimg.com/tos-alisg-i-f7lenjegsh-sg/d378148039e744f5bb591c787abb5ffa~tplv-g9dfdl17fc-origin-image.image,2026/8/4,内容场占比低,,1663,11,,https://shop.tiktok.com/view/product/1729885274176985436?region=DE&locale=en,20.4,"Pine green,Coffee brown,Mulberry,Violet,Black,Brown,Coral pink,Burgundy,Cream,Apricot,Dark Blue,Yellow","L,S,M"
近14天新品,GB,1729884490956511575,S260731013097,FOXCLAW Curve,大码女装,女士上装,4.3,https://p16-she-va.ibyteimg.com/tos-alisg-i-f7lenjegsh-sg/603f0939b4cd418b9a77a8ed1b5c81da~tplv-g9dfdl17fc-origin-image.image,2026/8/9,内容场占比低,高GPM,103,185,,https://shop.tiktok.com/view/product/1729884490956511575?region=GB&locale=en,10.2,"Hot pink,Black,Dark Blue","1XL,2XL,4XL,5XL,3XL"
近14天新品,GB,1729886766795496009,S260804014360,Trendy forLess,标码女装,女士套装及西服,Null,https://p16-she-va.ibyteimg.com/tos-alisg-i-f7lenjegsh-sg/a22498017f85441eb6c35c173b67d75a~tplv-g9dfdl17fc-origin-image.image,2026/8/4,内容场占比低,,125,186,,https://shop.tiktok.com/view/product/1729886766795496009?region=GB&locale=en,20.3,"Pale green,Light wash,Light brown,Deep pink,Black","L,XL,XXL,S,M"
近14天新品,MX,1736785787161183381,S260730010219,Sanuuchic,标码女装,女士套装及西服,4.5,https://p16-she-va.ibyteimg.com/tos-alisg-i-f7lenjegsh-sg/e95fb8cbd1e8465199e5058be1b21374~tplv-g9dfdl17fc-origin-image.image,2026/8/5,内容场占比低,,675,41,,https://shop.tiktok.com/view/product/1736785787161183381?region=MX&locale=en,20.3,"Burgundy,Gray,Beige,Brown,Black","S,XL,L,XXL,M"
近14天新品,MX,1736914446532183682,S260806024965,ORXUPR,标码女装,女士特殊服饰,2.9,https://p16-she-va.ibyteimg.com/tos-alisg-i-f7lenjegsh-sg/301896fd86b746fd869788fe63ca62a2~tplv-g9dfdl17fc-origin-image.image,2026/8/6,内容场占比低,,498,42,,https://shop.tiktok.com/view/product/1736914446532183682?region=MX&locale=en,10.2,Black,"S,XXL,XL,M,L"
近14天新品,US,1732544626038116705,S260809001111,Few Months,标码女装,女士套装及西服,3,https://p16-she-va.ibyteimg.com/tos-alisg-i-f7lenjegsh-sg/165962ea25784366a7570f635b602223~tplv-g9dfdl17fc-origin-image.image,2026/8/10,内容场占比低,高GPM,1500,330,,https://shop.tiktok.com/view/product/1732544626038116705?region=US&locale=en,10.2,"Burgundy,Pink,Khaki,Hot pink,Red,White,Black,Dark gray,Apricot,Blue","M,S,L,XL,XXL"
近14天新品,US,1732494707498914103,S260716006995,PlusLady,大码女装,女士连衣裙,Null,https://p16-she-va.ibyteimg.com/tos-alisg-i-f7lenjegsh-sg/b584532892d64a3797e52f1e3e202a55~tplv-g9dfdl17fc-origin-image.image,2026/8/9,内容场占比低,高GPM,24,331,,https://shop.tiktok.com/view/product/1732494707498914103?region=US&locale=en,20.3,Floral,"5XL,4XL,1XL,0XL,3XL,2XL"
近14天新品,US,1732534876590346311,S260805013688,Mini knit,标码女装,女士针织衫,3.4,https://p16-she-va.ibyteimg.com/tos-alisg-i-f7lenjegsh-sg/76fe0a94a86941568dfd40b3e13061bc~tplv-g9dfdl17fc-origin-image.image,2026/8/9,内容场占比低,高GPM,14,332,,https://shop.tiktok.com/view/product/1732534876590346311?region=US&locale=en,20.2,Black,"M,S,L"
近14天新品,GB,1729893588798642971,S260812038173,EARO-w,大码女装,女士上装,Null,https://p16-she-va.ibyteimg.com/tos-alisg-i-f7lenjegsh-sg/1a775e26350c465c955ac426d1368f0a~tplv-g9dfdl17fc-origin-image.image,2026/8/12,内容场占比低,高GPM,574,187,,https://shop.tiktok.com/view/product/1729893588798642971?region=GB&locale=en,13.4,"Khaki,Deep blue,Black,White,Hot pink,Brown","0XL,5XL,1XL,3XL,2XL,4XL"
近14天新品,GB,1729887526284598204,S260805013615,Denim Bloom,大码女装,牛仔,Null,https://p16-she-va.ibyteimg.com/tos-alisg-i-f7lenjegsh-sg/062436970e0f4c01b6d29cfb44750c1d~tplv-g9dfdl17fc-origin-image.image,2026/8/8,内容场占比低,高GPM,24,188,,https://shop.tiktok.com/view/product/1729887526284598204?region=GB&locale=en,20.1,Blue,"2XL,3XL,4XL,5XL,1XL"
近14天新品,US,1732544961912213801,S260810003833,Kitten Knit,标码女装,女士针织衫,4.5,https://p16-she-va.ibyteimg.com/tos-alisg-i-f7lenjegsh-sg/7c821f9ea07f45fba2c734469ee6a0a0~tplv-g9dfdl17fc-origin-image.image,2026/8/10,内容场占比低,高GPM,15,333,,https://shop.tiktok.com/view/product/1732544961912213801?region=US&locale=en,20.1,Apricot,"Xxl-xxxl,L-XL,S-m"
近14天新品,GB,1729887591446059115,S260805020123,Joyfunear Fashion,标码女装,女士套装及西服,4.7,https://p16-she-va.ibyteimg.com/tos-alisg-i-f7lenjegsh-sg/97fb4d239a6249f78643464e1b4d450a~tplv-g9dfdl17fc-origin-image.image,2026/8/5,内容场占比低,高GPM,0,189,,https://shop.tiktok.com/view/product/1729887591446059115?region=GB&locale=en,20.1,"Brown,Blue,White,Green,Yellow,Hot pink,Purple,Black,Gray,Khaki,Red,Pink","XL,S,L,M,XXL"
近14天新品,US,1732529024857182925,S260730027786,Pink Dawn,标码女装,女士套装及西服,4,https://p16-she-va.ibyteimg.com/tos-alisg-i-f7lenjegsh-sg/afc5dc901efa4328b61fff5e96c7ef36~tplv-g9dfdl17fc-origin-image.image,2026/8/3,内容场占比低,高GPM,71104,334,,https://shop.tiktok.com/view/product/1732529024857182925?region=US&locale=en,20.1,"White,Black","M,S,L,XL"
近14天新品,US,1732530194356212478,S260803009886,Beyond Nova,标码女装,女士下装,4.3,https://p16-she-va.ibyteimg.com/tos-alisg-i-f7lenjegsh-sg/fee9decf685e42b5bc0fe56f1bd690ca~tplv-g9dfdl17fc-origin-image.image,2026/8/3,内容场占比低,,177759,335,,https://shop.tiktok.com/view/product/1732530194356212478?region=US&locale=en,20,"Multicolor5,Multicolor2,Multicolor3,Multicolor1,Multicolor4","M,S,XL,L"
近14天新品,GB,1729876767891953837,S260719022738,ZIZI Sweater,大码女装,女士针织衫,4.1,https://p16-she-va.ibyteimg.com/tos-alisg-i-f7lenjegsh-sg/4739c97617a94b5eba1f4130d58d982d~tplv-g9dfdl17fc-origin-image.image,2026/8/8,内容场占比低,,59,190,,https://shop.tiktok.com/view/product/1729876767891953837?region=GB&locale=en,20,"Black,White,Apricot","3XL,4XL,1XL,2XL"
近14天新品,US,1732535001418339176,S260509029115,Happy Rainbow House,大码女装,女士上装,4.8,https://p16-she-va.ibyteimg.com/tos-alisg-i-f7lenjegsh-sg/edb05cf919a244459a72b322c8dacdec~tplv-g9dfdl17fc-origin-image.image,2026/8/4,内容场占比低,,74,336,,https://shop.tiktok.com/view/product/1732535001418339176?region=US&locale=en,19.9,"Purple,Pink,Green","5XL,4XL,1XL,3XL,2XL"
近14天新品,MX,1736899829400242092,S260805036580,Unique Denim Hive,标码女装,女士下装,4.6,https://p16-she-va.ibyteimg.com/tos-alisg-i-f7lenjegsh-sg/42e90a56d6514574b71fd080f5e5f374~tplv-g9dfdl17fc-origin-image.image,2026/8/5,内容场占比低,高GPM,117,43,,https://shop.tiktok.com/view/product/1736899829400242092?region=MX&locale=en,19.9,Gray,"L,XXL,XL,M,XS,S"
近14天新品,GB,1729885893281159619,S260803018077,Amercire Fashion,标码女装,女士套装及西服,4.2,https://p16-she-va.ibyteimg.com/tos-alisg-i-f7lenjegsh-sg/c8806aa699d245cb80223123de8b2311~tplv-g9dfdl17fc-origin-image.image,2026/8/3,内容场占比低,,493,191,,https://shop.tiktok.com/view/product/1729885893281159619?region=GB&locale=en,19.9,Brown,"M,XS,XL,S,L"
近14天新品,US,1732525180828750014,S260731023023,Wake Seasons,标码女装,女士套装及西服,4.1,https://p16-she-va.ibyteimg.com/tos-alisg-i-f7lenjegsh-sg/665517a1445e49139160ca75e52aee20~tplv-g9dfdl17fc-origin-image.image,2026/8/3,内容场占比低,高GPM,71103,337,,https://shop.tiktok.com/view/product/1732525180828750014?region=US&locale=en,19.8,"Gray,Black","M,S,L,XL"
近14天新品,US,1732502565432168736,S260720025726,Dream Cheers,标码女装,女士下装,2.7,https://p16-she-va.ibyteimg.com/tos-alisg-i-f7lenjegsh-sg/0aac031eaaa34019bb57d00e26f865b9~tplv-g9dfdl17fc-origin-image.image,2026/8/7,内容场占比低,,4999,338,,https://shop.tiktok.com/view/product/1732502565432168736?region=US&locale=en,9.9,Black,"M,S,XS,XL,L"
近14天新品,US,1732525239522136790,S260731020488,Chic And Durable,标码女装,女士套装及西服,3.9,https://p16-she-va.ibyteimg.com/tos-alisg-i-f7lenjegsh-sg/17d8fadd780348ac82624ce645a1e3cd~tplv-g9dfdl17fc-origin-image.image,2026/8/5,内容场占比低,,34,339,,https://shop.tiktok.com/view/product/1732525239522136790?region=US&locale=en,19.8,White,"M,S,XL,L"
近14天新品,GB,1729891014935681393,S260808027908,LUCK BABY C,标码女装,女士下装,Null,https://p16-she-va.ibyteimg.com/tos-alisg-i-f7lenjegsh-sg/5bc5753e64f040179b810a77a415b333~tplv-g9dfdl17fc-origin-image.image,2026/8/8,内容场占比低,高GPM,9000,192,,https://shop.tiktok.com/view/product/1729891014935681393?region=GB&locale=en,19.8,"White,Hot pink,Golden,Green,Black,Burgundy","L,XS,S,M,XL"
近14天新品,GB,1729882424647195347,S260728017457,One Line Store,标码女装,女士穆斯林服饰,Null,https://p16-she-va.ibyteimg.com/tos-alisg-i-f7lenjegsh-sg/ae64e0e00aab49e1bf9d8d84dc9385c2~tplv-g9dfdl17fc-origin-image.image,2026/8/5,内容场占比低,,13,193,,https://shop.tiktok.com/view/product/1729882424647195347?region=GB&locale=en,19.7,Brown,"S,L,M,XL"
近14天新品,US,1732542108628652647,S260808028746,Beauty Beauty Plus,大码女装,女士连衣裙,2.8,https://p16-she-va.ibyteimg.com/tos-alisg-i-f7lenjegsh-sg/b175be23b1964d48909ff7d8548d6439~tplv-g9dfdl17fc-origin-image.image,2026/8/8,内容场占比低,高GPM,250,340,,https://shop.tiktok.com/view/product/1732542108628652647?region=US&locale=en,19.7,Apricot,"4XL,1XL,0XL,3XL,2XL"
近14天新品,GB,1729885650323413549,S260803004797,Toflame,标码女装,女士下装,4.7,https://p16-she-va.ibyteimg.com/tos-alisg-i-f7lenjegsh-sg/cb40a13ffe7a4d8e981d7955aea7a913~tplv-g9dfdl17fc-origin-image.image,2026/8/5,内容场占比低,,13,194,,https://shop.tiktok.com/view/product/1729885650323413549?region=GB&locale=en,9.8,Dark wash,"S,L,M"
近14天新品,GB,1729886512772258728,S260804007826,Cosfuns,标码女装,女士特殊服饰,4.5,https://p16-she-va.ibyteimg.com/tos-alisg-i-f7lenjegsh-sg/232d5c355daa472db2a83695cc595a9e~tplv-g9dfdl17fc-origin-image.image,2026/8/4,内容场占比低,,39,195,,https://shop.tiktok.com/view/product/1729886512772258728?region=GB&locale=en,19.7,Set1,"M,L,XL,XXL"
近14天新品,US,1732537953638323199,S260806036460,DSwift Denims,大码女装,牛仔,4.5,https://p16-she-va.ibyteimg.com/tos-alisg-i-f7lenjegsh-sg/f89df84b084744d1aede93df66c9e45f~tplv-g9dfdl17fc-origin-image.image,2026/8/6,内容场占比低,高GPM,125,341,,https://shop.tiktok.com/view/product/1732537953638323199?region=US&locale=en,19.6,Medium wash,"4XL,1XL,0XL,3XL,2XL"
近14天新品,GB,1729887916979558809,S260805036109,LAVUE,标码女装,女士下装,3.7,https://p16-she-va.ibyteimg.com/tos-alisg-i-f7lenjegsh-sg/49900411d88e41caad6661cda4c25efc~tplv-g9dfdl17fc-origin-image.image,2026/8/8,内容场占比低,高GPM,19,196,,https://shop.tiktok.com/view/product/1729887916979558809?region=GB&locale=en,19.6,Black,"L,S,XL,M"
近14天新品,GB,1729885560961801161,S260719016168,Verve Fashion,标码女装,女士套装及西服,4.8,https://p16-she-va.ibyteimg.com/tos-alisg-i-f7lenjegsh-sg/94eb09b458c64e608991c01064363083~tplv-g9dfdl17fc-origin-image.image,2026/8/3,内容场占比低,高GPM,49999,197,,https://shop.tiktok.com/view/product/1729885560961801161?region=GB&locale=en,9.8,"Red,Silver,Pink,Light wash,Army green,Light green,Hot pink,Black,Mint green,Dark gray","M,XXL,S,XL,L"
近14天新品,US,1732529225700839569,S260730023894,Eclat Wear,标码女装,女士下装,3.3,https://p16-she-va.ibyteimg.com/tos-alisg-i-f7lenjegsh-sg/b616e5bbdf884f908339a600278a11ed~tplv-g9dfdl17fc-origin-image.image,2026/8/3,内容场占比低,,1799,342,,https://shop.tiktok.com/view/product/1732529225700839569?region=US&locale=en,19.4,"Blue,Khaki,Hot pink,Light green,Army green,White,Black,Sky blue,Dark Blue,Apricot,Multicolor1,Brown","M,S,L,XL,XS"
近14天新品,GB,1729885853325433624,S260803014970,Elowen Studio Wear,标码女装,女士套装及西服,Null,https://p16-she-va.ibyteimg.com/tos-alisg-i-f7lenjegsh-sg/008a9ddc01be4df08ef9aedb1fb7c22d~tplv-g9dfdl17fc-origin-image.image,2026/8/3,内容场占比低,,5000,198,,https://shop.tiktok.com/view/product/1729885853325433624?region=GB&locale=en,19.4,Black,"XS,XL,S,L,M"
近14天新品,US,1732512584954581703,S260725013301,Essence Perform,大码女装,连体衣,4,https://p16-she-va.ibyteimg.com/tos-alisg-i-f7lenjegsh-sg/05222b5cd2844e73bf6806299f8a6b3a~tplv-g9dfdl17fc-origin-image.image,2026/8/7,内容场占比低,,48,343,,https://shop.tiktok.com/view/product/1732512584954581703?region=US&locale=en,9.7,"Silver,Royal blue","5XL,4XL,1XL,3XL,2XL"
近14天新品,US,1732537261269029068,S260806011632,Solara Closet,标码女装,女士套装及西服,Null,https://p16-she-va.ibyteimg.com/tos-alisg-i-f7lenjegsh-sg/54b1c34201d04ee7be6e18da56e1f709~tplv-g9dfdl17fc-origin-image.image,2026/8/6,内容场占比低,高GPM,39999,344,,https://shop.tiktok.com/view/product/1732537261269029068?region=US&locale=en,19.3,"Pink,Red,Navy blue,Multi-color,Gray,Black,Sky blue,Apricot,Turquoise green,Brown","M,S,XL,L"
近14天新品,US,1732515675144229166,S260726013101,RaverageCloset,标码女装,女士套装及西服,Null,https://p16-she-va.ibyteimg.com/tos-alisg-i-f7lenjegsh-sg/dccfcac222d348188957e0dcaee0e794~tplv-g9dfdl17fc-origin-image.image,2026/8/5,内容场占比低,,72,345,,https://shop.tiktok.com/view/product/1732515675144229166?region=US&locale=en,6.4,"Red stripes,Blue stripes,White stripes,Black stripes","M,S,L,XL,XS"
近14天新品,GB,1729887382547962841,S260804023138,Beautiful Nomad Beach,标码女装,女士套装及西服,2.8,https://p16-she-va.ibyteimg.com/tos-alisg-i-f7lenjegsh-sg/4124e1b0b73a4178bbf50ce0fe5da787~tplv-g9dfdl17fc-origin-image.image,2026/8/5,内容场占比低,高GPM,600,199,,https://shop.tiktok.com/view/product/1729887382547962841?region=GB&locale=en,19.2,"Light blue,Coffee brown,Apricot,Fawn brown,Black,Pink,Dark Blue,Khaki","M,S,XL,L,XXL"
近14天新品,GB,1729875839285565818,S260717039887,West Glow,大码女装,牛仔,Null,https://p16-she-va.ibyteimg.com/tos-alisg-i-f7lenjegsh-sg/7376dd8437434c918ca27e315d1f002b~tplv-g9dfdl17fc-origin-image.image,2026/8/6,内容场占比低,,25,200,,https://shop.tiktok.com/view/product/1729875839285565818?region=GB&locale=en,19.2,Light blue,"2XL,1XL,0XL,4XL,3XL"
近14天新品,US,1732539460001108384,S260807012122,OKABASA,大码女装,女士连衣裙,2.8,https://p16-she-va.ibyteimg.com/tos-alisg-i-f7lenjegsh-sg/aecc1470f30e4ef685262ec468d4589a~tplv-g9dfdl17fc-origin-image.image,2026/8/7,内容场占比低,高GPM,49,346,,https://shop.tiktok.com/view/product/1732539460001108384?region=US&locale=en,19.2,Dark wash,"4XL,1XL,0XL,3XL,2XL"
近14天新品,GB,1729885708382739269,S260803009700,ZANZEA CHOICE,标码女装,女士套装及西服,4,https://p16-she-va.ibyteimg.com/tos-alisg-i-f7lenjegsh-sg/b1fadc23e8f443d78d3ac6dcb86d68ab~tplv-g9dfdl17fc-origin-image.image,2026/8/6,,,79,201,,https://shop.tiktok.com/view/product/1729885708382739269?region=GB&locale=en,19.2,"Black,White,Pink,Dark wash","XL,S,XXL,L,M"
近14天新品,US,1732536325223649288,S260806001777,MuListen,标码女装,女士套装及西服,Null,https://p16-she-va.ibyteimg.com/tos-alisg-i-f7lenjegsh-sg/3f138cf3f1ab4666bad4870b29b41a65~tplv-g9dfdl17fc-origin-image.image,2026/8/6,内容场占比低,高GPM,800,347,,https://shop.tiktok.com/view/product/1732536325223649288?region=US&locale=en,19.1,Black,"M,S,L,XL"
近14天新品,US,1732508555290579555,S260723025777,HR Factory,标码女装,女士下装,4.1,https://p16-she-va.ibyteimg.com/tos-alisg-i-f7lenjegsh-sg/1b98e9cd96a04e38bdb9c36af655ecea~tplv-g9dfdl17fc-origin-image.image,2026/8/3,内容场占比低,高GPM,89,348,,https://shop.tiktok.com/view/product/1732508555290579555?region=US&locale=en,19.1,"Multicolor2,Multicolor10,Multicolor4","M,S,XL,L,XXL"
近14天新品,GB,1729886959802882063,S260804038254,CNGBCB927LKJ,标码女装,女士下装,4.2,https://p16-she-va.ibyteimg.com/tos-alisg-i-f7lenjegsh-sg/98d1c44ba083486e8c8836e5dba8f378~tplv-g9dfdl17fc-origin-image.image,2026/8/5,内容场占比低,高GPM,60,202,,https://shop.tiktok.com/view/product/1729886959802882063?region=GB&locale=en,19.1,Black,"S,L,XXL,M,XL,XS"
近14天新品,US,1732530100102140637,S260803011721,Curvy Threads,大码女装,女士连衣裙,3.3,https://p16-she-va.ibyteimg.com/tos-alisg-i-f7lenjegsh-sg/a2d6f93f7508408886f2fcdaf3f87600~tplv-g9dfdl17fc-origin-image.image,2026/8/5,内容场占比低,高GPM,13,349,,https://shop.tiktok.com/view/product/1732530100102140637?region=US&locale=en,19.1,"Olive green,Pale green",4XL
近14天新品,US,1732534805400162957,S260804024552,Gold Full,标码女装,女士下装,2.7,https://p16-she-va.ibyteimg.com/tos-alisg-i-f7lenjegsh-sg/a908ef6f5bd24f9abbe08e4de0be570e~tplv-g9dfdl17fc-origin-image.image,2026/8/5,内容场占比低,高GPM,1050,350,,https://shop.tiktok.com/view/product/1732534805400162957?region=US&locale=en,19,"Hot pink,Red,White,Black,Beige,Dark Blue,Blue","M,S,XL,XS,L"
近14天新品,FR,1729888974095817294,S260806011350,bboyAlun,大码女装,女士连衣裙,4.7,https://p16-she-va.ibyteimg.com/tos-alisg-i-f7lenjegsh-sg/a278dfc045ff4843935d6972dd8a07ad~tplv-g9dfdl17fc-origin-image.image,2026/8/6,内容场占比低,高GPM,249,17,,https://shop.tiktok.com/view/product/1729888974095817294?region=DE&locale=en,19,Red,"4XL,5XL,2XL,1XL,3XL"
近14天新品,US,1732541480785712083,S260808014908,sky costume,标码女装,女士下装,4.6,https://p16-she-va.ibyteimg.com/tos-alisg-i-f7lenjegsh-sg/d35bcc77b2824fc99772bc618d406e9c~tplv-g9dfdl17fc-origin-image.image,2026/8/10,内容场占比低,高GPM,24,351,,https://shop.tiktok.com/view/product/1732541480785712083?region=US&locale=en,19,Silver,"M,S,L,XL,XXL"
近14天新品,US,1732501261131616429,S260719022712,ZIZI Sweater,大码女装,女士针织衫,4,https://p16-she-va.ibyteimg.com/tos-alisg-i-f7lenjegsh-sg/8d9b8e64453a4bb5aefad8a426016cc9~tplv-g9dfdl17fc-origin-image.image,2026/8/6,内容场占比低,高GPM,58,352,,https://shop.tiktok.com/view/product/1732501261131616429?region=US&locale=en,18.8,"Hot pink,Gray,Black","4XL,1XL,3XL,2XL"
近14天新品,US,1732533029586047319,S260804004869,FOXCLAW Curve,大码女装,女士上装,4,https://p16-she-va.ibyteimg.com/tos-alisg-i-f7lenjegsh-sg/68d81528045a410c9996cf13115e682e~tplv-g9dfdl17fc-origin-image.image,2026/8/6,内容场占比低,,36,353,,https://shop.tiktok.com/view/product/1732533029586047319?region=US&locale=en,9.5,"Mint green,Khaki,Black","5XL,4XL,1XL,0XL,3XL,2XL"
近14天新品,US,1732526635990815285,S260801010245,Finjani Trendy Denim,大码女装,女士针织衫,Null,https://p16-she-va.ibyteimg.com/tos-alisg-i-f7lenjegsh-sg/699e2f53250f4420b9ed1291bedc5ff4~tplv-g9dfdl17fc-origin-image.image,2026/8/3,内容场占比低,,219,354,,https://shop.tiktok.com/view/product/1732526635990815285?region=US&locale=en,15.7,"Pink,Black,Green","4XL,1XL,0XL,3XL,2XL"
近14天新品,US,1732535210697069483,S260805035153,Trendy Cotton,标码女装,女士套装及西服,4.2,https://p16-she-va.ibyteimg.com/tos-alisg-i-f7lenjegsh-sg/1b2315f7d8954ee1a0afd0da969c90a9~tplv-g9dfdl17fc-origin-image.image,2026/8/5,内容场占比低,,799,355,,https://shop.tiktok.com/view/product/1732535210697069483?region=US&locale=en,18.9,"White,Black","M,S,XL,L"
近14天新品,US,1732545964354539545,S260810018004,NS Dress,大码女装,女士连衣裙,3.7,https://p16-she-va.ibyteimg.com/tos-alisg-i-f7lenjegsh-sg/642fde9d2f4344e4ae8380b156abca0b~tplv-g9dfdl17fc-origin-image.image,2026/8/10,内容场占比低,高GPM,23,356,,https://shop.tiktok.com/view/product/1732545964354539545?region=US&locale=en,18.9,Blue,"1XL,0XL,3XL,2XL"
近14天新品,US,1732521004346347707,S260729035505,Comfleur,标码女装,女士下装,3.5,https://p16-she-va.ibyteimg.com/tos-alisg-i-f7lenjegsh-sg/35b1feeecbf44fe9967315bd2132fc08~tplv-g9dfdl17fc-origin-image.image,2026/8/7,,,4999994,357,,https://shop.tiktok.com/view/product/1732521004346347707?region=US&locale=en,18.8,Black,"M,S,L,XL,XS"
近14天新品,US,1732532799897112653,S260804027293,YarnPop,标码女装,女士针织衫,4.8,https://p16-she-va.ibyteimg.com/tos-alisg-i-f7lenjegsh-sg/f262d65c2db54112bbb524a1ee601f6b~tplv-g9dfdl17fc-origin-image.image,2026/8/6,内容场占比低,高GPM,59,358,,https://shop.tiktok.com/view/product/1732532799897112653?region=US&locale=en,18.8,"Dusty Blue,Khaki,Dark brown","M,S,L,XL"
近14天新品,US,1732530151817777239,S260803011936,Artis Couture,标码女装,女士下装,4,https://p16-she-va.ibyteimg.com/tos-alisg-i-f7lenjegsh-sg/3c92858bd29f4a049646fe919c23edc7~tplv-g9dfdl17fc-origin-image.image,2026/8/6,内容场占比低,高GPM,18,359,,https://shop.tiktok.com/view/product/1732530151817777239?region=US&locale=en,9.4,Brown,"M,S,L,XL"
近14天新品,GB,1729885558569933642,S260801016658,"Pusheng Fushi Co., L",标码女装,女士套装及西服,4.4,https://p16-she-va.ibyteimg.com/tos-alisg-i-f7lenjegsh-sg/7bf06ede53934971b1f7b6324791e73a~tplv-g9dfdl17fc-origin-image.image,2026/8/6,内容场占比低,,108,203,,https://shop.tiktok.com/view/product/1729885558569933642?region=GB&locale=en,18.8,"Green,Black,Brown,Pink,Khaki","M,L,XL,XS,S"
近14天新品,US,1732491403815194929,S260714032066,Hawthaw Women Apparel,标码女装,女士套装及西服,4,https://p16-she-va.ibyteimg.com/tos-alisg-i-f7lenjegsh-sg/2e363a08dba345e68991de7344f3ec1e~tplv-g9dfdl17fc-origin-image.image,2026/8/4,内容场占比低,高GPM,12,360,,https://shop.tiktok.com/view/product/1732491403815194929?region=US&locale=en,18.8,Black,"M,S,L"
近14天新品,US,1732534871032959409,S260805015261,Y2KDailyTopsHub,标码女装,女士套装及西服,4,https://p16-she-va.ibyteimg.com/tos-alisg-i-f7lenjegsh-sg/ec85ec80028e41e18c953d8dba055c7d~tplv-g9dfdl17fc-origin-image.image,2026/8/5,内容场占比低,高GPM,800,361,,https://shop.tiktok.com/view/product/1732534871032959409?region=US&locale=en,18.7,Multicolor,"M,S,XL,L"
近14天新品,GB,1729887990418479222,S260805037805,Floe.,标码女装,女士套装及西服,Null,https://p16-she-va.ibyteimg.com/tos-alisg-i-f7lenjegsh-sg/083f6a7e8cf04080a2b48b6924537cca~tplv-g9dfdl17fc-origin-image.image,2026/8/5,内容场占比低,,27499,204,,https://shop.tiktok.com/view/product/1729887990418479222?region=GB&locale=en,18.7,"Yellow and blue stripes,red stripes,Blue stripes,Pink and white stripes,red and yellow stripes,Brown stripes,Blue-brown stripes,Pink and brown stripes,Pink stripes,Brown and yellow stripes,Purple stripes","L,XXL,XL,S,M"
近14天新品,GB,1729889804753673174,S260806032916,SHUANGBO SHOP,标码女装,女士针织衫,Null,https://p16-she-va.ibyteimg.com/tos-alisg-i-f7lenjegsh-sg/34320b76b20546479878815861fc8585~tplv-g9dfdl17fc-origin-image.image,2026/8/6,内容场占比低,,1760,205,,https://shop.tiktok.com/view/product/1729889804753673174?region=GB&locale=en,18.7,"Pink,Blue,White,Apricot","XS,L,XL,M,S"
近14天新品,US,1732514968240165136,S260724007280,SunnySide Blue,大码女装,牛仔,4.6,https://p16-she-va.ibyteimg.com/tos-alisg-i-f7lenjegsh-sg/adb73be0c2c04ecaa8c5b9d81da6c09c~tplv-g9dfdl17fc-origin-image.image,2026/8/10,内容场占比低,,24,362,,https://shop.tiktok.com/view/product/1732514968240165136?region=US&locale=en,18.7,Khaki,"4XL,1XL,0XL,3XL,2XL"
近14天新品,GB,1729890062888442199,S260807002383,FOXCLAW Curve,大码女装,女士下装,4.3,https://p16-she-va.ibyteimg.com/tos-alisg-i-f7lenjegsh-sg/4d4d4b89327e0fe7011ae9b899468ebb~tplv-g9dfdl17fc-origin-image.image,2026/8/11,内容场占比低,,87,206,,https://shop.tiktok.com/view/product/1729890062888442199?region=GB&locale=en,15.5,"Apricot,Black,Fawn brown","4XL,3XL,1XL,5XL,2XL"
近14天新品,US,1732537650443030689,S260806035419,Muse Plus,大码女装,女士上装,3.4,https://p16-she-va.ibyteimg.com/tos-alisg-i-f7lenjegsh-sg/9878f777f5704001bfb1d6169f9c7f7e~tplv-g9dfdl17fc-origin-image.image,2026/8/6,内容场占比低,高GPM,230,363,,https://shop.tiktok.com/view/product/1732537650443030689?region=US&locale=en,9.3,Black,"4XL,1XL,0XL,3XL,2XL"
近14天新品,GB,1729886657823480360,S260804016372,Clara Order,标码女装,女士下装,4.2,https://p16-she-va.ibyteimg.com/tos-alisg-i-f7lenjegsh-sg/4141af2a1c8044ab847032f20d915acd~tplv-g9dfdl17fc-origin-image.image,2026/8/4,内容场占比低,高GPM,54,207,,https://shop.tiktok.com/view/product/1729886657823480360?region=GB&locale=en,18.5,Multi-color,"XL,S,M,L"
近14天新品,GB,1729889818443815934,S260806036299,Ailyak knit,标码女装,女士针织衫,4.6,https://p16-she-va.ibyteimg.com/tos-alisg-i-f7lenjegsh-sg/c09ee47900c145af986623694351664f~tplv-g9dfdl17fc-origin-image.image,2026/8/6,内容场占比低,高GPM,179,208,,https://shop.tiktok.com/view/product/1729889818443815934?region=GB&locale=en,18.5,White,"S,M,L,XL"
近14天新品,GB,1729877279458106010,S260720026274,Chic State,标码女装,女士套装及西服,Null,https://p16-she-va.ibyteimg.com/tos-alisg-i-f7lenjegsh-sg/0f2805fa618f4814aff918a945a4a384~tplv-g9dfdl17fc-origin-image.image,2026/8/3,内容场占比低,高GPM,47,209,,https://shop.tiktok.com/view/product/1729877279458106010?region=GB&locale=en,18.5,"Green,Royal blue","XL,XS,L,S,M"
近14天新品,FR,1729885411131104244,S260802013268,Lumeire Apparel,标码女装,女士下装,4.5,https://p16-she-va.ibyteimg.com/tos-alisg-i-f7lenjegsh-sg/f09791323f2d45edbdb6756a7ff3b92f~tplv-g9dfdl17fc-origin-image.image,2026/8/6,内容场占比低,高GPM,76,18,,https://shop.tiktok.com/view/product/1729885411131104244?region=DE&locale=en,18.5,"Black,Beige,Gray,Deep blue,Khaki,Military green","L,M,S"
近14天新品,US,1732541034205450409,S260808005381,ANMYR,大码女装,女士连衣裙,4.1,https://p16-she-va.ibyteimg.com/tos-alisg-i-f7lenjegsh-sg/c8bf9ca870d249b6ab8f149570af6887~tplv-g9dfdl17fc-origin-image.image,2026/8/8,内容场占比低,高GPM,4799,364,,https://shop.tiktok.com/view/product/1732541034205450409?region=US&locale=en,18.4,"Blue,Pink,Hot pink,Green","5XL,4XL,6XL,1XL,3XL,2XL"
近14天新品,GB,1729889309479115217,S260806021162,Bargain Stylish,标码女装,女士针织衫,Null,https://p16-she-va.ibyteimg.com/tos-alisg-i-f7lenjegsh-sg/cc8d724ec5664322acda3ccc08dd3025~tplv-g9dfdl17fc-origin-image.image,2026/8/6,内容场占比低,,7000,210,,https://shop.tiktok.com/view/product/1729889309479115217?region=GB&locale=en,18.4,"Royal blue,Cream,Burgundy,Khaki gray,Gray,Sky blue,Orange,Purple,Lilac,Pink,Brown,Black,Red,Green","M,S,XS,XL,L"
近14天新品,ES,1729876737333959616,S260718026836,Cute Pants,标码女装,女士下装,Null,https://p16-she-va.ibyteimg.com/tos-alisg-i-f7lenjegsh-sg/84cf3e8ae974490b967eea886a336b5d~tplv-g9dfdl17fc-origin-image.image,2026/8/6,内容场占比低,高GPM,21,5,,https://shop.tiktok.com/view/product/1729876737333959616?region=DE&locale=en,18.3,"White,Mixed colors,Black","XXL,M,L,XL,S"
近14天新品,GB,1729886769890302039,S260804033191,TWcozy,标码女装,女士套装及西服,Null,https://p16-she-va.ibyteimg.com/tos-alisg-i-f7lenjegsh-sg/917aacc6f60b4d4284dfae5748d652d9~tplv-g9dfdl17fc-origin-image.image,2026/8/4,内容场占比低,,2400,211,,https://shop.tiktok.com/view/product/1729886769890302039?region=GB&locale=en,18.3,"Navy blue,Turquoise blue,Dark Blue,Dark gray,Black,Curry,Army green,Apricot","XL,XXXL,L,M,S,XXL"
近14天新品,GB,1729888075378890996,S260805019019,Pure Luxe Fabs,标码女装,女士下装,Null,https://p16-she-va.ibyteimg.com/tos-alisg-i-f7lenjegsh-sg/635537797ff14514bf0e033f4b720d87~tplv-g9dfdl17fc-origin-image.image,2026/8/9,内容场占比低,高GPM,11,212,,https://shop.tiktok.com/view/product/1729888075378890996?region=GB&locale=en,9.1,Black,"S,XL,L,M"
近14天新品,MX,1736899310248036120,S260805035361,Maren Apparel,标码女装,女士套装及西服,Null,https://p16-she-va.ibyteimg.com/tos-alisg-i-f7lenjegsh-sg/53b91789e21145f2a0210649ebc92d9e~tplv-g9dfdl17fc-origin-image.image,2026/8/5,内容场占比低,高GPM,3000,44,,https://shop.tiktok.com/view/product/1736899310248036120?region=MX&locale=en,18.3,Multi-color,"L,M,S"
近14天新品,GB,1729885280041080851,S260729014541,JIJUU,标码女装,女士套装及西服,3.6,https://p16-she-va.ibyteimg.com/tos-alisg-i-f7lenjegsh-sg/da08cf7ffae74372a661cda42880ad4a~tplv-g9dfdl17fc-origin-image.image,2026/8/6,内容场占比低,高GPM,49,213,,https://shop.tiktok.com/view/product/1729885280041080851?region=GB&locale=en,18.2,"Red,White,Blue","L,XL,S,M,XXL"
近14天新品,US,1732526351838056873,S260801000385,CCUICLAW,标码女装,女士套装及西服,Null,https://p16-she-va.ibyteimg.com/tos-alisg-i-f7lenjegsh-sg/932c8ada112c402982da1472b9afb45f~tplv-g9dfdl17fc-origin-image.image,2026/8/6,内容场占比低,高GPM,11,365,,https://shop.tiktok.com/view/product/1732526351838056873?region=US&locale=en,18.2,Yellow,"M,S,L"
近14天新品,US,1732537972752618012,S260806037575,Chicvv,标码女装,女士下装,3.4,https://p16-she-va.ibyteimg.com/tos-alisg-i-f7lenjegsh-sg/851a9b666a2c4c4daee42dd49cea55d4~tplv-g9dfdl17fc-origin-image.image,2026/8/6,内容场占比低,高GPM,711103,366,,https://shop.tiktok.com/view/product/1732537972752618012?region=US&locale=en,18.2,"Pink leopard print waistband,Pink leopard-print drawstring","M,S,XL,L"
近14天新品,US,1732541506320241594,S260808016154,LISATY STUDIO,标码女装,女士下装,2.6,https://p16-she-va.ibyteimg.com/tos-alisg-i-f7lenjegsh-sg/0a11943a601f481a9f87e92260a3f5fd~tplv-g9dfdl17fc-origin-image.image,2026/8/8,内容场占比低,高GPM,120,367,,https://shop.tiktok.com/view/product/1732541506320241594?region=US&locale=en,18.2,"Gray leopard print,Pink leopard print","M,S,L,XL"
近14天新品,GB,1729890305498716593,S260807015196,Y2KDailyTopsHub,标码女装,女士套装及西服,4.5,https://p16-she-va.ibyteimg.com/tos-alisg-i-f7lenjegsh-sg/f2f33ea9bf4a45bfbb0406e8681c702e~tplv-g9dfdl17fc-origin-image.image,2026/8/7,内容场占比低,高GPM,999,214,,https://shop.tiktok.com/view/product/1729890305498716593?region=GB&locale=en,18.2,Multicolor,"XL,XXL,S,L,M"
近14天新品,GB,1729884544624400858,S260731026443,Baillin Dress,标码女装,女士套装及西服,4.8,https://p16-she-va.ibyteimg.com/tos-alisg-i-f7lenjegsh-sg/4f83f66f25d446b4a1b363df358ac672~tplv-g9dfdl17fc-origin-image.image,2026/8/3,内容场占比低,,18,215,,https://shop.tiktok.com/view/product/1729884544624400858?region=GB&locale=en,18.2,Dark wash,"S,M,XL,L"
近14天新品,US,1732505543214666015,S260722009415,Chic Muslim Gowns,标码女装,女士穆斯林服饰,Null,https://p16-she-va.ibyteimg.com/tos-alisg-i-f7lenjegsh-sg/f18574437bd241b8955f091fe0333a50~tplv-g9dfdl17fc-origin-image.image,2026/8/12,内容场占比低,高GPM,24,368,,https://shop.tiktok.com/view/product/1732505543214666015?region=US&locale=en,12.1,Black,"M,S,XL,L,XXL"
近14天新品,US,1732541552130232516,S260808017860,FACIO Direct,标码女装,女士针织衫,4.2,https://p16-she-va.ibyteimg.com/tos-alisg-i-f7lenjegsh-sg/dfdcc14c83c44e2892d0f4a123f18061~tplv-g9dfdl17fc-origin-image.image,2026/8/10,内容场占比低,高GPM,14,369,,https://shop.tiktok.com/view/product/1732541552130232516?region=US&locale=en,18.2,Yellow,"M,S,L"
近14天新品,GB,1729891109804677979,S260808033163,BOUBOU fashion,大码女装,女士连衣裙,Null,https://p16-she-va.ibyteimg.com/tos-alisg-i-f7lenjegsh-sg/d7fae02320184c928a6dfee2984b34c0~tplv-g9dfdl17fc-origin-image.image,2026/8/8,内容场占比低,高GPM,165,216,,https://shop.tiktok.com/view/product/1729891109804677979?region=GB&locale=en,18.2,"Blue,Dark green,Pink,White,Black,Yellow,Red,Purple",one-size
近14天新品,GB,1729885571221657696,S260727029487,Luxury Leisure,标码女装,女士套装及西服,Null,https://p16-she-va.ibyteimg.com/tos-alisg-i-f7lenjegsh-sg/e922bc9d42d14d7297047e69b8034e92~tplv-g9dfdl17fc-origin-image.image,2026/8/6,内容场占比低,,22,217,,https://shop.tiktok.com/view/product/1729885571221657696?region=GB&locale=en,18.1,Army green,"L,M,XL,S,XXL"
近14天新品,US,1732522734919520601,S260730016153,Elena.,标码女装,女士套装及西服,4.3,https://p16-she-va.ibyteimg.com/tos-alisg-i-f7lenjegsh-sg/98d5dd7014cc4e61918d8a5317e09111~tplv-g9dfdl17fc-origin-image.image,2026/8/4,内容场占比低,,1600,370,,https://shop.tiktok.com/view/product/1732522734919520601?region=US&locale=en,18,"Black,Apricot","M,S,L,XS"
近14天新品,DE,1729889638358226952,S260806022660,MuVibe,标码女装,女士套装及西服,Null,https://p16-she-va.ibyteimg.com/tos-alisg-i-f7lenjegsh-sg/4c5cbb39765e4e44b2be6312ceb1eb22~tplv-g9dfdl17fc-origin-image.image,2026/8/6,内容场占比低,高GPM,4999,12,,https://shop.tiktok.com/view/product/1729889638358226952?region=DE&locale=en,18,"Multicolor6,Multicolor4,Multicolor5,Multicolor2,Multicolor3","XL,M,XXL,L,S"
近14天新品,US,1732532779080454668,S260804023791,Seraphina Threads,标码女装,女士套装及西服,Null,https://p16-she-va.ibyteimg.com/tos-alisg-i-f7lenjegsh-sg/5a93db41eb0a4b9e8213de9ba11ea6f1~tplv-g9dfdl17fc-origin-image.image,2026/8/4,内容场占比低,高GPM,9998,371,,https://shop.tiktok.com/view/product/1732532779080454668?region=US&locale=en,9,"Multiple colors,Brown","M,S,L,XL,XXL"
近14天新品,US,1732534394373444541,S260805000732,Chic Shorties,大码女装,女士针织衫,Null,https://p16-she-va.ibyteimg.com/tos-alisg-i-f7lenjegsh-sg/e9dd341769434e3d96e2176dde9fd5b9~tplv-g9dfdl17fc-origin-image.image,2026/8/8,内容场占比低,高GPM,24,372,,https://shop.tiktok.com/view/product/1732534394373444541?region=US&locale=en,18,Multi-color,"5XL,4XL,1XL,3XL,2XL"
近14天新品,MX,1736943097951126944,S260808015687,OKABASA,标码女装,女士套装及西服,Null,https://p16-she-va.ibyteimg.com/tos-alisg-i-f7lenjegsh-sg/c9ae38646ba348759a9725e528227d6f~tplv-g9dfdl17fc-origin-image.image,2026/8/8,内容场占比低,高GPM,40,45,,https://shop.tiktok.com/view/product/1736943097951126944?region=MX&locale=en,18,Apricot,"L,M,S,XL,XXL"
近14天新品,US,1732533356070670484,S260804019695,Chic Tech Smart Wear,标码女装,女士针织衫,Null,https://p16-she-va.ibyteimg.com/tos-alisg-i-f7lenjegsh-sg/f7b15c5b305546aa9c8d40ef8e359e7c~tplv-g9dfdl17fc-origin-image.image,2026/8/5,内容场占比低,,999,373,,https://shop.tiktok.com/view/product/1732533356070670484?region=US&locale=en,18,"Black, white, and coffee color combination,Black, white, and green color combinations","M,S,XS,L,XL"
近14天新品,US,1732532582752096652,S260804015693,Hafizah modest,标码女装,女士穆斯林服饰,Null,https://p16-she-va.ibyteimg.com/tos-alisg-i-f7lenjegsh-sg/9461f607ac014143b4df2033a976e29e~tplv-g9dfdl17fc-origin-image.image,2026/8/6,内容场占比低,,58,374,,https://shop.tiktok.com/view/product/1732532582752096652?region=US&locale=en,18,"Deep purple,Gray,Black","M,S,XL,L,XXL"
近14天新品,GB,1729875518040414649,S260717024120,Nancy Form,大码女装,女士连衣裙,4.4,https://p16-she-va.ibyteimg.com/tos-alisg-i-f7lenjegsh-sg/dfd675802ebe429c93f18fd78b53d251~tplv-g9dfdl17fc-origin-image.image,2026/8/3,内容场占比低,,18,218,,https://shop.tiktok.com/view/product/1729875518040414649?region=GB&locale=en,18,Multiple colors,"0XL,3XL,2XL,4XL,1XL"
近14天新品,US,1732530199766536535,S260803012908,FOXCLAW Curve,大码女装,女士上装,4,https://p16-she-va.ibyteimg.com/tos-alisg-i-f7lenjegsh-sg/ad2bc087140f44a384e15ebc6fa00aee~tplv-g9dfdl17fc-origin-image.image,2026/8/6,内容场占比低,,47,375,,https://shop.tiktok.com/view/product/1732530199766536535?region=US&locale=en,17.9,"Rose gold,Army green,Gray","5XL,4XL,1XL,0XL,3XL,2XL"
近14天新品,GB,1729883157573049044,S260728019660,SUGGR,标码女装,女士下装,4.5,https://p16-she-va.ibyteimg.com/tos-alisg-i-f7lenjegsh-sg/849c419c855d411992a8cf7ce42c16ab~tplv-g9dfdl17fc-origin-image.image,2026/8/4,内容场占比低,高GPM,14,219,,https://shop.tiktok.com/view/product/1729883157573049044?region=GB&locale=en,17.9,Green,"M,S,L"
近14天新品,US,1732505930129641675,S260722014068,Sandovia,标码女装,女士下装,4.4,https://p16-she-va.ibyteimg.com/tos-alisg-i-f7lenjegsh-sg/957a56109a984b849ebdc7e818d5cf3a~tplv-g9dfdl17fc-origin-image.image,2026/8/8,,高GPM,47,376,,https://shop.tiktok.com/view/product/1732505930129641675?region=US&locale=en,17.9,"White,Apricot","M,S,XL,L"
近14天新品,US,1732529308161643036,S260803002084,Bold Colors,标码女装,女士下装,Null,https://p16-she-va.ibyteimg.com/tos-alisg-i-f7lenjegsh-sg/0634a7c3255e478486864abfd6b4c511~tplv-g9dfdl17fc-origin-image.image,2026/8/3,内容场占比低,高GPM,19999,377,,https://shop.tiktok.com/view/product/1732529308161643036?region=US&locale=en,17.9,"Multicolor2,Yellow,Multicolor,Multicolor1","M,S,L,XL,XXL"
近14天新品,US,1732524395110372285,S260731006343,Chic Shorties,大码女装,女士下装,Null,https://p16-she-va.ibyteimg.com/tos-alisg-i-f7lenjegsh-sg/d7b4e72900ef4359843a1655952a9377~tplv-g9dfdl17fc-origin-image.image,2026/8/5,,,23,378,,https://shop.tiktok.com/view/product/1732524395110372285?region=US&locale=en,8.9,Brown,"5XL,4XL,1XL,3XL,2XL"
近14天新品,GB,1729882330127637467,S260727031990,ALLDONE,标码女装,女士套装及西服,4.5,https://p16-she-va.ibyteimg.com/tos-alisg-i-f7lenjegsh-sg/1edbf7681671416093926aabe84fddb1~tplv-g9dfdl17fc-origin-image.image,2026/8/4,内容场占比低,,27,220,,https://shop.tiktok.com/view/product/1729882330127637467?region=GB&locale=en,17.8,"Light green,Pink","M,L,S"
近14天新品,US,1732530107254280732,S260803013207,Bold Colors,标码女装,女士套装及西服,Null,https://p16-she-va.ibyteimg.com/tos-alisg-i-f7lenjegsh-sg/a210ed0cafbd4b389da8365d25199555~tplv-g9dfdl17fc-origin-image.image,2026/8/3,内容场占比低,,49997,379,,https://shop.tiktok.com/view/product/1732530107254280732?region=US&locale=en,17.8,"Coffee brown,Pink,Hot pink,Light blue,Navy blue,Yellow,White,lake green,Mauve purple,Burgundy","M,S,XL,L,XXL"
近14天新品,ES,1729887739819563657,S260805030018,.Belle.,标码女装,女士下装,Null,https://p16-she-va.ibyteimg.com/tos-alisg-i-f7lenjegsh-sg/54707835a42e4a46aa2d25b84744ce4e~tplv-g9dfdl17fc-origin-image.image,2026/8/5,内容场占比低,高GPM,990,6,,https://shop.tiktok.com/view/product/1729887739819563657?region=DE&locale=en,17.8,"Blue,Hot pink,light green,Sky blue,Khaki,Dark blue","L,XL,S,M,XS"
近14天新品,US,1732530032257961987,S260803008328,Eyvonne,标码女装,女士针织衫,3.4,https://p16-she-va.ibyteimg.com/tos-alisg-i-f7lenjegsh-sg/e9abcff3e13c40d0a21667c0d2f9e360~tplv-g9dfdl17fc-origin-image.image,2026/8/3,内容场占比低,,59,380,,https://shop.tiktok.com/view/product/1732530032257961987?region=US&locale=en,8.9,Khaki,"M,S,L,XL"
近14天新品,US,1732537094369481294,S260806012497,bboyAlun,大码女装,女士上装,3.4,https://p16-she-va.ibyteimg.com/tos-alisg-i-f7lenjegsh-sg/aa972fc5b2644579b7168dd52fcb11db~tplv-g9dfdl17fc-origin-image.image,2026/8/6,内容场占比低,高GPM,749,381,,https://shop.tiktok.com/view/product/1732537094369481294?region=US&locale=en,8.9,"Purple,Red,Green","5XL,4XL,1XL,3XL,2XL"
近14天新品,GB,1729887699636623916,S260805027397,YW.FASHION,标码女装,女士套装及西服,4.1,https://p16-she-va.ibyteimg.com/tos-alisg-i-f7lenjegsh-sg/ff38162ece924ea38b700a3ac57a1f93~tplv-g9dfdl17fc-origin-image.image,2026/8/5,内容场占比低,,9,221,,https://shop.tiktok.com/view/product/1729887699636623916?region=GB&locale=en,17.7,Pale green,"M,L,XL,S,XXL"
近14天新品,GB,1729886346478852560,S260803021381,AILIS clothing store,大码女装,女士上装,3.9,https://p16-she-va.ibyteimg.com/tos-alisg-i-f7lenjegsh-sg/49afe8f6c4ff45389b4c5ce250c41f23~tplv-g9dfdl17fc-origin-image.image,2026/8/4,内容场占比低,高GPM,31078,222,,https://shop.tiktok.com/view/product/1729886346478852560?region=GB&locale=en,8.9,"Khaki,Chartreuse,Heather violet,Purple,Sky blue","0XL,3XL,6XL,2XL,4XL,5XL,1XL"
近14天新品,US,1732535479016984966,S260805040626,START CROSSING,标码女装,女士套装及西服,4,https://p16-she-va.ibyteimg.com/tos-alisg-i-f7lenjegsh-sg/1e20f6c76f7d4ffdaa43b3cf3757e519~tplv-g9dfdl17fc-origin-image.image,2026/8/5,内容场占比低,高GPM,899,382,,https://shop.tiktok.com/view/product/1732535479016984966?region=US&locale=en,17.7,"Coffee brown,Khaki,Navy blue,Gray,Black,Apricot","M,S,XL,L,XXL"
近14天新品,US,1732539616239194600,S260807017488,Chic Smart Closet,标码女装,女士针织衫,Null,https://p16-she-va.ibyteimg.com/tos-alisg-i-f7lenjegsh-sg/14522bc1db854c47bbff92df86f25af0~tplv-g9dfdl17fc-origin-image.image,2026/8/7,内容场占比低,高GPM,1568,383,,https://shop.tiktok.com/view/product/1732539616239194600?region=US&locale=en,17.7,"Coffee brown,Orange,Red,Watermelon powder,Burgundy","M,S,XL,L,XS"
近14天新品,US,1732515757400101177,S260727010269,Tlida,大码女装,女士连衣裙,3.6,https://p16-she-va.ibyteimg.com/tos-alisg-i-f7lenjegsh-sg/4465ee996235477eb875988cd35428f0~tplv-g9dfdl17fc-origin-image.image,2026/8/3,内容场占比低,,24,384,,https://shop.tiktok.com/view/product/1732515757400101177?region=US&locale=en,17.7,Coffee,"4XL,1XL,0XL,3XL,2XL"
近14天新品,US,1732532345553850445,S260803032135,YarnPop,标码女装,女士针织衫,4.8,https://p16-she-va.ibyteimg.com/tos-alisg-i-f7lenjegsh-sg/8b6a7507b98e4bbcb08eb958b638a091~tplv-g9dfdl17fc-origin-image.image,2026/8/4,内容场占比低,,24,385,,https://shop.tiktok.com/view/product/1732532345553850445?region=US&locale=en,17.7,Silver,"M,S,XL,L"
近14天新品,GB,1729885559295088660,S260722034209,Dreamful Girl,标码女装,女士套装及西服,4.6,https://p16-she-va.ibyteimg.com/tos-alisg-i-f7lenjegsh-sg/e6f5b14a285548eaab7b00e456ef785e~tplv-g9dfdl17fc-origin-image.image,2026/8/3,内容场占比低,,9599,223,,https://shop.tiktok.com/view/product/1729885559295088660?region=GB&locale=en,17.7,"Navy blue,Multi-color,Black","XL,M,L,S"
近14天新品,GB,1729879621103425820,S260723035058,CHAN & DU Fashion,标码女装,女士针织衫,Null,https://p16-she-va.ibyteimg.com/tos-alisg-i-f7lenjegsh-sg/cfa3a36dca9349b0a7cc19b51b3ca1c3~tplv-g9dfdl17fc-origin-image.image,2026/8/9,内容场占比低,高GPM,19,224,,https://shop.tiktok.com/view/product/1729879621103425820?region=GB&locale=en,17.7,Khaki,"XL,M,L,S"
近14天新品,US,1732495419899810632,S260716000093,KsharP Clothing,标码女装,女士套装及西服,Null,https://p16-she-va.ibyteimg.com/tos-alisg-i-f7lenjegsh-sg/d44edb69b39541918632cc72479421e9~tplv-g9dfdl17fc-origin-image.image,2026/8/5,,,35,386,,https://shop.tiktok.com/view/product/1732495419899810632?region=US&locale=en,17.6,Brown,"M,S,L,XL"
近14天新品,US,1732530220666556845,S260803017424,ZZSC jeans,大码女装,牛仔,4.6,https://p16-she-va.ibyteimg.com/tos-alisg-i-f7lenjegsh-sg/7b7a1bbb6512480ba4722eb60bf6531d~tplv-g9dfdl17fc-origin-image.image,2026/8/3,内容场占比低,,15,387,,https://shop.tiktok.com/view/product/1732530220666556845?region=US&locale=en,17.6,White,"1XL,0XL,3XL,2XL"
近14天新品,MX,1736919159780837001,S260806035199,.Home sweet home,大码女装,女士连衣裙,4.6,https://p16-she-va.ibyteimg.com/tos-alisg-i-f7lenjegsh-sg/71b48d805d174576bec96eb3efef7ff6~tplv-g9dfdl17fc-origin-image.image,2026/8/7,内容场占比低,,969,46,,https://shop.tiktok.com/view/product/1736919159780837001?region=MX&locale=en,8.8,"Blue,Medium wash,White,Lime red,Pale green,Black,Navy blue,Khaki","0XL,3XL,2XL,4XL,1XL,5XL"
近14天新品,US,1732545740871209685,S260807007165,Chic Quick Fits,标码女装,女士下装,Null,https://p16-she-va.ibyteimg.com/tos-alisg-i-f7lenjegsh-sg/5fad715f78f84b459500745de0734703~tplv-g9dfdl17fc-origin-image.image,2026/8/10,内容场占比低,高GPM,800,388,,https://shop.tiktok.com/view/product/1732545740871209685?region=US&locale=en,17.5,"Jet black,White,Black","M,S,L,XL"
近14天新品,GB,1729888555404007860,S260806009540,Kaman Show,标码女装,女士套装及西服,4.7,https://p16-she-va.ibyteimg.com/tos-alisg-i-f7lenjegsh-sg/d54cae87c80f41ddb1bd76ef4495d925~tplv-g9dfdl17fc-origin-image.image,2026/8/6,内容场占比低,,79,225,,https://shop.tiktok.com/view/product/1729888555404007860?region=GB&locale=en,17.4,Yellow,"S,XL,L,M"
近14天新品,US,1732544630969307489,S260807025176,The Flood,标码女装,女士套装及西服,2.1,https://p16-she-va.ibyteimg.com/tos-alisg-i-f7lenjegsh-sg/e020d2015dcd4e79a549050df73dd451~tplv-g9dfdl17fc-origin-image.image,2026/8/10,内容场占比低,高GPM,1200,389,,https://shop.tiktok.com/view/product/1732544630969307489?region=US&locale=en,8.7,"Brown,Blue,Gray and white,Purple,Pink,Yellow,Black,Fawn brown,Apricot,Green","M,S,XL,L"
近14天新品,MX,1736882762099689350,S260804036782,Swanky Sisters,标码女装,女士套装及西服,4.6,https://p16-she-va.ibyteimg.com/tos-alisg-i-f7lenjegsh-sg/e0a863a4cb0747d29d6cce638b8ed1d9~tplv-g9dfdl17fc-origin-image.image,2026/8/4,内容场占比低,,2499,47,,https://shop.tiktok.com/view/product/1736882762099689350?region=MX&locale=en,17.3,"Multicolor2,Multicolor4,Black,Multi-color,Multicolor3","XS,L,M,XL,S"
近14天新品,US,1732517925773742374,S260725022552,AVERYAEsme,标码女装,女士下装,Null,https://p16-she-va.ibyteimg.com/tos-alisg-i-f7lenjegsh-sg/552cdb82ff424b8ea1542dc6fd5ef242~tplv-g9dfdl17fc-origin-image.image,2026/8/5,内容场占比低,高GPM,19,390,,https://shop.tiktok.com/view/product/1732517925773742374?region=US&locale=en,17.3,Brown and white,"M,S,XL,L"
近14天新品,US,1732520645761667728,S260729024566,Duomily,标码女装,女士下装,2,https://p16-she-va.ibyteimg.com/tos-alisg-i-f7lenjegsh-sg/04c40eff373c4bac80522971806d088d~tplv-g9dfdl17fc-origin-image.image,2026/8/6,内容场占比低,高GPM,78,391,,https://shop.tiktok.com/view/product/1732520645761667728?region=US&locale=en,8.6,"Baby pink,Black,Dark gray,Burgundy","M,S,XL,L,XXL"
近14天新品,MX,1736924176499509160,S260807009225,Cosfuns,标码女装,女士特殊服饰,4.5,https://p16-she-va.ibyteimg.com/tos-alisg-i-f7lenjegsh-sg/43c3721038c4437ebe58f372017dbcb3~tplv-g9dfdl17fc-origin-image.image,2026/8/7,内容场占比低,,5,48,,https://shop.tiktok.com/view/product/1736924176499509160?region=MX&locale=en,17.3,Set1,one-size
近14天新品,US,1732514114084311342,S260726013732,RaverageCloset,标码女装,女士套装及西服,Null,https://p16-she-va.ibyteimg.com/tos-alisg-i-f7lenjegsh-sg/cf6773079e9240f18557b4026dcc5785~tplv-g9dfdl17fc-origin-image.image,2026/8/5,内容场占比低,,30,392,,https://shop.tiktok.com/view/product/1732514114084311342?region=US&locale=en,8.6,"Black stripes,Green stripes","M,S,L,XS"
近14天新品,US,1732537563160744655,S260806033700,Naimisi-Plus,大码女装,女士连衣裙,4,https://p16-she-va.ibyteimg.com/tos-alisg-i-f7lenjegsh-sg/444c9b37f2ba4db3bede5d2742101a39~tplv-g9dfdl17fc-origin-image.image,2026/8/9,内容场占比低,高GPM,19,393,,https://shop.tiktok.com/view/product/1732537563160744655?region=US&locale=en,17.2,Lime yellow,"5XL,4XL,3XL,2XL"
近14天新品,US,1732531618412794320,S260803021381,AILIS clothing store,大码女装,女士上装,Null,https://p16-she-va.ibyteimg.com/tos-alisg-i-f7lenjegsh-sg/49afe8f6c4ff45389b4c5ce250c41f23~tplv-g9dfdl17fc-origin-image.image,2026/8/4,内容场占比低,高GPM,31078,394,,https://shop.tiktok.com/view/product/1732531618412794320?region=US&locale=en,17.1,"Purple,Khaki,Chartreuse,Sky blue,Heather violet","5XL,4XL,6XL,1XL,0XL,3XL,2XL"
近14天新品,MX,1736632759707600313,S260721006720,Nancy Form,大码女装,女士连衣裙,Null,https://p16-she-va.ibyteimg.com/tos-alisg-i-f7lenjegsh-sg/065e190839e94d74a3645a5a4ca01a07~tplv-g9dfdl17fc-origin-image.image,2026/8/3,内容场占比低,,68,49,,https://shop.tiktok.com/view/product/1736632759707600313?region=MX&locale=en,17.1,"Purple,Dark green,Black,Red","2XL,4XL,1XL,3XL,0XL"
近14天新品,GB,1729883266588383411,S260729032138,ZOVINRIA,标码女装,女士针织衫,4.7,https://p16-she-va.ibyteimg.com/tos-alisg-i-f7lenjegsh-sg/69f8229d57a5456db5217ca73b2a4e7b~tplv-g9dfdl17fc-origin-image.image,2026/8/6,内容场占比低,,138,226,,https://shop.tiktok.com/view/product/1729883266588383411?region=GB&locale=en,17.1,"Burgundy,Military green,Light pink,Black,Light gray,Coffee color,Neutral gray,White","M,S,L"
近14天新品,US,1732499227095372173,S260718008020,Rusttydustty Curve,大码女装,女士连衣裙,4.8,https://p16-she-va.ibyteimg.com/tos-alisg-i-f7lenjegsh-sg/2369d3502b38405c9cec708cf7af201d~tplv-g9dfdl17fc-origin-image.image,2026/8/7,内容场占比低,,57,395,,https://shop.tiktok.com/view/product/1732499227095372173?region=US&locale=en,17,Daffodil yellow,"4XL,1XL,0XL,3XL,2XL"
近14天新品,US,1732529032865943595,S260730013282,Yinos Fashion,标码女装,女士套装及西服,4.5,https://p16-she-va.ibyteimg.com/tos-alisg-i-f7lenjegsh-sg/9aff6bead02445a4a72cf455cc387650~tplv-g9dfdl17fc-origin-image.image,2026/8/6,内容场占比低,高GPM,19,396,,https://shop.tiktok.com/view/product/1732529032865943595?region=US&locale=en,17,Khaki,"M,S,XL,L"
近14天新品,GB,1729886684718275326,S260804014965,Beyond Nova,标码女装,女士套装及西服,4.7,https://p16-she-va.ibyteimg.com/tos-alisg-i-f7lenjegsh-sg/739f1a2e39384d04a8b76808e64cedf0~tplv-g9dfdl17fc-origin-image.image,2026/8/4,内容场占比低,高GPM,106655,227,,https://shop.tiktok.com/view/product/1729886684718275326?region=GB&locale=en,17,"White,Black,Pink","XL,L,S,M"
近14天新品,US,1732512671829627786,S260725018246,Trendy Value Pants,标码女装,女士下装,2.8,https://p16-she-va.ibyteimg.com/tos-alisg-i-f7lenjegsh-sg/4f09714879cb4aa7981af0d6edb5e89b~tplv-g9dfdl17fc-origin-image.image,2026/8/3,内容场占比低,高GPM,24,397,,https://shop.tiktok.com/view/product/1732512671829627786?region=US&locale=en,16.9,Black,"M,S,XS,XL,L"
近14天新品,MX,1736620443052377431,S260715021521,FOXCLAW Curve,大码女装,女士套装及西服,3.4,https://p16-she-va.ibyteimg.com/tos-alisg-i-f7lenjegsh-sg/b71ad8df18f84d8fac9e5c61f6b08fa0~tplv-g9dfdl17fc-origin-image.image,2026/8/7,内容场占比低,,31,50,,https://shop.tiktok.com/view/product/1736620443052377431?region=MX&locale=en,16.9,Black,"5XL,4XL,1XL,2XL,3XL"
近14天新品,GB,1729873975202126135,S260715033278,PlusLady,大码女装,女士连衣裙,Null,https://p16-she-va.ibyteimg.com/tos-alisg-i-f7lenjegsh-sg/ad1882b8f3bb48538cf100519f78fb21~tplv-g9dfdl17fc-origin-image.image,2026/8/9,内容场占比低,高GPM,24,228,,https://shop.tiktok.com/view/product/1729873975202126135?region=GB&locale=en,16.9,Black,"5XL,1XL,2XL,3XL,0XL,4XL"
近14天新品,US,1732514174714810534,S260726015009,Agivvia,标码女装,女士针织衫,4.2,https://p16-she-va.ibyteimg.com/tos-alisg-i-f7lenjegsh-sg/469ee185dde74709a80959f6f32e1f88~tplv-g9dfdl17fc-origin-image.image,2026/8/3,内容场占比低,,42,398,,https://shop.tiktok.com/view/product/1732514174714810534?region=US&locale=en,16.9,White,"M,S,L"
近14天新品,MX,1736900265244722486,S260805037885,MedGlow Shop,标码女装,女士特殊服饰,Null,https://p16-she-va.ibyteimg.com/tos-alisg-i-f7lenjegsh-sg/7cc73cd14d93440ba4cccd61541579f0~tplv-g9dfdl17fc-origin-image.image,2026/8/8,内容场占比低,,119,51,,https://shop.tiktok.com/view/product/1736900265244722486?region=MX&locale=en,16.9,"Light wash,Navy blue","M,XL,L,S,XS,XXL"
近14天新品,MX,1736865774441367103,S260731029575,DomieStudio,标码女装,女士套装及西服,Null,https://p16-she-va.ibyteimg.com/tos-alisg-i-f7lenjegsh-sg/84073f7f7ddd4c1ab2bebe9cb9531faa~tplv-g9dfdl17fc-origin-image.image,2026/8/7,内容场占比低,高GPM,71,52,,https://shop.tiktok.com/view/product/1736865774441367103?region=MX&locale=en,16.9,"Khaki,Black,Army green","XL,S,XS,L,M"
近14天新品,US,1732537643090940688,S260806004405,Chic Design Focus,标码女装,女士套装及西服,Null,https://p16-she-va.ibyteimg.com/tos-alisg-i-f7lenjegsh-sg/074be5897fc442718eb86ad51a25aa87~tplv-g9dfdl17fc-origin-image.image,2026/8/6,内容场占比低,,250,399,,https://shop.tiktok.com/view/product/1732537643090940688?region=US&locale=en,16.9,Black,"M,S,XL,L,XXL"
近14天新品,US,1732496610196492631,S260716016797,FOXCLAW Curve,大码女装,女士针织衫,4,https://p16-she-va.ibyteimg.com/tos-alisg-i-f7lenjegsh-sg/f027195ac0be488e96ebefb791d55557~tplv-g9dfdl17fc-origin-image.image,2026/8/5,内容场占比低,高GPM,34,400,,https://shop.tiktok.com/view/product/1732496610196492631?region=US&locale=en,16.9,Black,"5XL,4XL,1XL,3XL,2XL"
近14天新品,US,1732529434454495956,S260803004400,Karlofea,标码女装,女士套装及西服,4,https://p16-she-va.ibyteimg.com/tos-alisg-i-f7lenjegsh-sg/701287bc35c1479c9104e47eba1e4d54~tplv-g9dfdl17fc-origin-image.image,2026/8/3,内容场占比低,,988,401,,https://shop.tiktok.com/view/product/1732529434454495956?region=US&locale=en,16.8,"Pink,Navy blue","M,S,XL,L,XS"
近14天新品,US,1732544606007103756,S260807029363,Aevum Jia,标码女装,女士下装,4.2,https://p16-she-va.ibyteimg.com/tos-alisg-i-f7lenjegsh-sg/38a07456d4a84c809b2c1b3cbefa712c~tplv-g9dfdl17fc-origin-image.image,2026/8/10,内容场占比低,高GPM,499,402,,https://shop.tiktok.com/view/product/1732544606007103756?region=US&locale=en,16.8,Stripe,"M,S,XL,L,XXL"
近14天新品,US,1732530856410518527,S260803024128,Veve Muse,标码女装,女士下装,2.8,https://p16-she-va.ibyteimg.com/tos-alisg-i-f7lenjegsh-sg/8052703b468c456c9b03f18b68f0473b~tplv-g9dfdl17fc-origin-image.image,2026/8/3,内容场占比低,,815,403,,https://shop.tiktok.com/view/product/1732530856410518527?region=US&locale=en,8.4,"Olive green,dark green,Apricot","M,S,XS,XL,L"
近14天新品,US,1732495491110048087,S260715022548,FOXCLAW Curve,大码女装,女士下装,4,https://p16-she-va.ibyteimg.com/tos-alisg-i-f7lenjegsh-sg/31a04a03c2664615a22ae136f4d0f99c~tplv-g9dfdl17fc-origin-image.image,2026/8/5,内容场占比低,,23,404,,https://shop.tiktok.com/view/product/1732495491110048087?region=US&locale=en,8.4,Pink,"5XL,4XL,1XL,3XL,2XL"
近14天新品,GB,1729876027034213294,S260718008692,Beauty Memory,标码女装,女士特殊服饰,Null,https://p16-she-va.ibyteimg.com/tos-alisg-i-f7lenjegsh-sg/22ebd02e9a8041c98f6d33bbbbc2a322~tplv-g9dfdl17fc-origin-image.image,2026/8/7,内容场占比低,,11,229,,https://shop.tiktok.com/view/product/1729876027034213294?region=GB&locale=en,16.8,Set1,"XL,M,L,S"
近14天新品,MX,1736896544402540237,S260805020399,Esmay,标码女装,女士下装,Null,https://p16-she-va.ibyteimg.com/tos-alisg-i-f7lenjegsh-sg/c32cfcb1dcea46a888bef556b31b9e9f~tplv-g9dfdl17fc-origin-image.image,2026/8/5,内容场占比低,,1066654,53,,https://shop.tiktok.com/view/product/1736896544402540237?region=MX&locale=en,8.4,"Multicolor3,Multicolor1,Multicolor2","L,XL,M,S"
近14天新品,US,1732476496249327933,S260706012950,Luxerve,标码女装,女士下装,3.7,https://p16-she-va.ibyteimg.com/tos-alisg-i-f7lenjegsh-sg/eefa4941e93e4e748f4fe02d84140cd7~tplv-g9dfdl17fc-origin-image.image,2026/8/12,内容场占比低,高GPM,49,405,,https://shop.tiktok.com/view/product/1732476496249327933?region=US&locale=en,11.1,"Khaki,Orange,Army green,Black,Dark gray,Light gray","M,S,L,XL,XXL"
近14天新品,MX,1736900550721570102,S260805039014,MedGlow Shop,标码女装,女士特殊服饰,Null,https://p16-she-va.ibyteimg.com/tos-alisg-i-f7lenjegsh-sg/3dadcd9c84d743da811ad98c371e7426~tplv-g9dfdl17fc-origin-image.image,2026/8/8,内容场占比低,,59,54,,https://shop.tiktok.com/view/product/1736900550721570102?region=MX&locale=en,16.7,Turquoise green,"M,XS,XL,S,L,XXL"
近14天新品,MX,1736841194778559527,S260802007823,Finjani-VV,大码女装,女士上装,3.4,https://p16-she-va.ibyteimg.com/tos-alisg-i-f7lenjegsh-sg/5bb0874cd4e746e8b34e6ecdaf7c5f15~tplv-g9dfdl17fc-origin-image.image,2026/8/6,内容场占比低,,46,55,,https://shop.tiktok.com/view/product/1736841194778559527?region=MX&locale=en,8.3,Black and white,"4XL,0XL,1XL,2XL,3XL"
近14天新品,MX,1736530273332856113,S260714032066,Hawthaw Women Apparel,标码女装,女士套装及西服,3.7,https://p16-she-va.ibyteimg.com/tos-alisg-i-f7lenjegsh-sg/2e363a08dba345e68991de7344f3ec1e~tplv-g9dfdl17fc-origin-image.image,2026/8/4,内容场占比低,高GPM,12,56,,https://shop.tiktok.com/view/product/1736530273332856113?region=MX&locale=en,16.6,Black,"S,M,L"
近14天新品,GB,1729887342525389552,S260805006695,Pretty PL,标码女装,女士套装及西服,4.3,https://p16-she-va.ibyteimg.com/tos-alisg-i-f7lenjegsh-sg/1357a05a36b043cc98d273c142a8e02b~tplv-g9dfdl17fc-origin-image.image,2026/8/5,内容场占比低,高GPM,24975,230,,https://shop.tiktok.com/view/product/1729887342525389552?region=GB&locale=en,16.6,"Reed green,Black,Red,Baby pink,Royal blue","S,M,XXL,L,XL"
近14天新品,US,1732542021926752417,S260808028776,Muse Plus,大码女装,女士下装,3.4,https://p16-she-va.ibyteimg.com/tos-alisg-i-f7lenjegsh-sg/3f0edb66601348969c610cc8f10eb4a7~tplv-g9dfdl17fc-origin-image.image,2026/8/8,内容场占比低,高GPM,251,406,,https://shop.tiktok.com/view/product/1732542021926752417?region=US&locale=en,16.5,Multi-color,"4XL,1XL,0XL,3XL,2XL"
近14天新品,US,1732532732199670300,S260804015127,Bold Colors,标码女装,女士套装及西服,Null,https://p16-she-va.ibyteimg.com/tos-alisg-i-f7lenjegsh-sg/fa450146da584792b9e1d4339bf28ad6~tplv-g9dfdl17fc-origin-image.image,2026/8/4,内容场占比低,高GPM,29999,407,,https://shop.tiktok.com/view/product/1732532732199670300?region=US&locale=en,16.5,"Burgundy,Pink,Light blue,Yellow,Black,Brown","M,S,XL,L,XXL"
近14天新品,GB,1729884924922731002,S260801007519,Elegant Finjani,大码女装,女士连衣裙,4.1,https://p16-she-va.ibyteimg.com/tos-alisg-i-f7lenjegsh-sg/3642124f20a940af9dfba94de019e869~tplv-g9dfdl17fc-origin-image.image,2026/8/8,内容场占比低,高GPM,308,231,,https://shop.tiktok.com/view/product/1729884924922731002?region=GB&locale=en,16.5,"Navy blue,Purple,Black","3XL,2XL,0XL,1XL,5XL,4XL"
近14天新品,GB,1729889274686577356,S260806030193,FelixGarden,标码女装,女士套装及西服,Null,https://p16-she-va.ibyteimg.com/tos-alisg-i-f7lenjegsh-sg/aacd0eb781ef4deabf468198c0f7819c~tplv-g9dfdl17fc-origin-image.image,2026/8/6,内容场占比低,,2500,232,,https://shop.tiktok.com/view/product/1729889274686577356?region=GB&locale=en,16.5,"Pink stripes,Pink and brown stripes,Pink and white stripes,Blue stripes,Brown stripes","L,XXL,S,M,XL"
近14天新品,US,1732546324811387550,S260810033806,Chic Night Luxe,标码女装,女士下装,4.4,https://p16-she-va.ibyteimg.com/tos-alisg-i-f7lenjegsh-sg/02b0d56e38154d459c97753819f6a255~tplv-g9dfdl17fc-origin-image.image,2026/8/10,内容场占比低,高GPM,250000,408,,https://shop.tiktok.com/view/product/1732546324811387550?region=US&locale=en,16.5,"Coffee brown,Pink,Light green,Army green,Navy blue,Yellow,White,Black,Reddish brown,Sky blue","M,S,L,XL,XXL"
近14天新品,US,1732532028329529697,S260804001345,Few Months,标码女装,女士下装,3,https://p16-she-va.ibyteimg.com/tos-alisg-i-f7lenjegsh-sg/0ce324e4192c4a18843100ac57327a7c~tplv-g9dfdl17fc-origin-image.image,2026/8/4,内容场占比低,高GPM,1832,409,,https://shop.tiktok.com/view/product/1732532028329529697?region=US&locale=en,16.5,"Red,beige,Black,Apricot,Blue","M,S,XS,XL,L"
近14天新品,GB,1729882431545645803,S260728017262,Bettlity,标码女装,女士针织衫,4.4,https://p16-she-va.ibyteimg.com/tos-alisg-i-f7lenjegsh-sg/63b0be6b32204ed09ababf28f93ba2f8~tplv-g9dfdl17fc-origin-image.image,2026/8/3,内容场占比低,,24,233,,https://shop.tiktok.com/view/product/1729882431545645803?region=GB&locale=en,16.4,Blue,"M,L,XXL,S,XL"
近14天新品,US,1732541837586960634,S260805008499,SQ Girl Shop,标码女装,女士下装,Null,https://p16-she-va.ibyteimg.com/tos-alisg-i-f7lenjegsh-sg/f346f675fcf44adb8553f43aefb94a20~tplv-g9dfdl17fc-origin-image.image,2026/8/8,内容场占比低,高GPM,600,410,,https://shop.tiktok.com/view/product/1732541837586960634?region=US&locale=en,16.4,Burgundy,"M,S,L,XS,XXL,XL"
近14天新品,US,1732534966332986164,S260805021521,YPHY,大码女装,牛仔,4.6,https://p16-she-va.ibyteimg.com/tos-alisg-i-f7lenjegsh-sg/903445906495431aac55c0663efefd38~tplv-g9dfdl17fc-origin-image.image,2026/8/5,内容场占比低,,24,411,,https://shop.tiktok.com/view/product/1732534966332986164?region=US&locale=en,16.4,Brown,"4XL,1XL,0XL,3XL,2XL"
近14天新品,US,1732538432479728265,S260806035199,.Home sweet home,大码女装,女士连衣裙,2.8,https://p16-she-va.ibyteimg.com/tos-alisg-i-f7lenjegsh-sg/71b48d805d174576bec96eb3efef7ff6~tplv-g9dfdl17fc-origin-image.image,2026/8/7,,高GPM,969,412,,https://shop.tiktok.com/view/product/1732538432479728265?region=US&locale=en,16.4,"Medium wash,Khaki,Navy blue,White,Black,Lime red,Pale green,Blue","5XL,4XL,1XL,0XL,3XL,2XL"
近14天新品,GB,1729881195415771438,S260726013732,RaverageCloset,标码女装,女士套装及西服,Null,https://p16-she-va.ibyteimg.com/tos-alisg-i-f7lenjegsh-sg/cf6773079e9240f18557b4026dcc5785~tplv-g9dfdl17fc-origin-image.image,2026/8/5,内容场占比低,,30,234,,https://shop.tiktok.com/view/product/1729881195415771438?region=GB&locale=en,8.2,"Black stripes,Green stripes","XS,L,M,S"
近14天新品,US,1732534387862835740,S260805005131,Bold Colors,标码女装,女士下装,Null,https://p16-she-va.ibyteimg.com/tos-alisg-i-f7lenjegsh-sg/b209211d2e5b46889cfa6ed588aaeb39~tplv-g9dfdl17fc-origin-image.image,2026/8/5,内容场占比低,高GPM,14999,413,,https://shop.tiktok.com/view/product/1732534387862835740?region=US&locale=en,16.3,"Jet black,Black,Blue","M,S,L,XL,XXL"
近14天新品,GB,1729891183822084439,S260809000153,FOXCLAW Curve,大码女装,女士套装及西服,4.3,https://p16-she-va.ibyteimg.com/tos-alisg-i-f7lenjegsh-sg/a4a5056552b14654a5f5a401c4a11b53~tplv-g9dfdl17fc-origin-image.image,2026/8/10,内容场占比低,高GPM,23,235,,https://shop.tiktok.com/view/product/1729891183822084439?region=GB&locale=en,16.3,Purple,"2XL,3XL,0XL,1XL,4XL"
近14天新品,GB,1729885281104402611,S260731028050,ZOVINRIA,标码女装,女士针织衫,4.7,https://p16-she-va.ibyteimg.com/tos-alisg-i-f7lenjegsh-sg/52a5ca73ff9142618f0e80a1db8e51ad~tplv-g9dfdl17fc-origin-image.image,2026/8/11,内容场占比低,高GPM,160,236,,https://shop.tiktok.com/view/product/1729885281104402611?region=GB&locale=en,13.5,"Red,Early Red,color,Dark blue,Warm Apricot,Custard,Medium gray,Teeth Whitening,Dark Coffee","M,S,L"
近14天新品,US,1732516904898236812,S260727027923,Hafizah modest,标码女装,女士穆斯林服饰,Null,https://p16-she-va.ibyteimg.com/tos-alisg-i-f7lenjegsh-sg/cd0b7c69a1bd400b8558d4d86acfb003~tplv-g9dfdl17fc-origin-image.image,2026/8/6,内容场占比低,,6,414,,https://shop.tiktok.com/view/product/1732516904898236812?region=US&locale=en,16.2,Black,one-size
近14天新品,US,1732542011030606426,S260808028707,Orgnvin,标码女装,女士针织衫,4.4,https://p16-she-va.ibyteimg.com/tos-alisg-i-f7lenjegsh-sg/90a678e661fe401b940c77aaf5f4e0e2~tplv-g9dfdl17fc-origin-image.image,2026/8/8,内容场占比低,,359,415,,https://shop.tiktok.com/view/product/1732542011030606426?region=US&locale=en,16.2,"Coffee brown,White,Black","M,S,L,XL"
近14天新品,GB,1729882085714336658,S260727000658,YIRUICY,大码女装,女士连衣裙,Null,https://p16-she-va.ibyteimg.com/tos-alisg-i-f7lenjegsh-sg/809ac1f15edb4a2d9e76c7394f9950e7~tplv-g9dfdl17fc-origin-image.image,2026/8/5,内容场占比低,,29,237,,https://shop.tiktok.com/view/product/1729882085714336658?region=GB&locale=en,16.2,Green,"1XL,2XL,4XL,0XL,5XL,3XL"
近14天新品,GB,1729887155809851745,S260805001112,Few Months,大码女装,女士上装,3.6,https://p16-she-va.ibyteimg.com/tos-alisg-i-f7lenjegsh-sg/a91700cc83664658b5eb7462b76b9e3d~tplv-g9dfdl17fc-origin-image.image,2026/8/5,内容场占比低,高GPM,150,238,,https://shop.tiktok.com/view/product/1729887155809851745?region=GB&locale=en,16.2,Black,"1XL,0XL,4XL,2XL,3XL"
近14天新品,MX,1736883159746577837,S260803027595,ZZSC jeans,大码女装,牛仔,4.7,https://p16-she-va.ibyteimg.com/tos-alisg-i-f7lenjegsh-sg/b951173068ed42d28d42a95ee7f7627a~tplv-g9dfdl17fc-origin-image.image,2026/8/7,内容场占比低,,23,57,,https://shop.tiktok.com/view/product/1736883159746577837?region=MX&locale=en,16.2,Blue,"2XL,0XL,4XL,1XL,3XL"
近14天新品,US,1732522031183335767,S260727003634,FOXCLAW Curve,大码女装,女士连衣裙,4,https://p16-she-va.ibyteimg.com/tos-alisg-i-f7lenjegsh-sg/bfd1a117b0b644419ceeb133dd820f77~tplv-g9dfdl17fc-origin-image.image,2026/8/5,内容场占比低,,23,416,,https://shop.tiktok.com/view/product/1732522031183335767?region=US&locale=en,16.1,Black,"5XL,4XL,1XL,3XL,2XL"
近14天新品,US,1732537079403221394,S260806012548,MUSE VIXEN,大码女装,女士连衣裙,Null,https://p16-she-va.ibyteimg.com/tos-alisg-i-f7lenjegsh-sg/a6a081def53340f6bbc870fa52554c9a~tplv-g9dfdl17fc-origin-image.image,2026/8/8,内容场占比低,高GPM,24,417,,https://shop.tiktok.com/view/product/1732537079403221394?region=US&locale=en,16.1,Rust orange,"4XL,1XL,0XL,3XL,2XL"
近14天新品,FR,1729866864995572060,S260705010224,EverydayStride,标码女装,女士下装,Null,https://p16-she-va.ibyteimg.com/tos-alisg-i-f7lenjegsh-sg/f52aa24e9afd4217b71239f4a1980dd5~tplv-g9dfdl17fc-origin-image.image,2026/8/5,内容场占比低,高GPM,24,19,,https://shop.tiktok.com/view/product/1729866864995572060?region=DE&locale=en,16.1,Black,"Asian XL,Asian M,Asian L,Asian XXL,Asian S"
近14天新品,MX,1736810560960955872,S260731018001,Gude.Good,标码女装,女士下装,Null,https://p16-she-va.ibyteimg.com/tos-alisg-i-f7lenjegsh-sg/508e70ec1df84330ba0aeb23af2f6c19~tplv-g9dfdl17fc-origin-image.image,2026/8/4,内容场占比低,高GPM,159999,58,,https://shop.tiktok.com/view/product/1736810560960955872?region=MX&locale=en,8,"apricot brown,apricot black,Brown pattern,brown streaks,Leopard print","L,M,XL,S"
近14天新品,US,1732539654904844713,S260807020801,CCUICLAW,标码女装,女士针织衫,Null,https://p16-she-va.ibyteimg.com/tos-alisg-i-f7lenjegsh-sg/a8d979ebf69b4773ac1e0ef4d03b827a~tplv-g9dfdl17fc-origin-image.image,2026/8/10,内容场占比低,高GPM,24,418,,https://shop.tiktok.com/view/product/1732539654904844713?region=US&locale=en,16.1,Blue/Yellow,"M,S,XL,L,XXL"
近14天新品,GB,1729886590753741757,S260730029283,Chic Shorties,大码女装,女士上装,Null,https://p16-she-va.ibyteimg.com/tos-alisg-i-f7lenjegsh-sg/73111a4f6e5f46769fb47332ed274d01~tplv-g9dfdl17fc-origin-image.image,2026/8/8,内容场占比低,高GPM,24,239,,https://shop.tiktok.com/view/product/1729886590753741757?region=GB&locale=en,16.1,Black,"1XL,4XL,5XL,3XL,2XL"
近14天新品,MX,1736898898552325230,S260805033016,Soft Frame,标码女装,女士套装及西服,4.1,https://p16-she-va.ibyteimg.com/tos-alisg-i-f7lenjegsh-sg/8d658b68fedb4b54b4cd6ca8803b3d61~tplv-g9dfdl17fc-origin-image.image,2026/8/8,内容场占比低,,96,59,,https://shop.tiktok.com/view/product/1736898898552325230?region=MX&locale=en,16,"Royal blue,Mulberry,Light yellow,Blue and white stripes,Apricot,Burgundy,Brown,Yellow,Baby pink,Blue and brown stripes,Pink 2","XL,XS,M,S,L"
近14天新品,GB,1729879799630436439,S260723030810,Novelife,标码女装,女士套装及西服,4.6,https://p16-she-va.ibyteimg.com/tos-alisg-i-f7lenjegsh-sg/a63cb059c9e3454887529fd0a4abd818~tplv-g9dfdl17fc-origin-image.image,2026/8/5,内容场占比低,,27,240,,https://shop.tiktok.com/view/product/1729879799630436439?region=GB&locale=en,16,Pink and black stripes,"XL,L,S,M"
近14天新品,GB,1729882089859291628,S260724015880,Shu BR 2 Shop,大码女装,女士连衣裙,4,https://p16-she-va.ibyteimg.com/tos-alisg-i-f7lenjegsh-sg/224afa934c434f9ca92d93c7c5cebbce~tplv-g9dfdl17fc-origin-image.image,2026/8/6,内容场占比低,,39,241,,https://shop.tiktok.com/view/product/1729882089859291628?region=GB&locale=en,16,"Sky blue,Green,Pink","4XL,2XL,3XL,5XL,1XL"
近14天新品,US,1732535189096665628,S260805034406,Bold Colors,标码女装,女士下装,Null,https://p16-she-va.ibyteimg.com/tos-alisg-i-f7lenjegsh-sg/1f5d1e3be9084c9882f488a34d441d7a~tplv-g9dfdl17fc-origin-image.image,2026/8/5,内容场占比低,高GPM,10000,419,,https://shop.tiktok.com/view/product/1732535189096665628?region=US&locale=en,15.9,"Strong white,Red,White,Black,Dark gray","M,S,L,XL,XXL"
近14天新品,US,1732530720564220884,S260803023232,fashion iconn,标码女装,女士针织衫,4.6,https://p16-she-va.ibyteimg.com/tos-alisg-i-f7lenjegsh-sg/8c03680730514f9e9598fcbddff50768~tplv-g9dfdl17fc-origin-image.image,2026/8/11,内容场占比低,高GPM,49,420,,https://shop.tiktok.com/view/product/1732530720564220884?region=US&locale=en,13.2,Black and white color block,"M,S,XL,L,XXL"
近14天新品,US,1732522881925551067,S260730022537,ALLDONE,标码女装,女士套装及西服,3.8,https://p16-she-va.ibyteimg.com/tos-alisg-i-f7lenjegsh-sg/990583f64adf459e80e271e8ac570988~tplv-g9dfdl17fc-origin-image.image,2026/8/7,内容场占比低,,14,421,,https://shop.tiktok.com/view/product/1732522881925551067?region=US&locale=en,15.9,White,"M,S,L"
近14天新品,GB,1729885559999273156,S260730023948,Irene Dress,标码女装,女士套装及西服,4.6,https://p16-she-va.ibyteimg.com/tos-alisg-i-f7lenjegsh-sg/52189eff346641348cea26f91229c7a2~tplv-g9dfdl17fc-origin-image.image,2026/8/3,内容场占比低,,159,242,,https://shop.tiktok.com/view/product/1729885559999273156?region=GB&locale=en,15.9,"Coffee brown,Yellow","L,S,M,XL"
近14天新品,GB,1729885584396622477,S260730023931,Gold Full,标码女装,女士下装,4.2,https://p16-she-va.ibyteimg.com/tos-alisg-i-f7lenjegsh-sg/3b5270a0fd07425eade748545ba5d126~tplv-g9dfdl17fc-origin-image.image,2026/8/3,内容场占比低,,1772,243,,https://shop.tiktok.com/view/product/1729885584396622477?region=GB&locale=en,15.8,"Khaki,Hot pink,Light green,Black,Dark Blue,Army green,White,Blue,Apricot,Multicolor1,Sky blue,Brown","XS,S,L,XL,M"
近14天新品,GB,1729881481838434880,S260727001516,Vibrant Vogue,标码女装,女士套装及西服,Null,https://p16-she-va.ibyteimg.com/tos-alisg-i-f7lenjegsh-sg/4419121e333e49ff84c584cca42d56dd~tplv-g9dfdl17fc-origin-image.image,2026/8/5,内容场占比低,,91,244,,https://shop.tiktok.com/view/product/1729881481838434880?region=GB&locale=en,15.8,"Apricot,Red,Black,Green","S,L,XXL,M,XL"
近14天新品,GB,1729883259581733037,S260729009661,ZIZI Sweater,大码女装,女士针织衫,4.1,https://p16-she-va.ibyteimg.com/tos-alisg-i-f7lenjegsh-sg/f9c20e6d2eb14cc5886a2caa380be0d7~tplv-g9dfdl17fc-origin-image.image,2026/8/3,内容场占比低,,91,245,,https://shop.tiktok.com/view/product/1729883259581733037?region=GB&locale=en,15.8,"Gray,Green,Apricot,Blue","3XL,1XL,2XL,4XL"
近14天新品,GB,1729885531469027739,S260730034375,Pink Ora,标码女装,女士套装及西服,Null,https://p16-she-va.ibyteimg.com/tos-alisg-i-f7lenjegsh-sg/b95d3c9836914af2b140e4d0f5bbe5be~tplv-g9dfdl17fc-origin-image.image,2026/8/3,内容场占比低,,1499,246,,https://shop.tiktok.com/view/product/1729885531469027739?region=GB&locale=en,15.8,Pink,"L,XL,S,XS,M"
近14天新品,GB,1729880459886368924,S260723035433,Muslin Garments,标码女装,女士穆斯林服饰,4.5,https://p16-she-va.ibyteimg.com/tos-alisg-i-f7lenjegsh-sg/50fb48a20a2848cf82edb752c707fb4a~tplv-g9dfdl17fc-origin-image.image,2026/8/6,内容场占比低,,9,247,,https://shop.tiktok.com/view/product/1729880459886368924?region=GB&locale=en,15.8,Multicolor11,one-size
近14天新品,US,1732532469199442152,S260730030442,Chic Code NVFelix,标码女装,女士下装,4.7,https://p16-she-va.ibyteimg.com/tos-alisg-i-f7lenjegsh-sg/a2afb6bd095841f3bff417f273b9271c~tplv-g9dfdl17fc-origin-image.image,2026/8/4,内容场占比低,,179,422,,https://shop.tiktok.com/view/product/1732532469199442152?region=US&locale=en,15.7,Brown,"M,S,XL,XS,L,XXL"
近14天新品,US,1732531512280256637,S260801023234,Faire jolie,标码女装,女士下装,3.6,https://p16-she-va.ibyteimg.com/tos-alisg-i-f7lenjegsh-sg/02f2ca1df4814f818c89ad6f18a65ba0~tplv-g9dfdl17fc-origin-image.image,2026/8/4,内容场占比低,,120,423,,https://shop.tiktok.com/view/product/1732531512280256637?region=US&locale=en,15.7,"Gray leopard print,Pink leopard print","M,S,L,XL"
近14天新品,GB,1729890739451370012,S260808004496,Bold Colors,标码女装,女士套装及西服,Null,https://p16-she-va.ibyteimg.com/tos-alisg-i-f7lenjegsh-sg/9bccec94cc1a4356af0d6e35a3848c83~tplv-g9dfdl17fc-origin-image.image,2026/8/8,内容场占比低,高GPM,24999,248,,https://shop.tiktok.com/view/product/1729890739451370012?region=GB&locale=en,15.7,"Blue,Pink,Yellow,Blue-green,Orange","M,L,XXL,S,XL"
近14天新品,MX,1737016967541917464,S260812037751,Elara Apparel Wear,标码女装,女士套装及西服,Null,https://p16-she-va.ibyteimg.com/tos-alisg-i-f7lenjegsh-sg/926674dd520d44af82d5c8b608de1dc2~tplv-g9dfdl17fc-origin-image.image,2026/8/13,内容场占比低,,10000,60,,https://shop.tiktok.com/view/product/1737016967541917464?region=MX&locale=en,7.8,"Light wash,Multi-color","M,S,XS,XL,L"
近14天新品,US,1732520344994550537,S260722032781,inmen,标码女装,女士下装,Null,https://p16-she-va.ibyteimg.com/tos-alisg-i-f7lenjegsh-sg/423cef437a6a4584937911b1acac7235~tplv-g9dfdl17fc-origin-image.image,2026/8/5,内容场占比低,,20,424,,https://shop.tiktok.com/view/product/1732520344994550537?region=US&locale=en,15.6,Olive green,"M,S,L,XS"
近14天新品,GB,1729890587987515882,S260807014078,YYXIN CLOTHES,标码女装,女士穆斯林服饰,3.9,https://p16-she-va.ibyteimg.com/tos-alisg-i-f7lenjegsh-sg/42b15a0b0054472bba2c5a9c1e76b7bd~tplv-g9dfdl17fc-origin-image.image,2026/8/7,内容场占比低,高GPM,440,249,,https://shop.tiktok.com/view/product/1729890587987515882?region=GB&locale=en,15.6,Apricot,"XL,M,XS,S,L"
近14天新品,GB,1729891040806083175,S260808029281,Beauty Beauty Plus,大码女装,女士连衣裙,4,https://p16-she-va.ibyteimg.com/tos-alisg-i-f7lenjegsh-sg/4bcb955e32264f8db0044978ffa239c7~tplv-g9dfdl17fc-origin-image.image,2026/8/8,内容场占比低,高GPM,249,250,,https://shop.tiktok.com/view/product/1729891040806083175?region=GB&locale=en,15.6,Khaki,"2XL,1XL,4XL,3XL,0XL"
近14天新品,GB,1729882399878453400,S260727033349,Oohneed,标码女装,女士套装及西服,4.5,https://p16-she-va.ibyteimg.com/tos-alisg-i-f7lenjegsh-sg/8f8595da189e464093fe8aecbf9475c7~tplv-g9dfdl17fc-origin-image.image,2026/8/4,内容场占比低,高GPM,19,251,,https://shop.tiktok.com/view/product/1729882399878453400?region=GB&locale=en,15.5,Apricot,"M,XS,L,S"
近14天新品,GB,1729890978849594140,S260808024537,BloomSoft Boutique,标码女装,女士下装,4.4,https://p16-she-va.ibyteimg.com/tos-alisg-i-f7lenjegsh-sg/95fb439e26e44454a2d751f57dcea570~tplv-g9dfdl17fc-origin-image.image,2026/8/8,,高GPM,4999,252,,https://shop.tiktok.com/view/product/1729890978849594140?region=GB&locale=en,7.8,Multi-color,"M,S,XL,L,XS"
近14天新品,GB,1729890372110818072,S260807022977,Elowen Studio Wear,标码女装,女士套装及西服,Null,https://p16-she-va.ibyteimg.com/tos-alisg-i-f7lenjegsh-sg/b7e2c47c60d549f7bec85cd757a7b5bb~tplv-g9dfdl17fc-origin-image.image,2026/8/7,内容场占比低,高GPM,5000,253,,https://shop.tiktok.com/view/product/1729890372110818072?region=GB&locale=en,15.5,Brown,"XL,M,L,XXL,S"
近14天新品,US,1732531502233719580,S260730010327,KaelDrape Lab,标码女装,女士下装,Null,https://p16-she-va.ibyteimg.com/tos-alisg-i-f7lenjegsh-sg/6f3a77c492704f2880491c48a1a06f39~tplv-g9dfdl17fc-origin-image.image,2026/8/4,内容场占比低,,4000,425,,https://shop.tiktok.com/view/product/1732531502233719580?region=US&locale=en,15.4,Black,"M,S,XL,L"
近14天新品,US,1732536528680489414,S260806004228,TY Trove,标码女装,女士套装及西服,4.1,https://p16-she-va.ibyteimg.com/tos-alisg-i-f7lenjegsh-sg/cc3b0384ce164710a153585f9b11a492~tplv-g9dfdl17fc-origin-image.image,2026/8/11,内容场占比低,,35,426,,https://shop.tiktok.com/view/product/1732536528680489414?region=US&locale=en,12.9,Black,"M,S,XL,L"
近14天新品,US,1732535126072726018,S260805033544,Rosella shops,标码女装,女士针织衫,4.4,https://p16-she-va.ibyteimg.com/tos-alisg-i-f7lenjegsh-sg/0aeb1ccef2a943b9a607ae9e1d8b167a~tplv-g9dfdl17fc-origin-image.image,2026/8/5,内容场占比低,高GPM,499,427,,https://shop.tiktok.com/view/product/1732535126072726018?region=US&locale=en,15.4,Yellow,"M,S,L,XL,XXL"
近14天新品,GB,1729887612156090975,S260805022201,Vanshee Show,标码女装,女士套装及西服,4,https://p16-she-va.ibyteimg.com/tos-alisg-i-f7lenjegsh-sg/4c6ec76197c44121a2282f689807d35d~tplv-g9dfdl17fc-origin-image.image,2026/8/5,内容场占比低,,79,254,,https://shop.tiktok.com/view/product/1729887612156090975?region=GB&locale=en,15.4,Pink,"XL,S,L,M"
近14天新品,GB,1729886315110701399,S260731019410,FOXCLAW Curve,大码女装,女士上装,4.3,https://p16-she-va.ibyteimg.com/tos-alisg-i-f7lenjegsh-sg/307246ad45a540db96b6a5cc11f445e4~tplv-g9dfdl17fc-origin-image.image,2026/8/7,内容场占比低,高GPM,25,255,,https://shop.tiktok.com/view/product/1729886315110701399?region=GB&locale=en,15.4,Black,"3XL,1XL,4XL,2XL,5XL"
近14天新品,US,1732530861137105047,S260803024299,Chic Muslin Wraps,标码女装,女士穆斯林服饰,3.4,https://p16-she-va.ibyteimg.com/tos-alisg-i-f7lenjegsh-sg/a02a93b565f648dbb1437e172b5fdd25~tplv-g9dfdl17fc-origin-image.image,2026/8/3,内容场占比低,,59,428,,https://shop.tiktok.com/view/product/1732530861137105047?region=US&locale=en,3.9,"White,Black",one-size
近14天新品,GB,1729881212237748390,S260726015009,Agivvia,标码女装,女士针织衫,4.5,https://p16-she-va.ibyteimg.com/tos-alisg-i-f7lenjegsh-sg/469ee185dde74709a80959f6f32e1f88~tplv-g9dfdl17fc-origin-image.image,2026/8/3,内容场占比低,高GPM,42,256,,https://shop.tiktok.com/view/product/1729881212237748390?region=GB&locale=en,15.4,White,"L,S,M"
近14天新品,GB,1729889127977556311,S260806020251,FOXCLAW Curve,大码女装,女士上装,4.3,https://p16-she-va.ibyteimg.com/tos-alisg-i-f7lenjegsh-sg/c9b479c2fd05438e9878a8667981f236~tplv-g9dfdl17fc-origin-image.image,2026/8/11,内容场占比低,高GPM,49,257,,https://shop.tiktok.com/view/product/1729889127977556311?region=GB&locale=en,12.8,"White,Black","1XL,5XL,3XL,2XL,4XL"
近14天新品,MX,1736851489271612465,S260731005489,ComfyLane,标码女装,女士下装,Null,https://p16-she-va.ibyteimg.com/tos-alisg-i-f7lenjegsh-sg/3f78aa79bb874445bdd78921e1eda4a0~tplv-g9dfdl17fc-origin-image.image,2026/8/3,内容场占比低,高GPM,2499,61,,https://shop.tiktok.com/view/product/1736851489271612465?region=MX&locale=en,15.4,White,"XL,L,XXL,M,S"
近14天新品,GB,1729890434574162867,S260807032398,Joy happy Fashion,标码女装,女士套装及西服,Null,https://p16-she-va.ibyteimg.com/tos-alisg-i-f7lenjegsh-sg/bf7e0d7c09e14fb1ae319eb7a90c5f56~tplv-g9dfdl17fc-origin-image.image,2026/8/7,内容场占比低,,800,258,,https://shop.tiktok.com/view/product/1729890434574162867?region=GB&locale=en,15.3,Pink,"S,M,XL,L"
近14天新品,GB,1729885642024262356,S260803004400,Karlofea,标码女装,女士套装及西服,4,https://p16-she-va.ibyteimg.com/tos-alisg-i-f7lenjegsh-sg/701287bc35c1479c9104e47eba1e4d54~tplv-g9dfdl17fc-origin-image.image,2026/8/3,内容场占比低,高GPM,988,259,,https://shop.tiktok.com/view/product/1729885642024262356?region=GB&locale=en,15.3,"Navy blue,Pink","XS,L,XL,S,M"
近14天新品,US,1732549113364124359,S260811033059,Justoneone,标码女装,女士下装,Null,https://p16-she-va.ibyteimg.com/tos-alisg-i-f7lenjegsh-sg/0a5f586bc27d49e18e3780d22b716dec~tplv-g9dfdl17fc-origin-image.image,2026/8/11,内容场占比低,高GPM,200,429,,https://shop.tiktok.com/view/product/1732549113364124359?region=US&locale=en,12.7,Gray-green,"M,S,XL,L"
近14天新品,MX,1736715090203870482,S260724036037,Fantastic Costume,标码女装,女士特殊服饰,Null,https://p16-she-va.ibyteimg.com/tos-alisg-i-f7lenjegsh-sg/745b59c422ba4ab9b6b83c68a3ac8a75~tplv-g9dfdl17fc-origin-image.image,2026/8/4,内容场占比低,,19,62,,https://shop.tiktok.com/view/product/1736715090203870482?region=MX&locale=en,15.2,Light blue,"S,XL,L,M"
近14天新品,GB,1729891400242403698,S260809017488,Bargain Chic Fashion,大码女装,女士上装,Null,https://p16-she-va.ibyteimg.com/tos-alisg-i-f7lenjegsh-sg/b8df2bc9f5d244d3b2bf4cd7066a9455~tplv-g9dfdl17fc-origin-image.image,2026/8/9,内容场占比低,高GPM,440,260,,https://shop.tiktok.com/view/product/1729891400242403698?region=GB&locale=en,15.2,White,"4XL,5XL,2XL,3XL,1XL"
近14天新品,GB,1729886259925523081,S260731031034,.Home sweet home,大码女装,女士套装及西服,2.8,https://p16-she-va.ibyteimg.com/tos-alisg-i-f7lenjegsh-sg/3b24dac8d37e4226a9a3c637936ece0f~tplv-g9dfdl17fc-origin-image.image,2026/8/4,内容场占比低,,31,261,,https://shop.tiktok.com/view/product/1729886259925523081?region=GB&locale=en,15.2,Floral,"0XL,3XL,4XL,2XL,1XL"
近14天新品,GB,1729890941110557279,S260808018075,Vanshee Show,标码女装,女士套装及西服,4,https://p16-she-va.ibyteimg.com/tos-alisg-i-f7lenjegsh-sg/e035db852155405d8564ccf53e138b1e~tplv-g9dfdl17fc-origin-image.image,2026/8/8,内容场占比低,,79,262,,https://shop.tiktok.com/view/product/1729890941110557279?region=GB&locale=en,15.2,Black,"L,XL,S,M"
近14天新品,GB,1729891759330400702,S260810010426,ComfyChic Boutique,标码女装,女士套装及西服,4.4,https://p16-she-va.ibyteimg.com/tos-alisg-i-f7lenjegsh-sg/9a8acbf458d84238a806d3d4f76e233e~tplv-g9dfdl17fc-origin-image.image,2026/8/10,内容场占比低,高GPM,5000,263,,https://shop.tiktok.com/view/product/1729891759330400702?region=GB&locale=en,15.2,Multi-color,"M,XL,S,XXL,L"
近14天新品,US,1732548379460473228,S260727015100,Hafizah modest,标码女装,女士穆斯林服饰,Null,https://p16-she-va.ibyteimg.com/tos-alisg-i-f7lenjegsh-sg/0079cc7ae703463988679b160d1f1b9a~tplv-g9dfdl17fc-origin-image.image,2026/8/3,内容场占比低,,24,430,,https://shop.tiktok.com/view/product/1732548379460473228?region=US&locale=en,12.6,White,"M,S,XL,L,XXL"
近14天新品,US,1732525241131176181,S260731020293,KAYWIDE KnitCo,标码女装,女士针织衫,3.5,https://p16-she-va.ibyteimg.com/tos-alisg-i-f7lenjegsh-sg/06fe1b3ef5f6442fa59d563a6ddec399~tplv-g9dfdl17fc-origin-image.image,2026/8/4,内容场占比低,高GPM,91,431,,https://shop.tiktok.com/view/product/1732525241131176181?region=US&locale=en,15.1,"White,Black,Bright orange,Brown","M,S,XL,L,XS"
近14天新品,MX,1736883242268198231,S260804005205,FOXCLAW Curve,大码女装,女士下装,3.4,https://p16-she-va.ibyteimg.com/tos-alisg-i-f7lenjegsh-sg/7ee99104bbb443a29593a968688648e4~tplv-g9dfdl17fc-origin-image.image,2026/8/11,内容场占比低,高GPM,35,63,,https://shop.tiktok.com/view/product/1736883242268198231?region=MX&locale=en,12.6,Black,"3XL,5XL,1XL,2XL,4XL"
近14天新品,GB,1729890533161081752,S260807038713,Vogue Knit,标码女装,女士针织衫,4.5,https://p16-she-va.ibyteimg.com/tos-alisg-i-f7lenjegsh-sg/3cf018fc9ef84d8f960bc0416cf7b8fd~tplv-g9dfdl17fc-origin-image.image,2026/8/9,内容场占比低,高GPM,39,264,,https://shop.tiktok.com/view/product/1729890533161081752?region=GB&locale=en,15,Black,"M,XL,S,L,XXL"
近14天新品,GB,1729891012473887602,S260808027850,LUCK BABY H,标码女装,女士下装,4.4,https://p16-she-va.ibyteimg.com/tos-alisg-i-f7lenjegsh-sg/543db1f22dd14e4fb7f48433a422b95a~tplv-g9dfdl17fc-origin-image.image,2026/8/8,内容场占比低,高GPM,9000,265,,https://shop.tiktok.com/view/product/1729891012473887602?region=GB&locale=en,15,"Golden,Green,Burgundy,Black,Hot pink,White","M,S,XS,L,XL"
近14天新品,GB,1729885529062807802,S260729029586,SQ Girl Shop,标码女装,女士针织衫,Null,https://p16-she-va.ibyteimg.com/tos-alisg-i-f7lenjegsh-sg/0db54d16c6c640c5894d34bb980ff6a3~tplv-g9dfdl17fc-origin-image.image,2026/8/3,内容场占比低,,1000,266,,https://shop.tiktok.com/view/product/1729885529062807802?region=GB&locale=en,15,"Cream,Golden","XL,XS,M,L,S"
近14天新品,US,1732527649107579205,S260802000432,Finjani-KK,标码女装,女士下装,2.5,https://p16-she-va.ibyteimg.com/tos-alisg-i-f7lenjegsh-sg/0109165f29b3475dbf7b1491c3f0347b~tplv-g9dfdl17fc-origin-image.image,2026/8/4,内容场占比低,高GPM,14,432,,https://shop.tiktok.com/view/product/1732527649107579205?region=US&locale=en,15,White,"M,S,XL,L,XXL"
近14天新品,US,1732521010037035976,S260729035665,Chic Kaizhen,标码女装,女士套装及西服,2.2,https://p16-she-va.ibyteimg.com/tos-alisg-i-f7lenjegsh-sg/5f3fb7bd6a6742d5a8d8109c1fe37967~tplv-g9dfdl17fc-origin-image.image,2026/8/3,内容场占比低,,89,433,,https://shop.tiktok.com/view/product/1732521010037035976?region=US&locale=en,14.9,"Yellow,Gray","M,S,L,XL,XXL"
近14天新品,US,1732530036234687394,S260723033896,BaiYiBS,大码女装,女士上装,3,https://p16-she-va.ibyteimg.com/tos-alisg-i-f7lenjegsh-sg/ab0559e918fc4936ad96c1207e6f995a~tplv-g9dfdl17fc-origin-image.image,2026/8/3,内容场占比低,,398,434,,https://shop.tiktok.com/view/product/1732530036234687394?region=US&locale=en,7.5,"Purple,Yellow,Coral pink,Blue","5XL,4XL,1XL,3XL,2XL"
近14天新品,US,1732532809583137214,S260804030609,FeelingChic,标码女装,女士下装,4.4,https://p16-she-va.ibyteimg.com/tos-alisg-i-f7lenjegsh-sg/2fe3bc4c7ab44902b343f3096d71c5cd~tplv-g9dfdl17fc-origin-image.image,2026/8/4,内容场占比低,,4998,435,,https://shop.tiktok.com/view/product/1732532809583137214?region=US&locale=en,14.9,Black,"M,S,XL,XS,L"
近14天新品,US,1732520647576752527,S260729027924,Fast Fashion Code,标码女装,女士下装,Null,https://p16-she-va.ibyteimg.com/tos-alisg-i-f7lenjegsh-sg/b1b114059cb7413ca4bc58e92b4e9ca5~tplv-g9dfdl17fc-origin-image.image,2026/8/4,内容场占比低,,14,436,,https://shop.tiktok.com/view/product/1732520647576752527?region=US&locale=en,14.9,"Khaki,Army green,Coffee color,Black","M,S,XS"
近14天新品,US,1732532025958896601,S260804005104,Beautiful Nomad Beach,标码女装,女士针织衫,3.2,https://p16-she-va.ibyteimg.com/tos-alisg-i-f7lenjegsh-sg/dc7e2e8b13d54e90ae66bf399a5e5c20~tplv-g9dfdl17fc-origin-image.image,2026/8/4,内容场占比低,高GPM,500,437,,https://shop.tiktok.com/view/product/1732532025958896601?region=US&locale=en,14.9,"Blue,Pink,Gray,Black,Green","M,S,XL,L,XXL"
近14天新品,GB,1729877837648795981,S260720021775,Follome,标码女装,女士下装,4.5,https://p16-she-va.ibyteimg.com/tos-alisg-i-f7lenjegsh-sg/e18e8e2f933d4b6bb80c755d2162f414~tplv-g9dfdl17fc-origin-image.image,2026/8/3,内容场占比低,,26,267,,https://shop.tiktok.com/view/product/1729877837648795981?region=GB&locale=en,14.9,Mysterious Color,"XL,M,L,S"
近14天新品,US,1732529091768848387,S260730029608,Eyvonne,标码女装,女士针织衫,3.4,https://p16-she-va.ibyteimg.com/tos-alisg-i-f7lenjegsh-sg/96ddcc7a2f10482abca3a1b87f1154d8~tplv-g9dfdl17fc-origin-image.image,2026/8/3,内容场占比低,高GPM,39,438,,https://shop.tiktok.com/view/product/1732529091768848387?region=US&locale=en,14.9,White,"M,S,XL,L"
近14天新品,MX,1736861723427243382,S260730034951,Western Retro,标码女装,女士下装,Null,https://p16-she-va.ibyteimg.com/tos-alisg-i-f7lenjegsh-sg/cf946540883d4b6aa4bbf1ade538078b~tplv-g9dfdl17fc-origin-image.image,2026/8/9,内容场占比低,高GPM,78,64,,https://shop.tiktok.com/view/product/1736861723427243382?region=MX&locale=en,14.8,"Apricot,Black,Camel,Brown","L,XXL,XL,S,M"
近14天新品,GB,1729886848978754076,S260804038595,Chicvv,标码女装,女士套装及西服,4.6,https://p16-she-va.ibyteimg.com/tos-alisg-i-f7lenjegsh-sg/8887027e11a942aca4c8662e6ca1238e~tplv-g9dfdl17fc-origin-image.image,2026/8/4,内容场占比低,高GPM,1066655,268,,https://shop.tiktok.com/view/product/1729886848978754076?region=GB&locale=en,14.7,"Pink,White,Black","L,S,XL,M"
近14天新品,GB,1729886151568235179,S260803027292,Rapwriter,标码女装,女士套装及西服,4.7,https://p16-she-va.ibyteimg.com/tos-alisg-i-f7lenjegsh-sg/1dbaf631c2274a4a8a1f2474df8d14c1~tplv-g9dfdl17fc-origin-image.image,2026/8/6,内容场占比低,,12,269,,https://shop.tiktok.com/view/product/1729886151568235179?region=GB&locale=en,14.7,Multi-color,"S,L,M"
近14天新品,GB,1729886017008802815,S260803019917,Veve Muse,标码女装,女士下装,4.5,https://p16-she-va.ibyteimg.com/tos-alisg-i-f7lenjegsh-sg/29eddfda67de4b358edacde2b711f803~tplv-g9dfdl17fc-origin-image.image,2026/8/3,内容场占比低,高GPM,74,270,,https://shop.tiktok.com/view/product/1729886017008802815?region=GB&locale=en,14.7,Brown,"XL,S,M,L,XS"
近14天新品,US,1732539793490547380,S260807027655,Uniq Chic Designs,标码女装,女士下装,4.2,https://p16-she-va.ibyteimg.com/tos-alisg-i-f7lenjegsh-sg/fd6372a054b74521b8c93147dc13aa36~tplv-g9dfdl17fc-origin-image.image,2026/8/10,内容场占比低,,349,439,,https://shop.tiktok.com/view/product/1732539793490547380?region=US&locale=en,14.7,"Multicolor7,Colorful 14,Multicolor6,Multicolor9,Multicolor12,Colorful 13,Multicolor1,Multicolor8,Multicolor11,Multicolor5,Multicolor2,Multicolor3,Colorful 15,Multicolor10,Multicolor4","M,S,XL,L,XXL"
近14天新品,GB,1729884548428568703,S260731020118,Ilya costume,标码女装,女士套装及西服,4.7,https://p16-she-va.ibyteimg.com/tos-alisg-i-f7lenjegsh-sg/1b4a1a64331e4c8aadefae53f9607118~tplv-g9dfdl17fc-origin-image.image,2026/8/3,内容场占比低,,18,271,,https://shop.tiktok.com/view/product/1729884548428568703?region=GB&locale=en,14.7,Black,"L,M,S,XS"
近14天新品,US,1732545936146272323,S260810026545,Edge Mode.,标码女装,女士下装,Null,https://p16-she-va.ibyteimg.com/tos-alisg-i-f7lenjegsh-sg/9695be31dfbc41b48993a77dace3b1af~tplv-g9dfdl17fc-origin-image.image,2026/8/10,内容场占比低,高GPM,762,440,,https://shop.tiktok.com/view/product/1732545936146272323?region=US&locale=en,14.7,"Jet black,Red,Black","M,S,XL,L,XXL"
近14天新品,US,1732531499410165853,S260803035606,Comfortable Couture,大码女装,女士上装,4.1,https://p16-she-va.ibyteimg.com/tos-alisg-i-f7lenjegsh-sg/a18bf7bd8c3745489d9d352f7e5744f6~tplv-g9dfdl17fc-origin-image.image,2026/8/4,内容场占比低,高GPM,749,441,,https://shop.tiktok.com/view/product/1732531499410165853?region=US&locale=en,14.7,"Ochre brown,Hot pink,Burgundy","5XL,4XL,1XL,3XL,2XL"
近14天新品,GB,1729886785923749910,S260804034449,Neutral Days,标码女装,女士套装及西服,4.2,https://p16-she-va.ibyteimg.com/tos-alisg-i-f7lenjegsh-sg/0a6d19bc593c46799afa819c210e5f69~tplv-g9dfdl17fc-origin-image.image,2026/8/4,内容场占比低,高GPM,1199,272,,https://shop.tiktok.com/view/product/1729886785923749910?region=GB&locale=en,14.7,"Black,Yellow,Pink","L,S,M,XL"
近14天新品,US,1732542525085684202,S260710034604,YYXIN CLOTHES,标码女装,女士针织衫,3.9,https://p16-she-va.ibyteimg.com/tos-alisg-i-f7lenjegsh-sg/783d7f465e51436aa20943d612630ce6~tplv-g9dfdl17fc-origin-image.image,2026/8/9,内容场占比低,高GPM,475,442,,https://shop.tiktok.com/view/product/1732542525085684202?region=US&locale=en,14.7,Yellow,"M,S,L,XS,XL"
近14天新品,GB,1729881526304480192,S260718026836,Cute Pants,标码女装,女士下装,4,https://p16-she-va.ibyteimg.com/tos-alisg-i-f7lenjegsh-sg/84cf3e8ae974490b967eea886a336b5d~tplv-g9dfdl17fc-origin-image.image,2026/8/6,内容场占比低,高GPM,21,273,,https://shop.tiktok.com/view/product/1729881526304480192?region=GB&locale=en,14.6,"White,Mixed colors,Black","XXL,M,L,XL,S"
近14天新品,GB,1729885056694786221,S260801021278,ZIZI Sweater,大码女装,女士针织衫,4.1,https://p16-she-va.ibyteimg.com/tos-alisg-i-f7lenjegsh-sg/4eef8d46f20d4f5587c8892c0a9e5f8c~tplv-g9dfdl17fc-origin-image.image,2026/8/10,内容场占比低,高GPM,59,274,,https://shop.tiktok.com/view/product/1729885056694786221?region=GB&locale=en,14.6,"Black,Pink,Apricot","2XL,3XL,4XL,1XL"
近14天新品,GB,1729886844264946138,S260804034364,Baillin Dress,标码女装,女士套装及西服,4.8,https://p16-she-va.ibyteimg.com/tos-alisg-i-f7lenjegsh-sg/0911d3eb4fd241c38f5b22d0b419289c~tplv-g9dfdl17fc-origin-image.image,2026/8/4,内容场占比低,,1198,275,,https://shop.tiktok.com/view/product/1729886844264946138?region=GB&locale=en,14.6,"Pink-gray stripe,Black,Yellow","S,L,M,XL"
近14天新品,US,1732521900023583683,S260723002355,LexiChic,标码女装,女士下装,Null,https://p16-she-va.ibyteimg.com/tos-alisg-i-f7lenjegsh-sg/a1e7b33cdd964617b53b8464427fa3fc~tplv-g9dfdl17fc-origin-image.image,2026/8/5,内容场占比低,高GPM,19,443,,https://shop.tiktok.com/view/product/1732521900023583683?region=US&locale=en,14.6,Black,"M,S,L,XL"
近14天新品,US,1732537390019023614,S260731015437,Beyond Nova,标码女装,女士下装,4.3,https://p16-she-va.ibyteimg.com/tos-alisg-i-f7lenjegsh-sg/420f0c3659864bb4910e81f4078992ef~tplv-g9dfdl17fc-origin-image.image,2026/8/6,内容场占比低,高GPM,106656,444,,https://shop.tiktok.com/view/product/1732537390019023614?region=US&locale=en,14.5,"Huang Shuizhi,Maple leaf,Pink,White,Black,gray tree branches,Pink branches","M,S,XL,L"
近14天新品,US,1732537435843956888,S260806027609,Oohneed,标码女装,女士套装及西服,4.1,https://p16-she-va.ibyteimg.com/tos-alisg-i-f7lenjegsh-sg/d1bc65e17fdb4d99aa0a91f39046cc41~tplv-g9dfdl17fc-origin-image.image,2026/8/11,内容场占比低,高GPM,39,445,,https://shop.tiktok.com/view/product/1732537435843956888?region=US&locale=en,12.1,Purple,"M,S,XS,L"
近14天新品,GB,1729886784084744588,S260804032062,Hafizah modest,标码女装,女士穆斯林服饰,Null,https://p16-she-va.ibyteimg.com/tos-alisg-i-f7lenjegsh-sg/c752cf4bfb4949fabc9b4ea8389e4ddd~tplv-g9dfdl17fc-origin-image.image,2026/8/7,内容场占比低,,23,276,,https://shop.tiktok.com/view/product/1729886784084744588?region=GB&locale=en,14.5,Black,"XXL,L,XL,S,M"
近14天新品,US,1732516049454928661,S260727020764,AOMR,标码女装,女士针织衫,4.4,https://p16-she-va.ibyteimg.com/tos-alisg-i-f7lenjegsh-sg/680ae759655c4bd2b6129064f2d83b51~tplv-g9dfdl17fc-origin-image.image,2026/8/4,内容场占比低,高GPM,14,446,,https://shop.tiktok.com/view/product/1732516049454928661?region=US&locale=en,14.4,Khaki,"M,S,L"
近14天新品,US,1732516415775478549,S260727025960,AOMR,标码女装,女士下装,4.4,https://p16-she-va.ibyteimg.com/tos-alisg-i-f7lenjegsh-sg/d7bb855ae67347c9ac9d1317f55d69aa~tplv-g9dfdl17fc-origin-image.image,2026/8/4,内容场占比低,,14,447,,https://shop.tiktok.com/view/product/1732516415775478549?region=US&locale=en,7.2,Black,"M,S,L"
近14天新品,MX,1736868256846284017,S260803030566,Miss Zone,大码女装,女士套装及西服,4.7,https://p16-she-va.ibyteimg.com/tos-alisg-i-f7lenjegsh-sg/69e64dd5babe4da984603d89700991b7~tplv-g9dfdl17fc-origin-image.image,2026/8/4,内容场占比低,,113,65,,https://shop.tiktok.com/view/product/1736868256846284017?region=MX&locale=en,14.4,"White,Black","2XL,1XL,4XL,0XL,3XL"
近14天新品,US,1732532807133794452,S260804028704,Chic Tech Smart Wear,标码女装,女士针织衫,Null,https://p16-she-va.ibyteimg.com/tos-alisg-i-f7lenjegsh-sg/3175c24869564457a00283339653a29d~tplv-g9dfdl17fc-origin-image.image,2026/8/4,,,999,448,,https://shop.tiktok.com/view/product/1732532807133794452?region=US&locale=en,14.4,"Pink,White","M,S,XL,L,XS"
近14天新品,US,1732531743527375356,S260731009425,Hi anan,标码女装,女士针织衫,4.2,https://p16-she-va.ibyteimg.com/tos-alisg-i-f7lenjegsh-sg/251bfa7f708b42428784a54000c3b0f2~tplv-g9dfdl17fc-origin-image.image,2026/8/10,内容场占比低,高GPM,27,449,,https://shop.tiktok.com/view/product/1732531743527375356?region=US&locale=en,14.4,Multi-color,"M,S,L,XL"
近14天新品,US,1732539796852805714,S260807029087,Chic Tops& Skirts,标码女装,女士下装,Null,https://p16-she-va.ibyteimg.com/tos-alisg-i-f7lenjegsh-sg/ccc43359357e43278bfc93965c1ee36c~tplv-g9dfdl17fc-origin-image.image,2026/8/8,内容场占比低,高GPM,2500,450,,https://shop.tiktok.com/view/product/1732539796852805714?region=US&locale=en,14.4,Black,"M,S,XL,L,XXL"
近14天新品,US,1732527919334527373,S260730031079,Rusttydustty Curve,大码女装,女士连衣裙,4.8,https://p16-she-va.ibyteimg.com/tos-alisg-i-f7lenjegsh-sg/40e255b3ed194549831815e170ffc9dc~tplv-g9dfdl17fc-origin-image.image,2026/8/5,内容场占比低,,49,451,,https://shop.tiktok.com/view/product/1732527919334527373?region=US&locale=en,14.4,"Orange,Blue","4XL,1XL,0XL,3XL,2XL"
近14天新品,MX,1736933075753338097,S260807037281,Miss Zone,大码女装,女士下装,4.7,https://p16-she-va.ibyteimg.com/tos-alisg-i-f7lenjegsh-sg/f2b47e405bda4ebda99df603324d1dcf~tplv-g9dfdl17fc-origin-image.image,2026/8/7,内容场占比低,,63,66,,https://shop.tiktok.com/view/product/1736933075753338097?region=MX&locale=en,14.4,Black,"3XL,2XL,4XL,1XL,0XL"
近14天新品,GB,1729890382488705857,S260807024211,Movve,标码女装,女士下装,4.5,https://p16-she-va.ibyteimg.com/tos-alisg-i-f7lenjegsh-sg/85afae3e86154ecf9206bbc1b16f4a5e~tplv-g9dfdl17fc-origin-image.image,2026/8/7,内容场占比低,,4997,277,,https://shop.tiktok.com/view/product/1729890382488705857?region=GB&locale=en,14.4,Multi-color,"L,XL,XS,S,M"
近14天新品,US,1732534729433584368,S260805011217,Pretty PL,标码女装,女士套装及西服,4.8,https://p16-she-va.ibyteimg.com/tos-alisg-i-f7lenjegsh-sg/7b0cd1f10c094ede92f405ff6d3d90d7~tplv-g9dfdl17fc-origin-image.image,2026/8/5,内容场占比低,高GPM,24974,452,,https://shop.tiktok.com/view/product/1732534729433584368?region=US&locale=en,14.3,"Baby pink,Royal blue,Red,Reed green,Black","M,S,L,XL,XXL"
近14天新品,GB,1729890429124581916,S260807032098,Cozy Noir,标码女装,女士套装及西服,4.4,https://p16-she-va.ibyteimg.com/tos-alisg-i-f7lenjegsh-sg/2b3e8dde0d304a96b1ee10f57ad97156~tplv-g9dfdl17fc-origin-image.image,2026/8/7,内容场占比低,,711103,278,,https://shop.tiktok.com/view/product/1729890429124581916?region=GB&locale=en,14.3,"Black,Gray","XL,M,L,S"
近14天新品,MX,1736702930319148473,S260725001159,Nancy Form,大码女装,女士连衣裙,Null,https://p16-she-va.ibyteimg.com/tos-alisg-i-f7lenjegsh-sg/5a3515eb08b347679c520ea16f9ccbe3~tplv-g9dfdl17fc-origin-image.image,2026/8/10,内容场占比低,高GPM,40,67,,https://shop.tiktok.com/view/product/1736702930319148473?region=MX&locale=en,14.3,"Black,Burgundy","3XL,0XL,2XL,1XL,4XL"
近14天新品,DE,1729880032914086827,S260724011439,"Yiwu MeihuixuClothing Co., LTD",标码女装,女士下装,4.3,https://p16-she-va.ibyteimg.com/tos-alisg-i-f7lenjegsh-sg/1a23f61665fe4c98a56c9024cc9c1103~tplv-g9dfdl17fc-origin-image.image,2026/8/9,内容场占比低,高GPM,18,13,,https://shop.tiktok.com/view/product/1729880032914086827?region=DE&locale=en,14.3,Black,"M,XL,L,S"
近14天新品,US,1732509987672265114,S260722009158,PST pants,标码女装,女士下装,Null,https://p16-she-va.ibyteimg.com/tos-alisg-i-f7lenjegsh-sg/a95d8458b54e4eebaa2d03acf00df2d1~tplv-g9dfdl17fc-origin-image.image,2026/8/3,内容场占比低,高GPM,27,453,,https://shop.tiktok.com/view/product/1732509987672265114?region=US&locale=en,14.3,All Over Print,"M,S,L,XL,XXL"
近14天新品,US,1732533253690200792,S260731033001,HOTAPEI,标码女装,女士针织衫,4.7,https://p16-she-va.ibyteimg.com/tos-alisg-i-f7lenjegsh-sg/c65a8a96e67541b3a1fb476e6fd2c719~tplv-g9dfdl17fc-origin-image.image,2026/8/4,内容场占比低,,70,454,,https://shop.tiktok.com/view/product/1732533253690200792?region=US&locale=en,14.3,Black,"M,S,XL,L"
近14天新品,GB,1729884404515575897,S260730035840,VELYNZA,标码女装,女士下装,Null,https://p16-she-va.ibyteimg.com/tos-alisg-i-f7lenjegsh-sg/ee25fcb63d7441ec888cea113d16ddc3~tplv-g9dfdl17fc-origin-image.image,2026/8/6,内容场占比低,高GPM,19,279,,https://shop.tiktok.com/view/product/1729884404515575897?region=GB&locale=en,14.2,Black,"M,XS,S,L"
近14天新品,US,1732493823102849846,S260715037065,TrendyPlussize,大码女装,女士上装,Null,https://p16-she-va.ibyteimg.com/tos-alisg-i-f7lenjegsh-sg/aa7f69b7526b469eb519a02708ae0efb~tplv-g9dfdl17fc-origin-image.image,2026/8/9,内容场占比低,高GPM,17,455,,https://shop.tiktok.com/view/product/1732493823102849846?region=US&locale=en,14.2,Burgundy,"5XL,4XL,1XL,0XL,3XL,2XL"
近14天新品,GB,1729891296098032151,S260809007941,MYEHBXZ FASHION,标码女装,女士针织衫,Null,https://p16-she-va.ibyteimg.com/tos-alisg-i-f7lenjegsh-sg/44486822389f4499b7acac222cb924d6~tplv-g9dfdl17fc-origin-image.image,2026/8/9,内容场占比低,高GPM,120,280,,https://shop.tiktok.com/view/product/1729891296098032151?region=GB&locale=en,14.2,Coffee brown,"M,XL,L,S"
近14天新品,GB,1729879104287775161,S260723000535,Nancy Form,大码女装,女士连衣裙,4.4,https://p16-she-va.ibyteimg.com/tos-alisg-i-f7lenjegsh-sg/8b935e1f9fd74f2ead5696c58a52b51b~tplv-g9dfdl17fc-origin-image.image,2026/8/3,内容场占比低,高GPM,21,281,,https://shop.tiktok.com/view/product/1729879104287775161?region=GB&locale=en,14.2,Brown,"4XL,3XL,1XL,2XL,0XL"
近14天新品,GB,1729889466263705608,S260806022660,MuVibe,标码女装,女士套装及西服,Null,https://p16-she-va.ibyteimg.com/tos-alisg-i-f7lenjegsh-sg/4c5cbb39765e4e44b2be6312ceb1eb22~tplv-g9dfdl17fc-origin-image.image,2026/8/6,内容场占比低,高GPM,4999,282,,https://shop.tiktok.com/view/product/1729889466263705608?region=GB&locale=en,14.1,"Multicolor6,Multicolor4,Multicolor5,Multicolor2,Multicolor3","XL,M,XXL,L,S"
近14天新品,US,1732531581026013527,S260730019568,FOXCLAW Curve,大码女装,女士针织衫,4,https://p16-she-va.ibyteimg.com/tos-alisg-i-f7lenjegsh-sg/3f25ad818ae547c4a3355c3eeec07cbc~tplv-g9dfdl17fc-origin-image.image,2026/8/7,内容场占比低,,17,456,,https://shop.tiktok.com/view/product/1732531581026013527?region=US&locale=en,14.1,Black,"5XL,4XL,1XL,0XL,3XL,2XL"
近14天新品,GB,1729885537678563808,S260731029231,Gude.Good,标码女装,女士下装,Null,https://p16-she-va.ibyteimg.com/tos-alisg-i-f7lenjegsh-sg/c9ee63a03d8a47839fe1e0daf295763c~tplv-g9dfdl17fc-origin-image.image,2026/8/9,内容场占比低,高GPM,120000,283,,https://shop.tiktok.com/view/product/1729885537678563808?region=GB&locale=en,14,"Black,Beige,Coffee brown","S,XL,L,M"
近14天新品,GB,1729889935313771145,S260806035199,.Home sweet home,大码女装,女士连衣裙,2.8,https://p16-she-va.ibyteimg.com/tos-alisg-i-f7lenjegsh-sg/71b48d805d174576bec96eb3efef7ff6~tplv-g9dfdl17fc-origin-image.image,2026/8/7,内容场占比低,高GPM,969,284,,https://shop.tiktok.com/view/product/1729889935313771145?region=GB&locale=en,14,"Blue,Khaki,Medium wash,Black,White,Pale green,Navy blue,Lime red","2XL,1XL,3XL,4XL,0XL,5XL"
近14天新品,US,1732537679004734387,S260731018888,Joy happy Fashion,标码女装,女士下装,Null,https://p16-she-va.ibyteimg.com/tos-alisg-i-f7lenjegsh-sg/f525b267daf7485bb85fffe96b3a94cf~tplv-g9dfdl17fc-origin-image.image,2026/8/6,内容场占比低,,10999,457,,https://shop.tiktok.com/view/product/1732537679004734387?region=US&locale=en,14,"Gray 2,Black 1,Black 6,Multi-color,Gray,Gray 4,Black,Gray 5,Gray 3,Black 2,Blue","M,S,L,XS,XL"
近14天新品,GB,1729885790789146793,S260803004889,ANMYR,大码女装,女士上装,4.5,https://p16-she-va.ibyteimg.com/tos-alisg-i-f7lenjegsh-sg/f5e492ffa0ae446b896c62e391749e2a~tplv-g9dfdl17fc-origin-image.image,2026/8/3,内容场占比低,高GPM,2400,285,,https://shop.tiktok.com/view/product/1729885790789146793?region=GB&locale=en,14,"Blue,Reddish orange","5XL,2XL,6XL,1XL,4XL,3XL"
近14天新品,MX,1736983830044509976,S260810029643,Elara Apparel Wear,标码女装,女士套装及西服,Null,https://p16-she-va.ibyteimg.com/tos-alisg-i-f7lenjegsh-sg/6c996236a8a4449fa654454a6fc3b878~tplv-g9dfdl17fc-origin-image.image,2026/8/11,内容场占比低,,9999,68,,https://shop.tiktok.com/view/product/1736983830044509976?region=MX&locale=en,11.6,"Stripe,Multi-color","M,L,XL,XS,S"
近14天新品,US,1732532626354508542,S260804014965,Beyond Nova,标码女装,女士套装及西服,4.3,https://p16-she-va.ibyteimg.com/tos-alisg-i-f7lenjegsh-sg/739f1a2e39384d04a8b76808e64cedf0~tplv-g9dfdl17fc-origin-image.image,2026/8/4,内容场占比低,高GPM,106655,458,,https://shop.tiktok.com/view/product/1732532626354508542?region=US&locale=en,13.9,"Pink,White,Black","M,S,L,XL"
近14天新品,GB,1729890990872959912,S260808026177,Chic Weaves,标码女装,女士针织衫,4.6,https://p16-she-va.ibyteimg.com/tos-alisg-i-f7lenjegsh-sg/50536e16908742799a2482b402abd2a0~tplv-g9dfdl17fc-origin-image.image,2026/8/11,内容场占比低,高GPM,99,286,,https://shop.tiktok.com/view/product/1729890990872959912?region=GB&locale=en,11.6,"Turquoise green,Dark wash,Baby pink,Iron gray,Burgundy","M,S,L,XXL,XL"
近14天新品,GB,1729883915474081971,S260730032719,ZOVINRIA,标码女装,女士针织衫,4.7,https://p16-she-va.ibyteimg.com/tos-alisg-i-f7lenjegsh-sg/9922f61f49a84839bec05b6be326ac87~tplv-g9dfdl17fc-origin-image.image,2026/8/9,内容场占比低,高GPM,35,287,,https://shop.tiktok.com/view/product/1729883915474081971?region=GB&locale=en,13.9,"Coffee color, yellow,Multiple colors","S,L,M"
近14天新品,MX,1736806659657336383,S260731008441,DomieStudio,标码女装,女士下装,Null,https://p16-she-va.ibyteimg.com/tos-alisg-i-f7lenjegsh-sg/33927652ff644d12aa370d9975b538fb~tplv-g9dfdl17fc-origin-image.image,2026/8/7,内容场占比低,高GPM,42,69,,https://shop.tiktok.com/view/product/1736806659657336383?region=MX&locale=en,13.8,Army green,"XS,M,L,XL,S"
近14天新品,US,1732547313281307014,S260808025345,Catch My Breath,标码女装,女士套装及西服,2.9,https://p16-she-va.ibyteimg.com/tos-alisg-i-f7lenjegsh-sg/5d78cf61375d4d3f9e1ad129939c3a46~tplv-g9dfdl17fc-origin-image.image,2026/8/10,内容场占比低,高GPM,1500,459,,https://shop.tiktok.com/view/product/1732547313281307014?region=US&locale=en,11.5,"Burgundy,Pink,Khaki,Hot pink,Red,White,Black,Dark gray,Apricot,Blue","M,S,L,XL,XXL"
近14天新品,US,1732535163546734765,S260803026576,ZIZI Sweater,大码女装,女士针织衫,4,https://p16-she-va.ibyteimg.com/tos-alisg-i-f7lenjegsh-sg/d7ad7f7e8e2a4648b15bbe0b89e252f0~tplv-g9dfdl17fc-origin-image.image,2026/8/8,内容场占比低,高GPM,33,460,,https://shop.tiktok.com/view/product/1732535163546734765?region=US&locale=en,13.8,"Red,White","4XL,1XL,3XL,2XL"
近14天新品,US,1732541605851992338,S260808019233,Hiying,标码女装,女士针织衫,3.5,https://p16-she-va.ibyteimg.com/tos-alisg-i-f7lenjegsh-sg/86a4ced387be48588d3f224c4327a6c9~tplv-g9dfdl17fc-origin-image.image,2026/8/8,内容场占比低,高GPM,13,461,,https://shop.tiktok.com/view/product/1732541605851992338?region=US&locale=en,13.8,Multicolor3,"M,S,L,XL"
近14天新品,GB,1729888520124668300,S260806008002,Hafizah modest,标码女装,女士穆斯林服饰,Null,https://p16-she-va.ibyteimg.com/tos-alisg-i-f7lenjegsh-sg/c28b330c792941c1b40943e2020648a4~tplv-g9dfdl17fc-origin-image.image,2026/8/8,内容场占比低,高GPM,7,288,,https://shop.tiktok.com/view/product/1729888520124668300?region=GB&locale=en,13.8,Brown,one-size
近14天新品,GB,1729892814153423259,S260811035179,Pink Ora,标码女装,女士下装,Null,https://p16-she-va.ibyteimg.com/tos-alisg-i-f7lenjegsh-sg/3ed97b3b86fc44e6ba8313cc94550cc1~tplv-g9dfdl17fc-origin-image.image,2026/8/11,内容场占比低,高GPM,3000,289,,https://shop.tiktok.com/view/product/1729892814153423259?region=GB&locale=en,11.5,"Gray,Black","XL,S,L,XXL,M"
近14天新品,GB,1729887436659923783,S260805010580,Zivien,标码女装,女士套装及西服,Null,https://p16-she-va.ibyteimg.com/tos-alisg-i-f7lenjegsh-sg/9439d7f3ed67478e95d7fd6b47479bb8~tplv-g9dfdl17fc-origin-image.image,2026/8/5,内容场占比低,高GPM,4996,290,,https://shop.tiktok.com/view/product/1729887436659923783?region=GB&locale=en,13.8,"Pink and brown stripes,Blue stripes,Brown stripes,Yellow and blue stripes,Pink stripes,red stripes,Blue-brown stripes,Purple stripes,Coffee stripes,Pink and white stripes","S,L,XL,M,XXL"
近14天新品,US,1732533138000876440,S260804038952,Vogue Knit,标码女装,女士针织衫,3.3,https://p16-she-va.ibyteimg.com/tos-alisg-i-f7lenjegsh-sg/43b32e4269404a378d88eae373895fee~tplv-g9dfdl17fc-origin-image.image,2026/8/9,内容场占比低,,140,462,,https://shop.tiktok.com/view/product/1732533138000876440?region=US&locale=en,13.7,"Fawn brown,Blue","M,S,XL,L,XXL"
近14天新品,GB,1729888606895249998,S260806010447,bboyAlun,大码女装,女士连衣裙,4.1,https://p16-she-va.ibyteimg.com/tos-alisg-i-f7lenjegsh-sg/bd6906eed9e342f7afbecfc6eae53caf~tplv-g9dfdl17fc-origin-image.image,2026/8/6,内容场占比低,高GPM,1000,291,,https://shop.tiktok.com/view/product/1729888606895249998?region=GB&locale=en,13.7,"Green,Brown,Dark Blue,Black","3XL,5XL,4XL,1XL,2XL"
近14天新品,GB,1729883271095556576,S260729028512,Choove,标码女装,女士下装,4.1,https://p16-she-va.ibyteimg.com/tos-alisg-i-f7lenjegsh-sg/d6b57eab7599436cbcf73ea83e6274fb~tplv-g9dfdl17fc-origin-image.image,2026/8/11,内容场占比低,高GPM,162,292,,https://shop.tiktok.com/view/product/1729883271095556576?region=GB&locale=en,11.4,"Khaki,Pink,Navy blue,Burgundy,Coffee brown,Gray,Black","M,L,XXL,XL,S"
近14天新品,US,1732537794771391256,S260806031205,Elara Apparel Wear,标码女装,女士下装,Null,https://p16-she-va.ibyteimg.com/tos-alisg-i-f7lenjegsh-sg/ca35867301cc44c3ada3e13ded18d242~tplv-g9dfdl17fc-origin-image.image,2026/8/6,内容场占比低,,19999,463,,https://shop.tiktok.com/view/product/1732537794771391256?region=US&locale=en,13.7,"Stripe,White,Black,light leopard print","M,S,XS,XL,L"
近14天新品,US,1732521714955030601,S260728010257,Easy Buy Relax,大码女装,女士下装,4.8,https://p16-she-va.ibyteimg.com/tos-alisg-i-f7lenjegsh-sg/e26c4692102b4f6ba45f8fd75271ba15~tplv-g9dfdl17fc-origin-image.image,2026/8/5,内容场占比低,,34,464,,https://shop.tiktok.com/view/product/1732521714955030601?region=US&locale=en,13.7,Coffee brown,"4XL,1XL,0XL,3XL,2XL"
近14天新品,US,1732528236123885893,S260802012172,YouAnnn,标码女装,女士针织衫,4.1,https://p16-she-va.ibyteimg.com/tos-alisg-i-f7lenjegsh-sg/4763a0e9922740979bbcd9e98c76846f~tplv-g9dfdl17fc-origin-image.image,2026/8/4,内容场占比低,,67,465,,https://shop.tiktok.com/view/product/1732528236123885893?region=US&locale=en,13.6,Beige,"M,S,XL,L,XXL"
近14天新品,US,1732534206245474431,S260805002041,Ilya costume,标码女装,女士套装及西服,4.1,https://p16-she-va.ibyteimg.com/tos-alisg-i-f7lenjegsh-sg/0fdb8ad346ed447a9d2fec381177ff0e~tplv-g9dfdl17fc-origin-image.image,2026/8/8,内容场占比低,,20,466,,https://shop.tiktok.com/view/product/1732534206245474431?region=US&locale=en,13.6,Hot pink,"M,S,XS,L"
近14天新品,US,1732534552294691544,S260731030384,HOTAPEI,标码女装,女士针织衫,4.7,https://p16-she-va.ibyteimg.com/tos-alisg-i-f7lenjegsh-sg/97ce582e1cf7408784177e4640719252~tplv-g9dfdl17fc-origin-image.image,2026/8/5,内容场占比低,高GPM,149,467,,https://shop.tiktok.com/view/product/1732534552294691544?region=US&locale=en,13.6,Orange,"M,S,XL,L"
近14天新品,GB,1729887545537632981,S260805009026,Ribbon & Rouge,大码女装,连体衣,Null,https://p16-she-va.ibyteimg.com/tos-alisg-i-f7lenjegsh-sg/1f936d97ccd64b258a1e5df7944cc7af~tplv-g9dfdl17fc-origin-image.image,2026/8/5,内容场占比低,高GPM,8887,293,,https://shop.tiktok.com/view/product/1729887545537632981?region=GB&locale=en,13.6,"White,Black","3XL,0XL,1XL,2XL"
近14天新品,GB,1729891597283400329,S260810001051,.Home sweet home,大码女装,女士连衣裙,2.8,https://p16-she-va.ibyteimg.com/tos-alisg-i-f7lenjegsh-sg/b8ac370d0da346ebbe880a2b71a16485~tplv-g9dfdl17fc-origin-image.image,2026/8/10,内容场占比低,高GPM,257,294,,https://shop.tiktok.com/view/product/1729891597283400329?region=GB&locale=en,13.6,"Navy blue,Black,Pink,Dark blue","4XL,2XL,1XL,3XL,0XL"
近14天新品,GB,1729884362585053791,S260731015526,Xinyou Clothing,标码女装,女士下装,4.1,https://p16-she-va.ibyteimg.com/tos-alisg-i-f7lenjegsh-sg/466114b5d1834656af18cd84eddcc7f5~tplv-g9dfdl17fc-origin-image.image,2026/8/10,内容场占比低,高GPM,15,295,,https://shop.tiktok.com/view/product/1729884362585053791?region=GB&locale=en,13.5,Black,"XXL,XL,S,M,L"
近14天新品,GB,1729885274174560604,S260801021614,Zhichn Clthing,标码女装,女士针织衫,4.6,https://p16-she-va.ibyteimg.com/tos-alisg-i-f7lenjegsh-sg/d378148039e744f5bb591c787abb5ffa~tplv-g9dfdl17fc-origin-image.image,2026/8/4,内容场占比低,高GPM,1663,296,,https://shop.tiktok.com/view/product/1729885274174560604?region=GB&locale=en,13.5,"Pine green,Coffee brown,Mulberry,Violet,Black,Brown,Coral pink,Burgundy,Cream,Apricot,Dark Blue,Yellow","L,S,M"
近14天新品,IT,1729884516396210519,S260731013362,FOXCLAW Curve,大码女装,女士上装,4.2,https://p16-she-va.ibyteimg.com/tos-alisg-i-f7lenjegsh-sg/1a0fc26e9ef04710abb58ac0fea5335d~tplv-g9dfdl17fc-origin-image.image,2026/8/8,内容场占比低,高GPM,87,5,,https://shop.tiktok.com/view/product/1729884516396210519?region=DE&locale=en,13.5,"Army green,White,Black","1XL,4XL,3XL,5XL,2XL"
近14天新品,GB,1729865869642799409,S260702020367,Sweater Weather Co.,标码女装,女士针织衫,Null,https://p16-she-va.ibyteimg.com/tos-alisg-i-f7lenjegsh-sg/200a1764176f46a69c3d009748f79ced~tplv-g9dfdl17fc-origin-image.image,2026/8/6,内容场占比低,高GPM,19,297,,https://shop.tiktok.com/view/product/1729865869642799409?region=GB&locale=en,13.5,Dark khaki color,"M,S,L,XL"
近14天新品,GB,1729867398976542768,S260706021380,Eastoon Stars,标码女装,女士下装,4,https://p16-she-va.ibyteimg.com/tos-alisg-i-f7lenjegsh-sg/956562b142374099a660f2b4e001083d~tplv-g9dfdl17fc-origin-image.image,2026/8/4,内容场占比低,高GPM,73,298,,https://shop.tiktok.com/view/product/1729867398976542768?region=GB&locale=en,13.4,"Black,Khaki,Coffee brown","L,XS,S,XL,M"
近14天新品,US,1732495707091407428,S260716037123,FANTASHE.Shop,标码女装,女士套装及西服,Null,https://p16-she-va.ibyteimg.com/tos-alisg-i-f7lenjegsh-sg/feba7b0b84924f3b8356ed3ebd7a6f65~tplv-g9dfdl17fc-origin-image.image,2026/8/3,内容场占比低,,23,468,,https://shop.tiktok.com/view/product/1732495707091407428?region=US&locale=en,13.4,Black,"M,S,XL,L,XXL"
近14天新品,US,1732532910260457494,S260804034371,Vibe LA,标码女装,女士套装及西服,3.6,https://p16-she-va.ibyteimg.com/tos-alisg-i-f7lenjegsh-sg/2bf2e99fde57407ba8b866eed7c295f0~tplv-g9dfdl17fc-origin-image.image,2026/8/4,内容场占比低,,1200,469,,https://shop.tiktok.com/view/product/1732532910260457494?region=US&locale=en,13.4,"Pink,Yellow,Black","M,S,XL,L"
近14天新品,GB,1729880320740793132,S260724033466,Simple Ladies,标码女装,女士下装,4.3,https://p16-she-va.ibyteimg.com/tos-alisg-i-f7lenjegsh-sg/a366af488cae43f79b537794f7d55350~tplv-g9dfdl17fc-origin-image.image,2026/8/3,内容场占比低,高GPM,19,299,,https://shop.tiktok.com/view/product/1729880320740793132?region=GB&locale=en,13.4,Dark brown,"XL,S,L,M"
近14天新品,US,1732527255026569412,S260801028434,FACIO Direct,标码女装,女士针织衫,4.2,https://p16-she-va.ibyteimg.com/tos-alisg-i-f7lenjegsh-sg/182ccc0328ef46efb40990444a2bd46f~tplv-g9dfdl17fc-origin-image.image,2026/8/5,内容场占比低,,11,470,,https://shop.tiktok.com/view/product/1732527255026569412?region=US&locale=en,13.4,Pink,"M,S,L"
近14天新品,GB,1729885619872241712,S260803002341,Eastoon Stars,标码女装,女士下装,4,https://p16-she-va.ibyteimg.com/tos-alisg-i-f7lenjegsh-sg/d140ca32df8e4ca985705511e3ff4a0a~tplv-g9dfdl17fc-origin-image.image,2026/8/3,内容场占比低,,997,300,,https://shop.tiktok.com/view/product/1729885619872241712?region=GB&locale=en,13.4,"Coffee brown,Khaki,Black,White","L,S,XS,M,XL"
近14天新品,GB,1729886698141030569,S260804013004,ANMYR,大码女装,女士上装,4.5,https://p16-she-va.ibyteimg.com/tos-alisg-i-f7lenjegsh-sg/ec014d5c3d454c76af2096c60e387150~tplv-g9dfdl17fc-origin-image.image,2026/8/4,内容场占比低,,3593,301,,https://shop.tiktok.com/view/product/1729886698141030569?region=GB&locale=en,13.4,"Dark blue,Sky blue,Yellow","3XL,2XL,4XL,6XL,5XL,1XL"
近14天新品,US,1732535078784832418,S260805030187,BaiYiBS,大码女装,女士上装,3,https://p16-she-va.ibyteimg.com/tos-alisg-i-f7lenjegsh-sg/1f6c3b068075491c9e2f68f71be0fab1~tplv-g9dfdl17fc-origin-image.image,2026/8/5,内容场占比低,高GPM,540,471,,https://shop.tiktok.com/view/product/1732535078784832418?region=US&locale=en,13.4,"Burgundy,Blue,Green","5XL,4XL,1XL,0XL,3XL,2XL"
近14天新品,US,1732495238396809559,S260716016528,FOXCLAW Curve,大码女装,女士下装,4,https://p16-she-va.ibyteimg.com/tos-alisg-i-f7lenjegsh-sg/1841f66a58ee43f682ceae8c99ff221b~tplv-g9dfdl17fc-origin-image.image,2026/8/11,内容场占比低,高GPM,34,472,,https://shop.tiktok.com/view/product/1732495238396809559?region=US&locale=en,11.1,Brown,"5XL,4XL,1XL,3XL,2XL"
近14天新品,US,1732541367712780941,S260808009856,Gold Full,标码女装,女士套装及西服,2.7,https://p16-she-va.ibyteimg.com/tos-alisg-i-f7lenjegsh-sg/ca9d0825bf9740d4901c4c15c3863ea0~tplv-g9dfdl17fc-origin-image.image,2026/8/8,内容场占比低,,300,473,,https://shop.tiktok.com/view/product/1732541367712780941?region=US&locale=en,13.3,"Yellow,Black,Dark gray","M,S,XL,L,XXL"
近14天新品,US,1732528250380980659,S260802012056,XHJEANS,大码女装,牛仔,Null,https://p16-she-va.ibyteimg.com/tos-alisg-i-f7lenjegsh-sg/3c8f561a75d64a21a3e2e6eadc121f46~tplv-g9dfdl17fc-origin-image.image,2026/8/4,内容场占比低,,34,474,,https://shop.tiktok.com/view/product/1732528250380980659?region=US&locale=en,13.3,Fawn brown,"4XL,1XL,0XL,3XL,2XL"
近14天新品,MX,1736870254893106543,S260803035069,Dulcette fashion,标码女装,女士下装,Null,https://p16-she-va.ibyteimg.com/tos-alisg-i-f7lenjegsh-sg/916138a892ee487ab7d78dbce28de3da~tplv-g9dfdl17fc-origin-image.image,2026/8/12,内容场占比低,高GPM,79,70,,https://shop.tiktok.com/view/product/1736870254893106543?region=MX&locale=en,8.9,"White,Coffee brown,Apricot","L,XL,S,M"
近14天新品,US,1732508511057712106,S260723022522,Shine Coral,标码女装,女士套装及西服,3.8,https://p16-she-va.ibyteimg.com/tos-alisg-i-f7lenjegsh-sg/4bf1735a0f194ff5b9509ec1f9581066~tplv-g9dfdl17fc-origin-image.image,2026/8/8,内容场占比低,,19,475,,https://shop.tiktok.com/view/product/1732508511057712106?region=US&locale=en,13.3,Cream,"M,S,L,XL"
近14天新品,US,1732538715052151521,S260807012053,Stitch Feed,标码女装,女士针织衫,Null,https://p16-she-va.ibyteimg.com/tos-alisg-i-f7lenjegsh-sg/214460aee8d2410ebf68bc33a6ef1d54~tplv-g9dfdl17fc-origin-image.image,2026/8/7,内容场占比低,高GPM,120,476,,https://shop.tiktok.com/view/product/1732538715052151521?region=US&locale=en,13.3,"Yellow,Blue","M,S,L"
近14天新品,US,1732506066960683351,S260722017179,FOXCLAW Curve,大码女装,女士上装,4,https://p16-she-va.ibyteimg.com/tos-alisg-i-f7lenjegsh-sg/081d97c2116d4a9eb7f8db2e382f1e2f~tplv-g9dfdl17fc-origin-image.image,2026/8/6,内容场占比低,高GPM,34,477,,https://shop.tiktok.com/view/product/1732506066960683351?region=US&locale=en,13.3,Apricot,"5XL,4XL,1XL,3XL,2XL"
近14天新品,US,1732515659321151543,S260724016199,Asvivid Hub,标码女装,女士针织衫,Null,https://p16-she-va.ibyteimg.com/tos-alisg-i-f7lenjegsh-sg/720653a83e7041e6a713463c76bc4025~tplv-g9dfdl17fc-origin-image.image,2026/8/3,内容场占比低,,120,478,,https://shop.tiktok.com/view/product/1732515659321151543?region=US&locale=en,13.2,Light green,"M,S,L,XL"
近14天新品,GB,1729886539996371511,S260803011796,Mia Girl,标码女装,女士下装,3.7,https://p16-she-va.ibyteimg.com/tos-alisg-i-f7lenjegsh-sg/c3e67ea3b2f7427a8862abe5e29aa5ac~tplv-g9dfdl17fc-origin-image.image,2026/8/4,内容场占比低,高GPM,142208,302,,https://shop.tiktok.com/view/product/1729886539996371511?region=GB&locale=en,13.2,"Multicolor3,Pink,Multi-color,Black,Gray,Multicolor2,White,Multicolor1","M,XL,L,S"
近14天新品,US,1732511866418794652,S260724008070,Muslin Garments,标码女装,女士穆斯林服饰,4.6,https://p16-she-va.ibyteimg.com/tos-alisg-i-f7lenjegsh-sg/0e59d374ea0c4572a2aa5d1bf521db3f~tplv-g9dfdl17fc-origin-image.image,2026/8/6,内容场占比低,,9,479,,https://shop.tiktok.com/view/product/1732511866418794652?region=US&locale=en,13.2,Multicolor11,one-size
近14天新品,US,1732534722210468468,S260805011033,Demi Wear,标码女装,女士下装,Null,https://p16-she-va.ibyteimg.com/tos-alisg-i-f7lenjegsh-sg/426c156432224aaab0942c819826c9a9~tplv-g9dfdl17fc-origin-image.image,2026/8/7,,,46,480,,https://shop.tiktok.com/view/product/1732534722210468468?region=US&locale=en,13.2,Fawn brown,"M,S,XL,XS,L"
近14天新品,FR,1729886259073489019,S260803035361,ROVELA Clothing,标码女装,女士下装,4.9,https://p16-she-va.ibyteimg.com/tos-alisg-i-f7lenjegsh-sg/9ff1ead4336545da93ef75531297db90~tplv-g9dfdl17fc-origin-image.image,2026/8/6,内容场占比低,高GPM,205,20,,https://shop.tiktok.com/view/product/1729886259073489019?region=DE&locale=en,13.2,"Orange,Black,Khaki,Light blue,Mauve purple,Blue","XL,L,M,XXL,S"
近14天新品,US,1732538738809933873,S260807002795,ComfyLane,标码女装,女士下装,Null,https://p16-she-va.ibyteimg.com/tos-alisg-i-f7lenjegsh-sg/6e37e6c022ca4ea89e81ce68360509f3~tplv-g9dfdl17fc-origin-image.image,2026/8/7,内容场占比低,高GPM,2500,481,,https://shop.tiktok.com/view/product/1732538738809933873?region=US&locale=en,13.2,Olive brown,"M,S,XL,L,XXL"
近14天新品,US,1732447416425418901,S260617026906,Sanuuchic,标码女装,女士套装及西服,4.3,https://p16-she-va.ibyteimg.com/tos-alisg-i-f7lenjegsh-sg/9430a1a1dc1d44a4bf12bf0577e6cdce~tplv-g9dfdl17fc-origin-image.image,2026/8/5,内容场占比低,,1,482,,https://shop.tiktok.com/view/product/1732447416425418901?region=US&locale=en,13.1,Khaki,"M,S,XL,L"
近14天新品,GB,1729880635600968023,S260724028272,FOXCLAW Curve,大码女装,女士上装,4.3,https://p16-she-va.ibyteimg.com/tos-alisg-i-f7lenjegsh-sg/fcfe8d655ed24ecf82c74ac194698de2~tplv-g9dfdl17fc-origin-image.image,2026/8/6,内容场占比低,,29,303,,https://shop.tiktok.com/view/product/1729880635600968023?region=GB&locale=en,13.1,Apricot,"1XL,5XL,4XL,3XL,2XL"
近14天新品,US,1732533009770254781,S260804026284,Jascent,标码女装,女士套装及西服,4,https://p16-she-va.ibyteimg.com/tos-alisg-i-f7lenjegsh-sg/04659ff4f7344965bdab246235973265~tplv-g9dfdl17fc-origin-image.image,2026/8/4,内容场占比低,,499,483,,https://shop.tiktok.com/view/product/1732533009770254781?region=US&locale=en,13.1,Stripe,"M,S,XL,L,XXL"
近14天新品,US,1732548987711885830,S260811028296,Lira Select,标码女装,女士下装,Null,https://p16-she-va.ibyteimg.com/tos-alisg-i-f7lenjegsh-sg/8538b5b762794a8daf875eb73a11f2ed~tplv-g9dfdl17fc-origin-image.image,2026/8/11,内容场占比低,高GPM,150000,484,,https://shop.tiktok.com/view/product/1732548987711885830?region=US&locale=en,10.9,"Green,Coffee brown,Light green,Army green,Lemon yellow,Gray,White,Black,Burgundy","M,XXXL,S,XL,L,XXL"
近14天新品,US,1732480497544761740,S260708034136,Hafizah Muslim,标码女装,女士穆斯林服饰,4.3,https://p16-she-va.ibyteimg.com/tos-alisg-i-f7lenjegsh-sg/f9a9d65c859041faa35bddee59f60657~tplv-g9dfdl17fc-origin-image.image,2026/8/7,内容场占比低,高GPM,24,485,,https://shop.tiktok.com/view/product/1732480497544761740?region=US&locale=en,13,Black,"M,S,L,XL,XXL"
近14天新品,US,1732535099176424389,S260805030278,JNUIYOA,大码女装,女士针织衫,4.6,https://p16-she-va.ibyteimg.com/tos-alisg-i-f7lenjegsh-sg/72f1ec617a7e42f18d5aa0786c3bc346~tplv-g9dfdl17fc-origin-image.image,2026/8/5,内容场占比低,,1915,486,,https://shop.tiktok.com/view/product/1732535099176424389?region=US&locale=en,13,"Khaki,Dark Gray,Red,Gray,Black,Light wash,Reddish Purple,Dark wash,Green,Coffee brown,Purple,Pink,Hot pink,Yellow,White,Burgundy","4XL,1XL,3XL,2XL"
近14天新品,GB,1729889237159221694,S260806031016,Trendy Chic Budget,标码女装,女士下装,4.4,https://p16-she-va.ibyteimg.com/tos-alisg-i-f7lenjegsh-sg/e3c9e61555f0494e8aa6a28e901f4328~tplv-g9dfdl17fc-origin-image.image,2026/8/6,内容场占比低,,4999,304,,https://shop.tiktok.com/view/product/1729889237159221694?region=GB&locale=en,13,Multi-color,"S,XS,L,XL,M"
近14天新品,GB,1729886935309916887,S260804004903,Coveira Mode,大码女装,女士上装,4.4,https://p16-she-va.ibyteimg.com/tos-alisg-i-f7lenjegsh-sg/2aad717932dc42f78ab205ed07b29a97~tplv-g9dfdl17fc-origin-image.image,2026/8/4,内容场占比低,高GPM,149,305,,https://shop.tiktok.com/view/product/1729886935309916887?region=GB&locale=en,13,Black,"3XL,0XL,2XL,1XL,4XL"
近14天新品,US,1732523941249912875,S260731001200,Yinos Fashion3,标码女装,女士下装,Null,https://p16-she-va.ibyteimg.com/tos-alisg-i-f7lenjegsh-sg/fe39a5fff9fb439c8038837219281d27~tplv-g9dfdl17fc-origin-image.image,2026/8/3,内容场占比低,,19,487,,https://shop.tiktok.com/view/product/1732523941249912875?region=US&locale=en,12.9,Apricot,"M,S,L,XL"
近14天新品,GB,1729886839611430961,S260804008198,ComfyLane,标码女装,女士下装,Null,https://p16-she-va.ibyteimg.com/tos-alisg-i-f7lenjegsh-sg/a7f0b02e373a4e2dbb36bc3ee5fc1050~tplv-g9dfdl17fc-origin-image.image,2026/8/4,内容场占比低,高GPM,2499,306,,https://shop.tiktok.com/view/product/1729886839611430961?region=GB&locale=en,12.9,Daffodil yellow,"XXL,L,M,XL,S"
近14天新品,US,1732525179260277216,S260731016595,Uedfeated,标码女装,女士下装,3.9,https://p16-she-va.ibyteimg.com/tos-alisg-i-f7lenjegsh-sg/db96625f48e04be3ba9a3cefb9064ff3~tplv-g9dfdl17fc-origin-image.image,2026/8/3,内容场占比低,,15999,488,,https://shop.tiktok.com/view/product/1732525179260277216?region=US&locale=en,12.9,"Coffee brown,Black,Copper brown,Burgundy","M,S,L,XL"
近14天新品,GB,1729886564403812742,S260804004906,Catch My Breath,大码女装,女士上装,4,https://p16-she-va.ibyteimg.com/tos-alisg-i-f7lenjegsh-sg/b21e6273989f42f894d075f5da668fd1~tplv-g9dfdl17fc-origin-image.image,2026/8/4,内容场占比低,高GPM,150,307,,https://shop.tiktok.com/view/product/1729886564403812742?region=GB&locale=en,12.9,Black,"4XL,0XL,3XL,2XL,1XL"
近14天新品,US,1732533565581988523,S260803026687,Rapwriter,标码女装,女士套装及西服,4.8,https://p16-she-va.ibyteimg.com/tos-alisg-i-f7lenjegsh-sg/cd425c4c127e46bab13d26314da77b0c~tplv-g9dfdl17fc-origin-image.image,2026/8/6,内容场占比低,,29,489,,https://shop.tiktok.com/view/product/1732533565581988523?region=US&locale=en,12.9,"Light blue,Army green","M,S,L"
近14天新品,GB,1729887295003073481,S260803016932,Verve Fashion,标码女装,女士套装及西服,4.8,https://p16-she-va.ibyteimg.com/tos-alisg-i-f7lenjegsh-sg/7e6476c5d4d442d1b051d978aee28b82~tplv-g9dfdl17fc-origin-image.image,2026/8/5,内容场占比低,高GPM,74997,308,,https://shop.tiktok.com/view/product/1729887295003073481?region=GB&locale=en,12.9,"Black,Dark gray,Mint green,Apricot,Army green,Red,Pink,Purple,Yellow,Silver,Light green,Light wash,White,Brown,Hot pink","L,M,S,XXL,XL"
近14天新品,US,1732548874413314289,S260811020835,Miss Zone,大码女装,女士套装及西服,3.6,https://p16-she-va.ibyteimg.com/tos-alisg-i-f7lenjegsh-sg/f477bc1d82d94d1aba497e6c807f0e25~tplv-g9dfdl17fc-origin-image.image,2026/8/11,内容场占比低,,107,490,,https://shop.tiktok.com/view/product/1732548874413314289?region=US&locale=en,10.7,"White,Black","4XL,1XL,0XL,3XL,2XL"
近14天新品,US,1732533335512289691,S260730034788,Pink Ora,标码女装,女士下装,Null,https://p16-she-va.ibyteimg.com/tos-alisg-i-f7lenjegsh-sg/832dd7ec5aa54e69b35c8e20e41ca50e~tplv-g9dfdl17fc-origin-image.image,2026/8/4,内容场占比低,高GPM,2999,491,,https://shop.tiktok.com/view/product/1732533335512289691?region=US&locale=en,12.9,"Multi-color,Multicolor1","M,S,L,XL,XXL"
近14天新品,US,1732533216709546969,S260804013901,Beautiful Nomad,标码女装,女士针织衫,3,https://p16-she-va.ibyteimg.com/tos-alisg-i-f7lenjegsh-sg/ff94499c297e4ddeaab8bbe9df563ef3~tplv-g9dfdl17fc-origin-image.image,2026/8/8,内容场占比低,高GPM,13,492,,https://shop.tiktok.com/view/product/1732533216709546969?region=US&locale=en,12.8,White,"M,S,L"
近14天新品,US,1732529280610505618,S260729028301,DailySlack,标码女装,女士下装,Null,https://p16-she-va.ibyteimg.com/tos-alisg-i-f7lenjegsh-sg/03e092b25a164604ac680c26c67106d5~tplv-g9dfdl17fc-origin-image.image,2026/8/6,内容场占比低,,33,493,,https://shop.tiktok.com/view/product/1732529280610505618?region=US&locale=en,12.8,Black,"M,S,L,XL,XXL"
近14天新品,US,1732531715772945286,S260803009568,Trendy Chic Bows,标码女装,女士下装,3.3,https://p16-she-va.ibyteimg.com/tos-alisg-i-f7lenjegsh-sg/b7a180da0d424a7c980de2640d6955af~tplv-g9dfdl17fc-origin-image.image,2026/8/4,内容场占比低,高GPM,999,494,,https://shop.tiktok.com/view/product/1732531715772945286?region=US&locale=en,12.8,"Multicolor2,Multicolor1","M,S,XS,L,XL"
近14天新品,GB,1729887461371583216,S260805010882,Pretty PL,标码女装,女士套装及西服,4.3,https://p16-she-va.ibyteimg.com/tos-alisg-i-f7lenjegsh-sg/d2aa1e91a2c74106a89f9fa2f4f8c0e2~tplv-g9dfdl17fc-origin-image.image,2026/8/5,内容场占比低,高GPM,24975,309,,https://shop.tiktok.com/view/product/1729887461371583216?region=GB&locale=en,12.8,"Red,Reed green,Black,Baby pink,Royal blue","XXL,XL,M,S,L"
近14天新品,GB,1729885823998597123,S260803008328,Eyvonne,标码女装,女士针织衫,4.8,https://p16-she-va.ibyteimg.com/tos-alisg-i-f7lenjegsh-sg/e9abcff3e13c40d0a21667c0d2f9e360~tplv-g9dfdl17fc-origin-image.image,2026/8/3,内容场占比低,,59,310,,https://shop.tiktok.com/view/product/1729885823998597123?region=GB&locale=en,12.8,Khaki,"L,M,S,XL"
近14天新品,MX,1736638011508688313,S260721019788,Nancy Form,大码女装,女士上装,Null,https://p16-she-va.ibyteimg.com/tos-alisg-i-f7lenjegsh-sg/61073bab07b648af86b0f37d69206426~tplv-g9dfdl17fc-origin-image.image,2026/8/3,内容场占比低,,39,71,,https://shop.tiktok.com/view/product/1736638011508688313?region=MX&locale=en,12.8,"Copper color,Yellow","2XL,3XL,0XL,1XL,4XL"
近14天新品,GB,1729890306448005845,S260807015405,Ribbon & Rouge,大码女装,女士上装,Null,https://p16-she-va.ibyteimg.com/tos-alisg-i-f7lenjegsh-sg/415c0c1a54a74f19891ea5c81d3a20e3~tplv-g9dfdl17fc-origin-image.image,2026/8/7,内容场占比低,高GPM,5554,311,,https://shop.tiktok.com/view/product/1729890306448005845?region=GB&locale=en,12.7,White,"2XL,0XL,4XL,3XL,1XL"
近14天新品,US,1732522872290513602,S260730025507,Sweater Verse,标码女装,女士针织衫,Null,https://p16-she-va.ibyteimg.com/tos-alisg-i-f7lenjegsh-sg/6a3766fc8ad74d7eaa576cbc7ac42938~tplv-g9dfdl17fc-origin-image.image,2026/8/6,内容场占比低,高GPM,24,495,,https://shop.tiktok.com/view/product/1732522872290513602?region=US&locale=en,12.7,White,"M,S,XL,L,XXL"
近14天新品,GB,1729878380783180119,S260722000113,FOXCLAW Curve,大码女装,女士上装,4.3,https://p16-she-va.ibyteimg.com/tos-alisg-i-f7lenjegsh-sg/62de77e42a6f4bb385bace46ea5d2084~tplv-g9dfdl17fc-origin-image.image,2026/8/5,内容场占比低,,27,312,,https://shop.tiktok.com/view/product/1729878380783180119?region=GB&locale=en,12.7,Khaki,"2XL,3XL,5XL,1XL,4XL"
近14天新品,MX,1736965772454233882,S260810008574,lili clothes,大码女装,女士上装,Null,https://p16-she-va.ibyteimg.com/tos-alisg-i-f7lenjegsh-sg/a0e0dea7c6bf48e7a4a60be0dfb792c0~tplv-g9dfdl17fc-origin-image.image,2026/8/10,内容场占比低,高GPM,5,72,,https://shop.tiktok.com/view/product/1736965772454233882?region=MX&locale=en,12.7,Leopard print,"M,XXL,L,S"
近14天新品,GB,1729884516404140375,S260731013362,FOXCLAW Curve,大码女装,女士上装,4.3,https://p16-she-va.ibyteimg.com/tos-alisg-i-f7lenjegsh-sg/1a0fc26e9ef04710abb58ac0fea5335d~tplv-g9dfdl17fc-origin-image.image,2026/8/8,内容场占比低,,87,313,,https://shop.tiktok.com/view/product/1729884516404140375?region=GB&locale=en,12.7,"Army green,White,Black","1XL,4XL,3XL,5XL,2XL"
近14天新品,GB,1729888028287736255,S260805039046,Chic Value Line,标码女装,女士下装,4.6,https://p16-she-va.ibyteimg.com/tos-alisg-i-f7lenjegsh-sg/2e3172a5016345a7a0533efe9aacc277~tplv-g9dfdl17fc-origin-image.image,2026/8/5,内容场占比低,高GPM,199,314,,https://shop.tiktok.com/view/product/1729888028287736255?region=GB&locale=en,12.7,White,"S,XL,L,M"
近14天新品,GB,1729887030512425226,S260731020715,HoneyBadgercome,标码女装,女士套装及西服,4.7,https://p16-she-va.ibyteimg.com/tos-alisg-i-f7lenjegsh-sg/f597a28fbd8e4fec8f6317597b7909da~tplv-g9dfdl17fc-origin-image.image,2026/8/8,内容场占比低,,17,315,,https://shop.tiktok.com/view/product/1729887030512425226?region=GB&locale=en,12.7,Black,"S,M,L"
近14天新品,GB,1729881769703348664,S260727023967,Hugcitar,标码女装,女士套装及西服,4.8,https://p16-she-va.ibyteimg.com/tos-alisg-i-f7lenjegsh-sg/6691a98eaf774eaf992963fa8c675c7a~tplv-g9dfdl17fc-origin-image.image,2026/8/5,内容场占比低,,19,316,,https://shop.tiktok.com/view/product/1729881769703348664?region=GB&locale=en,12.6,Yellow,"M,S,L"
近14天新品,US,1732539595462709833,S260807016210,JANE DRESSINGLOG,标码女装,女士针织衫,2.9,https://p16-she-va.ibyteimg.com/tos-alisg-i-f7lenjegsh-sg/f137f5ef7f364b13948dc99d0e98cdce~tplv-g9dfdl17fc-origin-image.image,2026/8/7,内容场占比低,高GPM,80,496,,https://shop.tiktok.com/view/product/1732539595462709833?region=US&locale=en,12.6,"Khaki,Army green","M,S,L,XL"
近14天新品,US,1732538805179552701,S260807003984,Artisan Chic Customs,大码女装,女士连衣裙,Null,https://p16-she-va.ibyteimg.com/tos-alisg-i-f7lenjegsh-sg/4188e476ada34dabb70dab9e18ccc366~tplv-g9dfdl17fc-origin-image.image,2026/8/9,内容场占比低,高GPM,67,497,,https://shop.tiktok.com/view/product/1732538805179552701?region=US&locale=en,12.6,"Pink,White,Black,Deep Purple,Mauve purple","5XL,4XL,1XL,3XL,2XL"
近14天新品,US,1732531570012033981,S260731021873,Chic Shorties,大码女装,女士上装,Null,https://p16-she-va.ibyteimg.com/tos-alisg-i-f7lenjegsh-sg/416475bb41a649c0a40a0a3888ba9ac5~tplv-g9dfdl17fc-origin-image.image,2026/8/6,内容场占比低,高GPM,117,498,,https://shop.tiktok.com/view/product/1732531570012033981?region=US&locale=en,6.3,"Hot pink,Rose red,Gray,Black,Apricot,Blue","5XL,4XL,1XL,3XL,2XL"
近14天新品,MX,1736768821523285226,S260728028464,Topbuy Time,标码女装,女士下装,4.4,https://p16-she-va.ibyteimg.com/tos-alisg-i-f7lenjegsh-sg/db2c9615d9204bcb91aaeaefa13c0a76~tplv-g9dfdl17fc-origin-image.image,2026/8/9,内容场占比低,高GPM,34,73,,https://shop.tiktok.com/view/product/1736768821523285226?region=MX&locale=en,12.5,Black,"XS,S,L,M,XL"
近14天新品,MX,1736866117217649966,S260803033325,RaverageCloset,标码女装,女士下装,Null,https://p16-she-va.ibyteimg.com/tos-alisg-i-f7lenjegsh-sg/75701e45e92d4ff098b4eb8a9874a7e2~tplv-g9dfdl17fc-origin-image.image,2026/8/9,内容场占比低,高GPM,39,74,,https://shop.tiktok.com/view/product/1736866117217649966?region=MX&locale=en,12.5,"Red,Black","M,XS,S,L"
近14天新品,GB,1729878202543282519,S260721026538,FOXCLAW Curve,大码女装,女士下装,4.3,https://p16-she-va.ibyteimg.com/tos-alisg-i-f7lenjegsh-sg/3dddbc8854d041fd96d23c73ac22a698~tplv-g9dfdl17fc-origin-image.image,2026/8/3,内容场占比低,,51,317,,https://shop.tiktok.com/view/product/1729878202543282519?region=GB&locale=en,12.4,Multi-color,"3XL,4XL,5XL,2XL,1XL"
近14天新品,GB,1729881502078769331,S260725023387,ZOVINRIA,标码女装,女士针织衫,4.7,https://p16-she-va.ibyteimg.com/tos-alisg-i-f7lenjegsh-sg/d9ac27303b7b4389ba845b0b5dc44272~tplv-g9dfdl17fc-origin-image.image,2026/8/8,内容场占比低,高GPM,66,318,,https://shop.tiktok.com/view/product/1729881502078769331?region=GB&locale=en,12.4,"Brown,Burgundy,Apricot,Gray","S,M,L"
近14天新品,GB,1729885536627169908,S260801016689,Demi Wear,标码女装,女士下装,Null,https://p16-she-va.ibyteimg.com/tos-alisg-i-f7lenjegsh-sg/d9b782393cbe4157ac037fb9051d9705~tplv-g9dfdl17fc-origin-image.image,2026/8/4,内容场占比低,,141,319,,https://shop.tiktok.com/view/product/1729885536627169908?region=GB&locale=en,12.4,"Navy blue,Apricot,Flame red,Dark brown,Burgundy,Black","S,L,M,XS,XL"
近14天新品,GB,1729885415610292549,S260802016121,YouAnnn,标码女装,女士针织衫,4.7,https://p16-she-va.ibyteimg.com/tos-alisg-i-f7lenjegsh-sg/cb48dbfde69b48818e7f67432be148c5~tplv-g9dfdl17fc-origin-image.image,2026/8/8,内容场占比低,高GPM,201,320,,https://shop.tiktok.com/view/product/1729885415610292549?region=GB&locale=en,12.4,"Stone gray,Cream,Green","M,L,S,XL,XXL"
近14天新品,US,1732539720392938305,S260807024211,Movve,标码女装,女士下装,2.8,https://p16-she-va.ibyteimg.com/tos-alisg-i-f7lenjegsh-sg/85afae3e86154ecf9206bbc1b16f4a5e~tplv-g9dfdl17fc-origin-image.image,2026/8/7,内容场占比低,,4997,499,,https://shop.tiktok.com/view/product/1732539720392938305?region=US&locale=en,12.4,Multi-color,"M,S,XL,L,XS"
近14天新品,US,1732510893821694780,S260724026668,AIWEIEN Plus Size,大码女装,女士连衣裙,4.2,https://p16-she-va.ibyteimg.com/tos-alisg-i-f7lenjegsh-sg/f69a5ff2b075494989f81da35556f4a2~tplv-g9dfdl17fc-origin-image.image,2026/8/3,内容场占比低,,19,500,,https://shop.tiktok.com/view/product/1732510893821694780?region=US&locale=en,12.3,"Red,Army green","5XL,4XL,1XL,3XL,2XL"
近14天新品,US,1732539673197056474,S260807021000,OyaSnake,标码女装,女士针织衫,Null,https://p16-she-va.ibyteimg.com/tos-alisg-i-f7lenjegsh-sg/0704ee7829ec40b287239475049636e2~tplv-g9dfdl17fc-origin-image.image,2026/8/7,内容场占比低,高GPM,297,501,,https://shop.tiktok.com/view/product/1732539673197056474?region=US&locale=en,12.3,"Coffee brown,Khaki,Yellow","M,S,L"
近14天新品,US,1732518082412712833,S260727024524,SeecaiClothing,标码女装,女士套装及西服,Null,https://p16-she-va.ibyteimg.com/tos-alisg-i-f7lenjegsh-sg/080564010e0847848a90c5b66b349a3d~tplv-g9dfdl17fc-origin-image.image,2026/8/7,内容场占比低,高GPM,74,502,,https://shop.tiktok.com/view/product/1732518082412712833?region=US&locale=en,12.3,"Coffee brown,Army green,Black","M,S,L,XL,XXL"
近14天新品,US,1732532591976682159,S260804006828,Xingkun scarf,标码女装,女士穆斯林服饰,3,https://p16-she-va.ibyteimg.com/tos-alisg-i-f7lenjegsh-sg/3f564676086542b6a7d9f17dcf40f460~tplv-g9dfdl17fc-origin-image.image,2026/8/4,内容场占比低,,29,503,,https://shop.tiktok.com/view/product/1732532591976682159?region=US&locale=en,12.3,01# Brown retro nuts,one-size
近14天新品,US,1732513484038574636,S260722016797,YW.FASHION,标码女装,女士套装及西服,3.9,https://p16-she-va.ibyteimg.com/tos-alisg-i-f7lenjegsh-sg/12db31a1fb65402cb9380e8c69b72b65~tplv-g9dfdl17fc-origin-image.image,2026/8/6,内容场占比低,,82,504,,https://shop.tiktok.com/view/product/1732513484038574636?region=US&locale=en,12.3,"Gray,Apricot,Brown","M,S,L,XL,XXL"
近14天新品,GB,1729886877216970823,S260804039242,Mini knit,标码女装,女士针织衫,Null,https://p16-she-va.ibyteimg.com/tos-alisg-i-f7lenjegsh-sg/2f0d4c8b5a0c41f28cbe9f2d152f97cb~tplv-g9dfdl17fc-origin-image.image,2026/8/7,内容场占比低,高GPM,149,321,,https://shop.tiktok.com/view/product/1729886877216970823?region=GB&locale=en,12.3,"Apricot,Hot pink,White,Black,Gray","XXL,XL,S,M,XS,L"
近14天新品,US,1732527032302211303,S260801022316,NovaMode.,标码女装,女士下装,4.5,https://p16-she-va.ibyteimg.com/tos-alisg-i-f7lenjegsh-sg/3f7ec372a8bd449a8787670b3262b1e1~tplv-g9dfdl17fc-origin-image.image,2026/8/4,内容场占比低,,22,505,,https://shop.tiktok.com/view/product/1732527032302211303?region=US&locale=en,12.3,White,"M,S,L,XL"
近14天新品,GB,1729887705830562060,S260805028898,Aevum Jia,标码女装,女士下装,2.8,https://p16-she-va.ibyteimg.com/tos-alisg-i-f7lenjegsh-sg/584bd35a63124159977dd860124c618a~tplv-g9dfdl17fc-origin-image.image,2026/8/5,内容场占比低,高GPM,498,322,,https://shop.tiktok.com/view/product/1729887705830562060?region=GB&locale=en,12.1,Black and white,"L,M,XL,XS,S"
近14天新品,US,1732534419214340480,S260805008951,LIVRA HER,标码女装,女士下装,4.1,https://p16-she-va.ibyteimg.com/tos-alisg-i-f7lenjegsh-sg/c2f9c4b33af947cb857bd5ea697af25c~tplv-g9dfdl17fc-origin-image.image,2026/8/8,内容场占比低,高GPM,19,506,,https://shop.tiktok.com/view/product/1732534419214340480?region=US&locale=en,12.1,Cream,"M,S,L,XL"
近14天新品,GB,1729886098461072149,S260803027188,AOMR,标码女装,女士下装,4.6,https://p16-she-va.ibyteimg.com/tos-alisg-i-f7lenjegsh-sg/66bdad1323dc40999904a91eb27f1f0a~tplv-g9dfdl17fc-origin-image.image,2026/8/5,内容场占比低,,30,323,,https://shop.tiktok.com/view/product/1729886098461072149?region=GB&locale=en,12.1,"Light green,Gray","M,S,L"
近14天新品,FR,1729888869795928937,S260806011674,Hijab Haven,标码女装,女士穆斯林服饰,4.4,https://p16-she-va.ibyteimg.com/tos-alisg-i-f7lenjegsh-sg/337afbd56fa94681844b2e76bb67fb68~tplv-g9dfdl17fc-origin-image.image,2026/8/6,内容场占比低,,121,21,,https://shop.tiktok.com/view/product/1729888869795928937?region=DE&locale=en,12,"Blue 211,207 Black 1,207 Red 2,Polka Dots 158",one-size
近14天新品,MX,1736570661139154305,S260717002950,Delaney chic,标码女装,女士套装及西服,Null,https://p16-she-va.ibyteimg.com/tos-alisg-i-f7lenjegsh-sg/3741ea40477e4b639532ecee75b294f1~tplv-g9dfdl17fc-origin-image.image,2026/8/5,内容场占比低,,27,75,,https://shop.tiktok.com/view/product/1736570661139154305?region=MX&locale=en,12,Pink,"S,L,XL,M"
近14天新品,GB,1729885242890230103,S260722026608,FOXCLAW Curve,大码女装,女士下装,4.3,https://p16-she-va.ibyteimg.com/tos-alisg-i-f7lenjegsh-sg/8750b66b743047ca92c4979ea5beeca8~tplv-g9dfdl17fc-origin-image.image,2026/8/6,内容场占比低,,28,324,,https://shop.tiktok.com/view/product/1729885242890230103?region=GB&locale=en,12,Black,"5XL,2XL,1XL,3XL,4XL"
近14天新品,GB,1729883612711721303,S260727003634,FOXCLAW Curve,大码女装,女士连衣裙,4.3,https://p16-she-va.ibyteimg.com/tos-alisg-i-f7lenjegsh-sg/bfd1a117b0b644419ceeb133dd820f77~tplv-g9dfdl17fc-origin-image.image,2026/8/5,内容场占比低,,23,325,,https://shop.tiktok.com/view/product/1729883612711721303?region=GB&locale=en,12,Black,"5XL,1XL,3XL,4XL,2XL"
近14天新品,GB,1729888430912935944,S260806001855,MuListen,标码女装,女士下装,Null,https://p16-she-va.ibyteimg.com/tos-alisg-i-f7lenjegsh-sg/8898c834a0e0427ebeadecc9e9e8ac62~tplv-g9dfdl17fc-origin-image.image,2026/8/6,内容场占比低,高GPM,1499,326,,https://shop.tiktok.com/view/product/1729888430912935944?region=GB&locale=en,11.9,"Black,Burgundy,Brown","XS,M,XL,L,S"
近14天新品,GB,1729885642994522799,S260803004379,Xingkun scarf,标码女装,女士穆斯林服饰,4,https://p16-she-va.ibyteimg.com/tos-alisg-i-f7lenjegsh-sg/66567bb920ef428394d79cd365696c96~tplv-g9dfdl17fc-origin-image.image,2026/8/3,内容场占比低,,117,327,,https://shop.tiktok.com/view/product/1729885642994522799?region=GB&locale=en,11.9,"White,dark blue,Pink,Coffee",one-size
近14天新品,US,1732497568891900812,S260717016762,Ranhoy,标码女装,女士套装及西服,2.9,https://p16-she-va.ibyteimg.com/tos-alisg-i-f7lenjegsh-sg/55e4f371d2624829868d8c0d57db9c63~tplv-g9dfdl17fc-origin-image.image,2026/8/4,内容场占比低,,35,507,,https://shop.tiktok.com/view/product/1732497568891900812?region=US&locale=en,11.9,Army green,"M,S,L,XL"
近14天新品,US,1732502466299794095,S260712019293,AtomCollid,标码女装,女士套装及西服,Null,https://p16-she-va.ibyteimg.com/tos-alisg-i-f7lenjegsh-sg/a32eae7ce8684e79addbfef7f611a550~tplv-g9dfdl17fc-origin-image.image,2026/8/8,内容场占比低,高GPM,27,508,,https://shop.tiktok.com/view/product/1732502466299794095?region=US&locale=en,11.9,Stripe,"M,S,XL,L"
近14天新品,MX,1736603459036087639,S260719010018,FOXCLAW Curve,大码女装,女士下装,3.4,https://p16-she-va.ibyteimg.com/tos-alisg-i-f7lenjegsh-sg/088a9b8314624f7da7fc0ea5b8a4e6f6~tplv-g9dfdl17fc-origin-image.image,2026/8/5,内容场占比低,,29,76,,https://shop.tiktok.com/view/product/1736603459036087639?region=MX&locale=en,11.9,Pink,"2XL,5XL,3XL,4XL,1XL"
近14天新品,MX,1736144559744910853,S260618009419,ennmei,大码女装,女士连衣裙,Null,https://p16-she-va.ibyteimg.com/tos-alisg-i-f7lenjegsh-sg/b12474939a0c4a43a22f93b5bef38090~tplv-g9dfdl17fc-origin-image.image,2026/8/7,内容场占比低,,24,77,,https://shop.tiktok.com/view/product/1736144559744910853?region=MX&locale=en,11.9,White,"1XL,4XL,0XL,2XL,3XL"
近14天新品,US,1732509979565068444,S260724002601,Muslin Garments,标码女装,女士穆斯林服饰,4.6,https://p16-she-va.ibyteimg.com/tos-alisg-i-f7lenjegsh-sg/e4e2c2325a4749c393b0f9ca2ad233c8~tplv-g9dfdl17fc-origin-image.image,2026/8/7,内容场占比低,,8,509,,https://shop.tiktok.com/view/product/1732509979565068444?region=US&locale=en,11.9,Multicolor11,one-size
近14天新品,US,1732532924684276449,S260804017285,Stitch Feed,标码女装,女士针织衫,Null,https://p16-she-va.ibyteimg.com/tos-alisg-i-f7lenjegsh-sg/9fefe513310b41cb9432407319015d7e~tplv-g9dfdl17fc-origin-image.image,2026/8/4,内容场占比低,高GPM,80,510,,https://shop.tiktok.com/view/product/1732532924684276449?region=US&locale=en,11.8,Multicolor,"M,S,L,XL"
近14天新品,MX,1736891340944934638,S260803036681,Zisman,标码女装,女士套装及西服,4.7,https://p16-she-va.ibyteimg.com/tos-alisg-i-f7lenjegsh-sg/e1883f66a9ec465cbb077912c2cde74c~tplv-g9dfdl17fc-origin-image.image,2026/8/5,内容场占比低,,400,78,,https://shop.tiktok.com/view/product/1736891340944934638?region=MX&locale=en,11.8,"Blue stripes,Beige polka dots","XL,L,S,M"
近14天新品,US,1732516221451538737,S260727031299,Hawthaw Women Apparel,标码女装,女士套装及西服,4,https://p16-she-va.ibyteimg.com/tos-alisg-i-f7lenjegsh-sg/218ffe5fae60410093a93993f13a2161~tplv-g9dfdl17fc-origin-image.image,2026/8/5,内容场占比低,,14,511,,https://shop.tiktok.com/view/product/1732516221451538737?region=US&locale=en,11.8,Leopard print,"M,S,L"
近14天新品,MX,1736894702984595271,S260805011886,Zivien,标码女装,女士套装及西服,Null,https://p16-she-va.ibyteimg.com/tos-alisg-i-f7lenjegsh-sg/e3e8ab35c5034b3297e7c93bdb4b3292~tplv-g9dfdl17fc-origin-image.image,2026/8/5,内容场占比低,,2000,79,,https://shop.tiktok.com/view/product/1736894702984595271?region=MX&locale=en,11.8,"red stripes,Pink stripes,Brown stripes,Khaki stripes","S,L,XL,M,XXL"
近14天新品,US,1732512733894906735,S260725020267,Fourfo,标码女装,女士下装,4.7,https://p16-she-va.ibyteimg.com/tos-alisg-i-f7lenjegsh-sg/bd2e4b37e12d49c69bda5da35799959f~tplv-g9dfdl17fc-origin-image.image,2026/8/5,内容场占比低,,17,512,,https://shop.tiktok.com/view/product/1732512733894906735?region=US&locale=en,11.8,Black,"M,S,L"
近14天新品,US,1732522222994428049,S260730009036,MEIMEI Women,标码女装,女士针织衫,4.7,https://p16-she-va.ibyteimg.com/tos-alisg-i-f7lenjegsh-sg/ee18ab473d3d45e18d4b623975bc9b19~tplv-g9dfdl17fc-origin-image.image,2026/8/3,内容场占比低,高GPM,15,513,,https://shop.tiktok.com/view/product/1732522222994428049?region=US&locale=en,11.8,Brown,"M,S,L,XS"
近14天新品,GB,1729889287368841559,S260806027171,FOXCLAW Curve,大码女装,女士下装,4.3,https://p16-she-va.ibyteimg.com/tos-alisg-i-f7lenjegsh-sg/c4133075ebdf483c9ed1190402ec0534~tplv-g9dfdl17fc-origin-image.image,2026/8/11,内容场占比低,,24,328,,https://shop.tiktok.com/view/product/1729889287368841559?region=GB&locale=en,9.8,Black,"4XL,1XL,3XL,2XL,0XL"
近14天新品,GB,1729888426589133453,S260806001132,BOOM WOO,大码女装,女士上装,4.1,https://p16-she-va.ibyteimg.com/tos-alisg-i-f7lenjegsh-sg/ce3d1a69674a4ff184518740be6a549e~tplv-g9dfdl17fc-origin-image.image,2026/8/6,内容场占比低,高GPM,149,329,,https://shop.tiktok.com/view/product/1729888426589133453?region=GB&locale=en,11.7,Black,"4XL,0XL,2XL,1XL,3XL"
近14天新品,MX,1736740005941577379,S260727017592,Vincira,标码女装,女士套装及西服,4.8,https://p16-she-va.ibyteimg.com/tos-alisg-i-f7lenjegsh-sg/795a06274a244023a81143b9fc8f7c03~tplv-g9dfdl17fc-origin-image.image,2026/8/9,内容场占比低,,32,80,,https://shop.tiktok.com/view/product/1736740005941577379?region=MX&locale=en,11.7,Brown,"M,XL,S,L"
近14天新品,GB,1729890928158546194,S260808016463,Hiying,标码女装,女士针织衫,4.4,https://p16-she-va.ibyteimg.com/tos-alisg-i-f7lenjegsh-sg/4860909821144b42b40066cb34422ac1~tplv-g9dfdl17fc-origin-image.image,2026/8/8,内容场占比低,,16,330,,https://shop.tiktok.com/view/product/1729890928158546194?region=GB&locale=en,11.7,Khaki,"S,M,XXL,XL,L"
近14天新品,US,1732546117458826118,S260810031220,Muir sweet,标码女装,女士下装,3.3,https://p16-she-va.ibyteimg.com/tos-alisg-i-f7lenjegsh-sg/2d4b1edcfd4a4970a9f55b61331d35a9~tplv-g9dfdl17fc-origin-image.image,2026/8/10,内容场占比低,,500,514,,https://shop.tiktok.com/view/product/1732546117458826118?region=US&locale=en,11.7,Black,"M,S,L,XS,XL"
近14天新品,US,1732535199476781078,S260805034545,TChic Ave,标码女装,女士套装及西服,3.2,https://p16-she-va.ibyteimg.com/tos-alisg-i-f7lenjegsh-sg/5e6d8736609043829eb9fff9097239aa~tplv-g9dfdl17fc-origin-image.image,2026/8/5,内容场占比低,,0,515,,https://shop.tiktok.com/view/product/1732535199476781078?region=US&locale=en,11.7,"Stripes 3,Stripes 2,Stripe","M,S,L,XL"
近14天新品,US,1732532496567407444,S260804012053,Yino Boutique,标码女装,女士针织衫,3.3,https://p16-she-va.ibyteimg.com/tos-alisg-i-f7lenjegsh-sg/a969e14e10324ebab8c850017ea5afd4~tplv-g9dfdl17fc-origin-image.image,2026/8/7,内容场占比低,高GPM,57,516,,https://shop.tiktok.com/view/product/1732532496567407444?region=US&locale=en,11.7,"Pink,Red,Floral gray,Black","M,S,L,XL"
近14天新品,GB,1729890996553620351,S260808026464,Budget Chic Simplify,标码女装,女士下装,Null,https://p16-she-va.ibyteimg.com/tos-alisg-i-f7lenjegsh-sg/4b3a1ee9fe05454ab800de9e909a4efe~tplv-g9dfdl17fc-origin-image.image,2026/8/8,内容场占比低,高GPM,1001,331,,https://shop.tiktok.com/view/product/1729890996553620351?region=GB&locale=en,11.6,"White,Black","XXL,S,M,L,XL"
近14天新品,US,1732532999221908008,S260804034743,Clara Order,标码女装,女士套装及西服,2.7,https://p16-she-va.ibyteimg.com/tos-alisg-i-f7lenjegsh-sg/fde701310964444eb295f0780d6fc017~tplv-g9dfdl17fc-origin-image.image,2026/8/4,内容场占比低,,400,517,,https://shop.tiktok.com/view/product/1732532999221908008?region=US&locale=en,11.6,"Red,Navy blue,White,Black,Fawn brown","M,S,XL,L,XS"
近14天新品,US,1732532211510841934,S260803026000,ChicVibe Fashion,标码女装,女士套装及西服,4.5,https://p16-she-va.ibyteimg.com/tos-alisg-i-f7lenjegsh-sg/d6a410daee314dfc962285de027e2f8a~tplv-g9dfdl17fc-origin-image.image,2026/8/8,内容场占比低,,17,518,,https://shop.tiktok.com/view/product/1732532211510841934?region=US&locale=en,11.6,Pink,"M,S,L"
近14天新品,GB,1729883329217927874,S260729037930,Chic Moda Savings,标码女装,女士针织衫,Null,https://p16-she-va.ibyteimg.com/tos-alisg-i-f7lenjegsh-sg/56052216049e45b3b41bc947a4f41689~tplv-g9dfdl17fc-origin-image.image,2026/8/7,内容场占比低,高GPM,78,332,,https://shop.tiktok.com/view/product/1729883329217927874?region=GB&locale=en,11.6,"White,Yellow,Apricot,Black","L,S,M,XL"
近14天新品,GB,1729892707427981848,S260811026387,PlumBabe,标码女装,女士下装,Null,https://p16-she-va.ibyteimg.com/tos-alisg-i-f7lenjegsh-sg/546083c27a4f47c39646696d3fe01470~tplv-g9dfdl17fc-origin-image.image,2026/8/11,内容场占比低,高GPM,500,333,,https://shop.tiktok.com/view/product/1729892707427981848?region=GB&locale=en,9.7,White,"S,XXL,XL,L,M"
近14天新品,US,1732518830429344450,S260728038810,Sweater Verse,标码女装,女士针织衫,Null,https://p16-she-va.ibyteimg.com/tos-alisg-i-f7lenjegsh-sg/27258d38b32444f29ba377646770b7fe~tplv-g9dfdl17fc-origin-image.image,2026/8/3,内容场占比低,高GPM,24,519,,https://shop.tiktok.com/view/product/1732518830429344450?region=US&locale=en,11.5,Khaki,"M,S,XL,L,XXL"
近14天新品,MX,1736854022708954903,S260802004212,Quick Fit Fashion,标码女装,女士下装,Null,https://p16-she-va.ibyteimg.com/tos-alisg-i-f7lenjegsh-sg/531ce44e01484253bf258ae0d621af97~tplv-g9dfdl17fc-origin-image.image,2026/8/6,内容场占比低,,84,81,,https://shop.tiktok.com/view/product/1736854022708954903?region=MX&locale=en,11.5,"Beige,Deep blue,Gray,Black,Military green,Khaki","L,M,S"
近14天新品,US,1732517316538045027,S260728001305,HUIRUI SportWear,标码女装,女士下装,2.1,https://p16-she-va.ibyteimg.com/tos-alisg-i-f7lenjegsh-sg/3996af0a287b435591839a2f92b6244d~tplv-g9dfdl17fc-origin-image.image,2026/8/3,内容场占比低,,29,520,,https://shop.tiktok.com/view/product/1732517316538045027?region=US&locale=en,11.5,"Colorful - 2,Colorful - 1,Colorful - 10,Colorful - 4","M,S,XL,L,XXL"
近14天新品,MX,1736932044771133001,S260807035236,JANE DRESSINGLOG,标码女装,女士针织衫,4.6,https://p16-she-va.ibyteimg.com/tos-alisg-i-f7lenjegsh-sg/c7843916d3fa4489ade17cd2aff083fd~tplv-g9dfdl17fc-origin-image.image,2026/8/7,内容场占比低,高GPM,60,82,,https://shop.tiktok.com/view/product/1736932044771133001?region=MX&locale=en,11.5,Khaki,"S,M,L"
近14天新品,GB,1729887501784226544,S260805012087,Pretty PL,标码女装,女士套装及西服,4.3,https://p16-she-va.ibyteimg.com/tos-alisg-i-f7lenjegsh-sg/cc9486aa870847bebc6ed7736a2a4e46~tplv-g9dfdl17fc-origin-image.image,2026/8/5,内容场占比低,高GPM,24975,334,,https://shop.tiktok.com/view/product/1729887501784226544?region=GB&locale=en,11.5,"Royal blue,Black,Reed green,Baby pink,Red","S,M,XL,XXL,L"
近14天新品,US,1732537372293108478,S260727035210,Beyond Nova,标码女装,女士下装,4.3,https://p16-she-va.ibyteimg.com/tos-alisg-i-f7lenjegsh-sg/5d8d4708e0264f44991ba01ac3049530~tplv-g9dfdl17fc-origin-image.image,2026/8/6,内容场占比低,高GPM,106656,521,,https://shop.tiktok.com/view/product/1732537372293108478?region=US&locale=en,11.5,"Multicolor2,Multicolor,Multicolor1","M,S,XL,L"
近14天新品,US,1732534777859707394,S260805011970,Rosella shops,标码女装,女士针织衫,4.4,https://p16-she-va.ibyteimg.com/tos-alisg-i-f7lenjegsh-sg/52c45cf0d8c0489f96d2fb3bb5a6bac9~tplv-g9dfdl17fc-origin-image.image,2026/8/5,内容场占比低,高GPM,2500,522,,https://shop.tiktok.com/view/product/1732534777859707394?region=US&locale=en,11.5,Multi-color,"M,S,L,XL,XXL"
近14天新品,US,1732517358312592382,S260728002411,YiQY Shop,大码女装,女士套装及西服,2.1,https://p16-she-va.ibyteimg.com/tos-alisg-i-f7lenjegsh-sg/1cf72c5c41bc4041a4323b4d26f03f0b~tplv-g9dfdl17fc-origin-image.image,2026/8/4,内容场占比低,,39,523,,https://shop.tiktok.com/view/product/1732517358312592382?region=US&locale=en,11.4,"White,Black","5XL,4XL,1XL,3XL,2XL"
近14天新品,US,1732516984252436735,S260727031361,Western & Aura,标码女装,女士下装,2.8,https://p16-she-va.ibyteimg.com/tos-alisg-i-f7lenjegsh-sg/99ca2fbfc65445b0b525bfa14bb22c09~tplv-g9dfdl17fc-origin-image.image,2026/8/7,内容场占比低,,39,524,,https://shop.tiktok.com/view/product/1732516984252436735?region=US&locale=en,11.4,"Olive green,Dark brown","M,S,L,XS,XL"
近14天新品,US,1732537329463496809,S260806022686,Wancy's,标码女装,女士下装,4.7,https://p16-she-va.ibyteimg.com/tos-alisg-i-f7lenjegsh-sg/b1956a5346ad4ef09401bac6fe75153f~tplv-g9dfdl17fc-origin-image.image,2026/8/6,内容场占比低,,1199,525,,https://shop.tiktok.com/view/product/1732537329463496809?region=US&locale=en,11.4,Black,"M,S,XS,L"
近14天新品,GB,1729874606192826711,S260715026563,FOXCLAW Curve,大码女装,女士套装及西服,4.3,https://p16-she-va.ibyteimg.com/tos-alisg-i-f7lenjegsh-sg/d8f7949012674ecf86af36aaa5587731~tplv-g9dfdl17fc-origin-image.image,2026/8/7,内容场占比低,,33,335,,https://shop.tiktok.com/view/product/1729874606192826711?region=GB&locale=en,11.4,Black,"4XL,1XL,3XL,2XL,5XL"
近14天新品,US,1732539857151890288,S260807032477,Soh Soh,标码女装,女士套装及西服,3.7,https://p16-she-va.ibyteimg.com/tos-alisg-i-f7lenjegsh-sg/7234050ac92a4668ab4160793e4ad4a9~tplv-g9dfdl17fc-origin-image.image,2026/8/7,内容场占比低,,299,526,,https://shop.tiktok.com/view/product/1732539857151890288?region=US&locale=en,11.3,"Yellow,Black,Dark gray","M,S,L,XL,XXL"
近14天新品,US,1732539853599117682,S260807032482,Lune et Mer,标码女装,女士套装及西服,2.7,https://p16-she-va.ibyteimg.com/tos-alisg-i-f7lenjegsh-sg/537e9fb63b6340e2827131e59bde74f3~tplv-g9dfdl17fc-origin-image.image,2026/8/7,内容场占比低,,299,527,,https://shop.tiktok.com/view/product/1732539853599117682?region=US&locale=en,11.3,"Yellow,Black,Dark gray","M,S,XL,L,XXL"
近14天新品,US,1732524781803245873,S260730032791,Hawthaw Women Apparel,标码女装,女士套装及西服,4,https://p16-she-va.ibyteimg.com/tos-alisg-i-f7lenjegsh-sg/6e4ef06d4d0d421e8298d51c45735b4a~tplv-g9dfdl17fc-origin-image.image,2026/8/4,内容场占比低,,14,528,,https://shop.tiktok.com/view/product/1732524781803245873?region=US&locale=en,11.3,light yellow,"M,S,L"
近14天新品,US,1732521566180642850,S260729013925,Muslim clothing top store,标码女装,女士穆斯林服饰,Null,https://p16-she-va.ibyteimg.com/tos-alisg-i-f7lenjegsh-sg/bdeed289cac44f9cb4ba7c84a1c03eb9~tplv-g9dfdl17fc-origin-image.image,2026/8/9,内容场占比低,,79,529,,https://shop.tiktok.com/view/product/1732521566180642850?region=US&locale=en,11.2,"Navy blue,White,Black,Dark green,Burgundy","M,S,L,XL"
近14天新品,US,1732536425363116140,S260806004594,Fashion&Diva,标码女装,女士针织衫,4.4,https://p16-she-va.ibyteimg.com/tos-alisg-i-f7lenjegsh-sg/368d7c79873f4583a3da095397f825ba~tplv-g9dfdl17fc-origin-image.image,2026/8/6,内容场占比低,高GPM,199,530,,https://shop.tiktok.com/view/product/1732536425363116140?region=US&locale=en,11.2,Black,"M,S,L,XL"
近14天新品,US,1732495303661228375,S260715026563,FOXCLAW Curve,大码女装,女士套装及西服,4,https://p16-she-va.ibyteimg.com/tos-alisg-i-f7lenjegsh-sg/d8f7949012674ecf86af36aaa5587731~tplv-g9dfdl17fc-origin-image.image,2026/8/7,内容场占比低,,33,531,,https://shop.tiktok.com/view/product/1732495303661228375?region=US&locale=en,11.2,Black,"5XL,4XL,1XL,3XL,2XL"
近14天新品,US,1732525179952927446,S260731019280,Chic And Durable,标码女装,女士下装,3.9,https://p16-she-va.ibyteimg.com/tos-alisg-i-f7lenjegsh-sg/e60c57e3ded84531a570f31304f63744~tplv-g9dfdl17fc-origin-image.image,2026/8/3,内容场占比低,,27,532,,https://shop.tiktok.com/view/product/1732525179952927446?region=US&locale=en,11.2,Black,"M,S,XL,L"
近14天新品,GB,1729880033068751787,S260724011439,"Yiwu MeihuixuClothing Co., LTD",标码女装,女士下装,4.5,https://p16-she-va.ibyteimg.com/tos-alisg-i-f7lenjegsh-sg/1a23f61665fe4c98a56c9024cc9c1103~tplv-g9dfdl17fc-origin-image.image,2026/8/9,内容场占比低,高GPM,18,336,,https://shop.tiktok.com/view/product/1729880033068751787?region=GB&locale=en,11.1,Black,"M,XL,L,S"
近14天新品,GB,1729881183748791105,S260726011154,Oman Clothing,标码女装,女士下装,4.5,https://p16-she-va.ibyteimg.com/tos-alisg-i-f7lenjegsh-sg/e5f85174f3f84624a7efa6f86eb00d5c~tplv-g9dfdl17fc-origin-image.image,2026/8/5,内容场占比低,,13,337,,https://shop.tiktok.com/view/product/1729881183748791105?region=GB&locale=en,11.1,Black,"S,XL,M,L"
近14天新品,GB,1729887479262255537,S260805012210,Y2KDailyTopsHub,标码女装,女士下装,4.5,https://p16-she-va.ibyteimg.com/tos-alisg-i-f7lenjegsh-sg/5ccf8e18b322477699e7b7e2bec01f11~tplv-g9dfdl17fc-origin-image.image,2026/8/5,内容场占比低,高GPM,3999,338,,https://shop.tiktok.com/view/product/1729887479262255537?region=GB&locale=en,11.1,"Black,Silver,Pale green,Navy blue","XL,S,M,L,XS"
近14天新品,US,1732539855468663174,S260807032466,Catch My Breath,标码女装,女士套装及西服,2.9,https://p16-she-va.ibyteimg.com/tos-alisg-i-f7lenjegsh-sg/603dbcaad73f464a8f023f77535a914f~tplv-g9dfdl17fc-origin-image.image,2026/8/7,内容场占比低,,299,533,,https://shop.tiktok.com/view/product/1732539855468663174?region=US&locale=en,11.1,"Yellow,Black,Dark gray","M,S,XL,L,XXL"
近14天新品,US,1732532757307494548,S260804022864,Chic Tech Smart Wear,标码女装,女士针织衫,Null,https://p16-she-va.ibyteimg.com/tos-alisg-i-f7lenjegsh-sg/986c3aa18d207c0c7f81ca0a18010504~tplv-g9dfdl17fc-origin-image.image,2026/8/4,内容场占比低,高GPM,24999,534,,https://shop.tiktok.com/view/product/1732532757307494548?region=US&locale=en,11.1,"Multicolor11,Multicolor6,Multicolor,Multicolor10,Multicolor8","M,S,XS,L,XL"
近14天新品,GB,1729885868886497325,S260803015493,Jiamily,标码女装,女士套装及西服,4.4,https://p16-she-va.ibyteimg.com/tos-alisg-i-f7lenjegsh-sg/2ffb4b701cd04d4892db671661d0aae1~tplv-g9dfdl17fc-origin-image.image,2026/8/6,内容场占比低,,19,339,,https://shop.tiktok.com/view/product/1729885868886497325?region=GB&locale=en,11,Black,"L,XS,S,M"
近14天新品,US,1732540076395630833,S260807037281,Miss Zone,大码女装,女士下装,3.6,https://p16-she-va.ibyteimg.com/tos-alisg-i-f7lenjegsh-sg/f2b47e405bda4ebda99df603324d1dcf~tplv-g9dfdl17fc-origin-image.image,2026/8/7,内容场占比低,,63,535,,https://shop.tiktok.com/view/product/1732540076395630833?region=US&locale=en,11,Black,"4XL,1XL,0XL,3XL,2XL"
近14天新品,MX,1736945492320879777,S260808029189,Muse Plus,大码女装,女士上装,4.7,https://p16-she-va.ibyteimg.com/tos-alisg-i-f7lenjegsh-sg/4ee92d31f2fb42c387b98af7e9720148~tplv-g9dfdl17fc-origin-image.image,2026/8/8,内容场占比低,高GPM,135,83,,https://shop.tiktok.com/view/product/1736945492320879777?region=MX&locale=en,11,"Black,Red","3XL,2XL,4XL,1XL"
近14天新品,US,1732529021484831110,S260731033787,START CROSSING,标码女装,女士套装及西服,4,https://p16-she-va.ibyteimg.com/tos-alisg-i-f7lenjegsh-sg/c742ad6c78e64fc4a84927821852f086~tplv-g9dfdl17fc-origin-image.image,2026/8/3,内容场占比低,,120,536,,https://shop.tiktok.com/view/product/1732529021484831110?region=US&locale=en,11,Pink,"M,S,XL,L"
近14天新品,MX,1736851734083766143,S260728030575,Budget Chic Simplify,标码女装,女士下装,Null,https://p16-she-va.ibyteimg.com/tos-alisg-i-f7lenjegsh-sg/4806bbded3cd4cecb66b7d66dc31145f~tplv-g9dfdl17fc-origin-image.image,2026/8/3,内容场占比低,,500,84,,https://shop.tiktok.com/view/product/1736851734083766143?region=MX&locale=en,11,Yellow,"XL,M,L,XS,S"
近14天新品,US,1732510421261324444,S260724009361,Muslin Garments,标码女装,女士穆斯林服饰,4.6,https://p16-she-va.ibyteimg.com/tos-alisg-i-f7lenjegsh-sg/4a2068fadb2e429898630b42a05a4e98~tplv-g9dfdl17fc-origin-image.image,2026/8/5,内容场占比低,高GPM,6,537,,https://shop.tiktok.com/view/product/1732510421261324444?region=US&locale=en,10.8,Multicolor11,one-size
近14天新品,US,1732528145426256670,S260802007656,For Your Closet,标码女装,女士套装及西服,4.3,https://p16-she-va.ibyteimg.com/tos-alisg-i-f7lenjegsh-sg/468f8441f6954618a9a77a46640b93fb~tplv-g9dfdl17fc-origin-image.image,2026/8/6,内容场占比低,,162,538,,https://shop.tiktok.com/view/product/1732528145426256670?region=US&locale=en,10.8,"Blue,Khaki,Red,White,Black,Brown","M,S,L,XL,XXL"
近14天新品,US,1732521055670342391,S260729038028,Dressy Box,标码女装,女士下装,Null,https://p16-she-va.ibyteimg.com/tos-alisg-i-f7lenjegsh-sg/d69fabbcb6524947bb33e190b6578036~tplv-g9dfdl17fc-origin-image.image,2026/8/4,内容场占比低,高GPM,18,539,,https://shop.tiktok.com/view/product/1732521055670342391?region=US&locale=en,10.8,Houndstooth pattern,"M,S,L,XL"
近14天新品,GB,1729887982047435026,S260805038326,LumiKnit,标码女装,女士针织衫,Null,https://p16-she-va.ibyteimg.com/tos-alisg-i-f7lenjegsh-sg/a424bad1a3fe4ebc95da7eb3b0fa5837~tplv-g9dfdl17fc-origin-image.image,2026/8/5,内容场占比低,,243,340,,https://shop.tiktok.com/view/product/1729887982047435026?region=GB&locale=en,10.8,"Lilac,Gray,Bright orange,Purple and white,Black,Black and white","M,XL,S,XXL,L"
近14天新品,GB,1729890263661386461,S260807011849,Curvy Threads,大码女装,女士连衣裙,Null,https://p16-she-va.ibyteimg.com/tos-alisg-i-f7lenjegsh-sg/30ca4a72d2c14effb4f2618fa87d73a1~tplv-g9dfdl17fc-origin-image.image,2026/8/9,内容场占比低,,24,341,,https://shop.tiktok.com/view/product/1729890263661386461?region=GB&locale=en,10.8,Green,"4XL,1XL,5XL,2XL,3XL"
近14天新品,US,1732532898968867206,S260728012309,I wanted you,大码女装,女士上装,2.1,https://p16-she-va.ibyteimg.com/tos-alisg-i-f7lenjegsh-sg/39dccff9bd4a450291eab7e1269b60fd~tplv-g9dfdl17fc-origin-image.image,2026/8/4,内容场占比低,,1950,540,,https://shop.tiktok.com/view/product/1732532898968867206?region=US&locale=en,10.8,"Multicolor7,Multicolor3,Multicolor9,Multicolor4","4XL,1XL,0XL,3XL,2XL"
近14天新品,MX,1736743091086984981,S260727025960,AOMR,标码女装,女士下装,4.9,https://p16-she-va.ibyteimg.com/tos-alisg-i-f7lenjegsh-sg/d7bb855ae67347c9ac9d1317f55d69aa~tplv-g9dfdl17fc-origin-image.image,2026/8/4,内容场占比低,,14,85,,https://shop.tiktok.com/view/product/1736743091086984981?region=MX&locale=en,10.8,Black,"L,S,M"
近14天新品,US,1732530234637390325,S260803011498,Zen Budget,标码女装,女士套装及西服,4.7,https://p16-she-va.ibyteimg.com/tos-alisg-i-f7lenjegsh-sg/581f62b54f58404fa949250c80d09120~tplv-g9dfdl17fc-origin-image.image,2026/8/5,内容场占比低,高GPM,19,541,,https://shop.tiktok.com/view/product/1732530234637390325?region=US&locale=en,10.8,Burgundy,"M,S,XL,L"
近14天新品,US,1732507415355560204,S260722013497,OIXVI,标码女装,女士下装,Null,https://p16-she-va.ibyteimg.com/tos-alisg-i-f7lenjegsh-sg/593dbe91e9494c039bc878919c709526~tplv-g9dfdl17fc-origin-image.image,2026/8/5,内容场占比低,,19,542,,https://shop.tiktok.com/view/product/1732507415355560204?region=US&locale=en,10.8,White,"M,S,XS,L"
近14天新品,US,1732530283834151639,S260803015075,Coveira Mode,标码女装,女士下装,2.2,https://p16-she-va.ibyteimg.com/tos-alisg-i-f7lenjegsh-sg/2ab72e81ff98402ea081efc0feca5439~tplv-g9dfdl17fc-origin-image.image,2026/8/3,内容场占比低,高GPM,1830,543,,https://shop.tiktok.com/view/product/1732530283834151639?region=US&locale=en,10.7,"Red,beige,Black,Apricot,Blue","M,S,XS,XL,L"
近14天新品,US,1732542645403685060,S260808017415,Irene Dress,标码女装,女士套装及西服,3.1,https://p16-she-va.ibyteimg.com/tos-alisg-i-f7lenjegsh-sg/fb8bc14a00a04e0fb16e9ca4ba8c4e77~tplv-g9dfdl17fc-origin-image.image,2026/8/8,内容场占比低,,187,544,,https://shop.tiktok.com/view/product/1732542645403685060?region=US&locale=en,10.7,Black,"M,S,XL,L"
近14天新品,US,1732501513315651927,S260720001411,FOXCLAW Curve,大码女装,女士连衣裙,4,https://p16-she-va.ibyteimg.com/tos-alisg-i-f7lenjegsh-sg/e25d271d76c045f0b961171570552a69~tplv-g9dfdl17fc-origin-image.image,2026/8/3,,,22,545,,https://shop.tiktok.com/view/product/1732501513315651927?region=US&locale=en,10.7,Black,"5XL,4XL,1XL,3XL,2XL"
近14天新品,US,1732532924932526565,S260804033719,Nova Label,标码女装,女士下装,Null,https://p16-she-va.ibyteimg.com/tos-alisg-i-f7lenjegsh-sg/ad71c20d5a01455592db0b45d8ac2e71~tplv-g9dfdl17fc-origin-image.image,2026/8/4,内容场占比低,,1663,546,,https://shop.tiktok.com/view/product/1732532924932526565?region=US&locale=en,10.6,"Gray,Brown","M,S,L,XS,XL"
近14天新品,US,1732532053176259048,S260804001377,Summer Blues,标码女装,女士下装,2,https://p16-she-va.ibyteimg.com/tos-alisg-i-f7lenjegsh-sg/28429bb7caf3494eae633086c1edb348~tplv-g9dfdl17fc-origin-image.image,2026/8/4,内容场占比低,高GPM,1831,547,,https://shop.tiktok.com/view/product/1732532053176259048?region=US&locale=en,10.6,"Red,beige,Black,Apricot,Blue","M,S,L,XL,XS"
近14天新品,GB,1729878204353648983,S260720028653,FOXCLAW Curve,大码女装,女士上装,4.3,https://p16-she-va.ibyteimg.com/tos-alisg-i-f7lenjegsh-sg/aa9511b7aed344b097957717cbdf65f7~tplv-g9dfdl17fc-origin-image.image,2026/8/6,内容场占比低,,35,342,,https://shop.tiktok.com/view/product/1729878204353648983?region=GB&locale=en,10.5,"White,Khaki,Black","3XL,5XL,1XL,2XL,4XL,0XL"
近14天新品,GB,1729886728450841533,S260801011860,Pre Luxe Fabs,大码女装,女士下装,Null,https://p16-she-va.ibyteimg.com/tos-alisg-i-f7lenjegsh-sg/71e220fed3294df4a5a3757244a9c316~tplv-g9dfdl17fc-origin-image.image,2026/8/7,内容场占比低,,24,343,,https://shop.tiktok.com/view/product/1729886728450841533?region=GB&locale=en,10.5,Black,"1XL,2XL,3XL,5XL,4XL"
近14天新品,US,1732530120107594516,S260731030462,Beta International,标码女装,女士下装,4,https://p16-she-va.ibyteimg.com/tos-alisg-i-f7lenjegsh-sg/d7cd8d0f8401423bb467f9c3c4db4444~tplv-g9dfdl17fc-origin-image.image,2026/8/3,内容场占比低,,355551,548,,https://shop.tiktok.com/view/product/1732530120107594516?region=US&locale=en,10.5,Pink leopard-print drawstring,"M,S,L,XL"
近14天新品,US,1732500078773375675,S260719000261,Linenvera fashion,标码女装,女士套装及西服,Null,https://p16-she-va.ibyteimg.com/tos-alisg-i-f7lenjegsh-sg/1e3c3057e87840ecad534097cd9f7d26~tplv-g9dfdl17fc-origin-image.image,2026/8/5,内容场占比低,,24,549,,https://shop.tiktok.com/view/product/1732500078773375675?region=US&locale=en,10.5,"Coffee brown,Dark wash","M,S,XL,L"
近14天新品,US,1732531540497699262,S260729027560,FeelingChic,标码女装,女士下装,4.4,https://p16-she-va.ibyteimg.com/tos-alisg-i-f7lenjegsh-sg/166ea7ac693e455cb8f168aa7d442b97~tplv-g9dfdl17fc-origin-image.image,2026/8/4,内容场占比低,,4999,550,,https://shop.tiktok.com/view/product/1732531540497699262?region=US&locale=en,10.4,Polka dots,"M,S,XL,L,XS"
近14天新品,GB,1729890461568964849,S260807034766,Miss Zone,大码女装,连体衣,4.2,https://p16-she-va.ibyteimg.com/tos-alisg-i-f7lenjegsh-sg/ae461beab1c24eb5b0ee4dff74537cfd~tplv-g9dfdl17fc-origin-image.image,2026/8/7,内容场占比低,高GPM,249,344,,https://shop.tiktok.com/view/product/1729890461568964849?region=GB&locale=en,10.4,Black,"3XL,4XL,0XL,1XL,2XL"
近14天新品,US,1732539671925264471,S260807021967,TWrose,标码女装,女士下装,Null,https://p16-she-va.ibyteimg.com/tos-alisg-i-f7lenjegsh-sg/f6f6d29bdc964deba893da84d800f7a2~tplv-g9dfdl17fc-origin-image.image,2026/8/7,内容场占比低,,1200,551,,https://shop.tiktok.com/view/product/1732539671925264471?region=US&locale=en,10.3,"Green,Khaki,Red,Black + Blue + Red,Gray,Black + Blue + Gray,Black,Black + Blue,Black + Blue + Khaki + Gray + Red,Black + Red,Black + Blue + Khaki,Blue","M,S,L,XL,XXL"
近14天新品,GB,1729885817784670732,S260731027854,NiceForWhat,标码女装,女士下装,4.7,https://p16-she-va.ibyteimg.com/tos-alisg-i-f7lenjegsh-sg/8e2d284ba2274b6ba17b11eec9b0181e~tplv-g9dfdl17fc-origin-image.image,2026/8/5,内容场占比低,,27,345,,https://shop.tiktok.com/view/product/1729885817784670732?region=GB&locale=en,10.3,"Mint green,Gray","M,L,S"
近14天新品,GB,1729889781936462269,S260806029200,Jascent,标码女装,女士下装,4.4,https://p16-she-va.ibyteimg.com/tos-alisg-i-f7lenjegsh-sg/a234e5cd215e45be99fe3bdf68c6b195~tplv-g9dfdl17fc-origin-image.image,2026/8/6,内容场占比低,,500,346,,https://shop.tiktok.com/view/product/1729889781936462269?region=GB&locale=en,10.3,Multi-color,"XL,S,L,M,XXL"
近14天新品,US,1732537424480932215,S260806027207,Rogue Comfy,标码女装,女士下装,4.2,https://p16-she-va.ibyteimg.com/tos-alisg-i-f7lenjegsh-sg/60181c4492624ca4bb04966de58cc9fc~tplv-g9dfdl17fc-origin-image.image,2026/8/6,内容场占比低,,59999,552,,https://shop.tiktok.com/view/product/1732537424480932215?region=US&locale=en,10.3,"Multicolor5,Multicolor11,Multicolor3,Multicolor6,Multicolor9,Color15,Multicolor10,Multicolor1","M,S,XS,L,XL,XXL"
近14天新品,US,1732536313951785567,S260805022201,Vanshee Show,标码女装,女士套装及西服,4.2,https://p16-she-va.ibyteimg.com/tos-alisg-i-f7lenjegsh-sg/4c6ec76197c44121a2282f689807d35d~tplv-g9dfdl17fc-origin-image.image,2026/8/5,内容场占比低,,79,553,,https://shop.tiktok.com/view/product/1732536313951785567?region=US&locale=en,10.2,Pink,"M,S,L,XL"
近14天新品,US,1732535419027361884,S260805039322,Lush Apparel,标码女装,女士下装,3.5,https://p16-she-va.ibyteimg.com/tos-alisg-i-f7lenjegsh-sg/eed5d334d2f04c979fe0f465229f4f32~tplv-g9dfdl17fc-origin-image.image,2026/8/5,内容场占比低,高GPM,201,554,,https://shop.tiktok.com/view/product/1732535419027361884?region=US&locale=en,10.2,White,"M,S,L,XL"
近14天新品,US,1732540005284549555,S260728004978,Joy happy Fashion,标码女装,女士下装,Null,https://p16-she-va.ibyteimg.com/tos-alisg-i-f7lenjegsh-sg/93240b19cce849aeae9fdcee943233b1~tplv-g9dfdl17fc-origin-image.image,2026/8/7,内容场占比低,,499,555,,https://shop.tiktok.com/view/product/1732540005284549555?region=US&locale=en,10.2,Brown,"M,S,XL,L,XXL"
近14天新品,US,1732536444137411112,S260806004991,Clara Order,标码女装,女士套装及西服,2.7,https://p16-she-va.ibyteimg.com/tos-alisg-i-f7lenjegsh-sg/27ff682960164f7daf16ed7b76d6d955~tplv-g9dfdl17fc-origin-image.image,2026/8/6,内容场占比低,高GPM,100,556,,https://shop.tiktok.com/view/product/1732536444137411112?region=US&locale=en,10.2,Black,"M,S,L,XL"
近14天新品,US,1732515857047851755,S260723029399,Bettlity,标码女装,女士针织衫,4.7,https://p16-she-va.ibyteimg.com/tos-alisg-i-f7lenjegsh-sg/0cb95bae9c694084b6dd265df79b09f5~tplv-g9dfdl17fc-origin-image.image,2026/8/6,内容场占比低,高GPM,24,557,,https://shop.tiktok.com/view/product/1732515857047851755?region=US&locale=en,10.2,Gray,"M,S,L,XL,XXL"
近14天新品,US,1732542532211610090,S260709037954,YYXIN CLOTHES,标码女装,女士穆斯林服饰,3.9,https://p16-she-va.ibyteimg.com/tos-alisg-i-f7lenjegsh-sg/91d567163d3241e6b0503aa0769536c9~tplv-g9dfdl17fc-origin-image.image,2026/8/9,内容场占比低,高GPM,380,558,,https://shop.tiktok.com/view/product/1732542532211610090?region=US&locale=en,10.2,Fawn brown,"M,S,XL,L"
近14天新品,US,1732537247667229325,S260806002579,BOOM WOO,标码女装,女士下装,2.1,https://p16-she-va.ibyteimg.com/tos-alisg-i-f7lenjegsh-sg/34ce8c309d534fcdae29bc433c4a9936~tplv-g9dfdl17fc-origin-image.image,2026/8/6,内容场占比低,高GPM,1049,559,,https://shop.tiktok.com/view/product/1732537247667229325?region=US&locale=en,10.2,"Hot pink,Red,White,Black,Beige,Dark Blue,Blue","M,S,L,XL,XS"
近14天新品,US,1732534296598254374,S260804027076,LEDTUU,标码女装,女士下装,3.9,https://p16-she-va.ibyteimg.com/tos-alisg-i-f7lenjegsh-sg/7ee3752712954965bf3958c069083e56~tplv-g9dfdl17fc-origin-image.image,2026/8/5,内容场占比低,高GPM,999,560,,https://shop.tiktok.com/view/product/1732534296598254374?region=US&locale=en,10.2,Multicolor,"M,S,XL,L,XXL"
近14天新品,US,1732507372115300793,S260723000341,Nancy Form,大码女装,女士上装,4.4,https://p16-she-va.ibyteimg.com/tos-alisg-i-f7lenjegsh-sg/98c2287524ad4d59b7fd50be23fe731e~tplv-g9dfdl17fc-origin-image.image,2026/8/3,内容场占比低,,38,561,,https://shop.tiktok.com/view/product/1732507372115300793?region=US&locale=en,10.2,"Khaki,Orange","4XL,1XL,0XL,3XL,2XL"
近14天新品,GB,1729886112606362287,S260803027097,Xingkun scarf,标码女装,女士穆斯林服饰,4,https://p16-she-va.ibyteimg.com/tos-alisg-i-f7lenjegsh-sg/e3547586eade493484e6c2918c4a971b~tplv-g9dfdl17fc-origin-image.image,2026/8/3,内容场占比低,,118,347,,https://shop.tiktok.com/view/product/1729886112606362287?region=GB&locale=en,10.2,"Black,White,Khaki,dark blue",one-size
近14天新品,US,1732544625671705303,S260808025357,Coveira Mode,标码女装,女士套装及西服,2.2,https://p16-she-va.ibyteimg.com/tos-alisg-i-f7lenjegsh-sg/79c8a4078cad4d9da322dcc606eea26e~tplv-g9dfdl17fc-origin-image.image,2026/8/10,内容场占比低,,1500,562,,https://shop.tiktok.com/view/product/1732544625671705303?region=US&locale=en,10.1,"Blue,Pink,Khaki,Hot pink,Red,White,Black,Dark gray,Apricot,Burgundy","M,S,XL,L,XXL"
近14天新品,US,1732534272328045501,S260805005093,Artisan Chic Customs,大码女装,女士下装,Null,https://p16-she-va.ibyteimg.com/tos-alisg-i-f7lenjegsh-sg/54a5a9520d5842088c0b4669b26f53dd~tplv-g9dfdl17fc-origin-image.image,2026/8/7,内容场占比低,高GPM,24,563,,https://shop.tiktok.com/view/product/1732534272328045501?region=US&locale=en,10.1,Red,"5XL,4XL,1XL,3XL,2XL"
近14天新品,US,1732534743240839295,S260805011531,Ilya costume,标码女装,女士套装及西服,4.1,https://p16-she-va.ibyteimg.com/tos-alisg-i-f7lenjegsh-sg/a8b53f0828774d2f877c350029e891b4~tplv-g9dfdl17fc-origin-image.image,2026/8/7,内容场占比低,,20,564,,https://shop.tiktok.com/view/product/1732534743240839295?region=US&locale=en,10.1,Yellow,"M,S,L,XS"
近14天新品,GB,1729891259423234840,S260809005108,Elowen Studio Wear,标码女装,女士下装,Null,https://p16-she-va.ibyteimg.com/tos-alisg-i-f7lenjegsh-sg/44b2aef9d5fb4669a4daf66109c77885~tplv-g9dfdl17fc-origin-image.image,2026/8/9,内容场占比低,高GPM,5000,348,,https://shop.tiktok.com/view/product/1729891259423234840?region=GB&locale=en,10.1,"Gray,Pink and white,Black","S,M,XS,XL,L"
近14天新品,US,1732520903878676659,S260729032138,ZOVINRIA,标码女装,女士针织衫,3.8,https://p16-she-va.ibyteimg.com/tos-alisg-i-f7lenjegsh-sg/69f8229d57a5456db5217ca73b2a4e7b~tplv-g9dfdl17fc-origin-image.image,2026/8/6,内容场占比低,,138,565,,https://shop.tiktok.com/view/product/1732520903878676659?region=US&locale=en,9.7,"Neutral gray,Coffee color,Light pink,Military green,White,Black,Light gray,Burgundy","M,S,L"
近14天新品,US,1732529522060399241,S260803006039,.Belle.,标码女装,女士下装,3.3,https://p16-she-va.ibyteimg.com/tos-alisg-i-f7lenjegsh-sg/ed5bde31ee134722b4c8887d859d5726~tplv-g9dfdl17fc-origin-image.image,2026/8/3,内容场占比低,,300,566,,https://shop.tiktok.com/view/product/1732529522060399241?region=US&locale=en,10.1,"Burgundy,Brown,Green,Blue","M,S,XS,XL,L"
近14天新品,US,1732542006098825751,S260808028647,MYEHBXZ FASHION,标码女装,女士针织衫,4.6,https://p16-she-va.ibyteimg.com/tos-alisg-i-f7lenjegsh-sg/ea507b0b38774c44a9ef2f55aa7e9392~tplv-g9dfdl17fc-origin-image.image,2026/8/8,内容场占比低,高GPM,120,567,,https://shop.tiktok.com/view/product/1732542006098825751?region=US&locale=en,10,White,"M,S,L,XL"
近14天新品,US,1732541687129936146,S260808020794,Hiying,标码女装,女士针织衫,3.5,https://p16-she-va.ibyteimg.com/tos-alisg-i-f7lenjegsh-sg/0818cae40bc244129162cfc7537d8042~tplv-g9dfdl17fc-origin-image.image,2026/8/8,内容场占比低,高GPM,39,568,,https://shop.tiktok.com/view/product/1732541687129936146?region=US&locale=en,10,Clay brown,"M,S,XL,L"
近14天新品,MX,1736792060555068759,S260730021946,FOXCLAW Curve,大码女装,女士上装,3.4,https://p16-she-va.ibyteimg.com/tos-alisg-i-f7lenjegsh-sg/449db088897e4becbf549c0ad8c85203~tplv-g9dfdl17fc-origin-image.image,2026/8/4,内容场占比低,高GPM,22,86,,https://shop.tiktok.com/view/product/1736792060555068759?region=MX&locale=en,10,Black,"1XL,3XL,0XL,4XL,2XL"
近14天新品,US,1732537516319937154,S260806024965,ORXUPR,标码女装,女士特殊服饰,3.4,https://p16-she-va.ibyteimg.com/tos-alisg-i-f7lenjegsh-sg/301896fd86b746fd869788fe63ca62a2~tplv-g9dfdl17fc-origin-image.image,2026/8/6,内容场占比低,,498,569,,https://shop.tiktok.com/view/product/1732537516319937154?region=US&locale=en,10,Black,"M,S,XL,L,XXL"
近14天新品,US,1732539847690458002,S260807032207,Ashabell form,标码女装,女士下装,Null,https://p16-she-va.ibyteimg.com/tos-alisg-i-f7lenjegsh-sg/ef6edc377f7e4dcaa76de3e29d27d6a5~tplv-g9dfdl17fc-origin-image.image,2026/8/7,内容场占比低,,40,570,,https://shop.tiktok.com/view/product/1732539847690458002?region=US&locale=en,10,Apricot,"M,S,L,XS"
近14天新品,US,1732520676708421862,S260729019345,Ace Chic,标码女装,女士针织衫,2.9,https://p16-she-va.ibyteimg.com/tos-alisg-i-f7lenjegsh-sg/d4c53db12f8c40eebcd91f4a98e6c8b3~tplv-g9dfdl17fc-origin-image.image,2026/8/4,内容场占比低,高GPM,88,571,,https://shop.tiktok.com/view/product/1732520676708421862?region=US&locale=en,10,Black,"M,S,L,XL,XS"
近14天新品,US,1732503876074902338,S260721026852,CC Monday,标码女装,女士下装,Null,https://p16-she-va.ibyteimg.com/tos-alisg-i-f7lenjegsh-sg/1e7b5ee56f5a47a1a6dcb498fac38231~tplv-g9dfdl17fc-origin-image.image,2026/8/4,内容场占比低,,74,572,,https://shop.tiktok.com/view/product/1732503876074902338?region=US&locale=en,10,"Khaki,Gray,Black","M,S,XS,L,XL"
近14天新品,US,1732537318999953416,S260806022347,MuVibe,标码女装,女士套装及西服,Null,https://p16-she-va.ibyteimg.com/tos-alisg-i-f7lenjegsh-sg/6b06688cacac40f0bea7adaf128b3b54~tplv-g9dfdl17fc-origin-image.image,2026/8/6,内容场占比低,,5000,573,,https://shop.tiktok.com/view/product/1732537318999953416?region=US&locale=en,9.9,"Multicolor5,Multicolor2,Multicolor6,Multicolor3,Multicolor4","M,S,XL,L,XXL"
近14天新品,US,1732534285400118054,S260805003419,LEDTUU,标码女装,女士下装,3.9,https://p16-she-va.ibyteimg.com/tos-alisg-i-f7lenjegsh-sg/26d3d1636dc247c4954ffa88fa9256bd~tplv-g9dfdl17fc-origin-image.image,2026/8/5,内容场占比低,,1000,574,,https://shop.tiktok.com/view/product/1732534285400118054?region=US&locale=en,9.9,Multicolor,"M,S,L,XL,XXL"
近14天新品,US,1732535437173231941,S260805039799,YouAnnn,标码女装,女士针织衫,4.1,https://p16-she-va.ibyteimg.com/tos-alisg-i-f7lenjegsh-sg/74b008def64246b2abb05383dddc8caf~tplv-g9dfdl17fc-origin-image.image,2026/8/9,内容场占比低,,70,575,,https://shop.tiktok.com/view/product/1732535437173231941?region=US&locale=en,9.9,Multicolor,"M,S,XL,L,XXL"
近14天新品,US,1732534908179223356,S260805011238,AIWEIEN Plus Size,大码女装,女士连衣裙,4.2,https://p16-she-va.ibyteimg.com/tos-alisg-i-f7lenjegsh-sg/10fba1ebd58744178a9f63d2f542649e~tplv-g9dfdl17fc-origin-image.image,2026/8/7,内容场占比低,,29,576,,https://shop.tiktok.com/view/product/1732534908179223356?region=US&locale=en,9.8,Black,"5XL,4XL,1XL,3XL,2XL"
近14天新品,US,1732530881057821020,S260803025718,Zhichn Clthing,标码女装,女士针织衫,4.8,https://p16-she-va.ibyteimg.com/tos-alisg-i-f7lenjegsh-sg/b892d349e861478781acbb3d6d15ec6d~tplv-g9dfdl17fc-origin-image.image,2026/8/5,内容场占比低,,60,577,,https://shop.tiktok.com/view/product/1732530881057821020?region=US&locale=en,9.8,"Coffee brown,Cream,Black,Burgundy","M,S,L"
近14天新品,US,1732546194216423938,S260810027501,Rosella shops,标码女装,女士针织衫,4.4,https://p16-she-va.ibyteimg.com/tos-alisg-i-f7lenjegsh-sg/ef7a0f47184a486288730da2c97e46cf~tplv-g9dfdl17fc-origin-image.image,2026/8/10,内容场占比低,高GPM,500,578,,https://shop.tiktok.com/view/product/1732546194216423938?region=US&locale=en,9.7,Heather violet,"M,S,XL,L,XXL"
近14天新品,US,1732526731286778254,S260801015467,Happy Clothing one,标码女装,女士针织衫,2.8,https://p16-she-va.ibyteimg.com/tos-alisg-i-f7lenjegsh-sg/c3c1ff899b2b4eeaa314f328002a214d~tplv-g9dfdl17fc-origin-image.image,2026/8/5,内容场占比低,,24,579,,https://shop.tiktok.com/view/product/1732526731286778254?region=US&locale=en,9.7,All Over Print,"M,S,XL,L,XS"
近14天新品,US,1732542169471684623,S260808030217,CNUSCB44ELYU,标码女装,女士下装,4.3,https://p16-she-va.ibyteimg.com/tos-alisg-i-f7lenjegsh-sg/83bfeaea50e54c7fb50a4512203d2b46~tplv-g9dfdl17fc-origin-image.image,2026/8/8,内容场占比低,高GPM,120,580,,https://shop.tiktok.com/view/product/1732542169471684623?region=US&locale=en,9.7,Coffee brown,"M,S,L,XL,XXL,XS"
近14天新品,US,1732493383435784640,S260714008199,QW Vogue,标码女装,女士下装,Null,https://p16-she-va.ibyteimg.com/tos-alisg-i-f7lenjegsh-sg/121d6874caad45cda680250af05c7f5c~tplv-g9dfdl17fc-origin-image.image,2026/8/3,内容场占比低,,67,581,,https://shop.tiktok.com/view/product/1732493383435784640?region=US&locale=en,9.7,"Multicolor2,Multicolor3,Multicolor","M,S,XL,L,XXL"
近14天新品,US,1732534572650959362,S260805009740,Rosella shops,标码女装,女士针织衫,4.4,https://p16-she-va.ibyteimg.com/tos-alisg-i-f7lenjegsh-sg/8f5f9229bd9d47f1a76262b726bc8ed6~tplv-g9dfdl17fc-origin-image.image,2026/8/5,内容场占比低,高GPM,499,582,,https://shop.tiktok.com/view/product/1732534572650959362?region=US&locale=en,9.7,Yellow,"M,S,XL,L,XXL"
近14天新品,GB,1729887512910207543,S260805012128,Mia Girl,标码女装,女士下装,3.7,https://p16-she-va.ibyteimg.com/tos-alisg-i-f7lenjegsh-sg/8188ec7e7c994652ac9c1c5367ecf042~tplv-g9dfdl17fc-origin-image.image,2026/8/5,内容场占比低,高GPM,71103,349,,https://shop.tiktok.com/view/product/1729887512910207543?region=GB&locale=en,9.7,"Black,White","L,XL,M,S"
近14天新品,US,1732524744250462783,S260731008441,DomieStudio,标码女装,女士下装,Null,https://p16-she-va.ibyteimg.com/tos-alisg-i-f7lenjegsh-sg/33927652ff644d12aa370d9975b538fb~tplv-g9dfdl17fc-origin-image.image,2026/8/7,内容场占比低,,42,583,,https://shop.tiktok.com/view/product/1732524744250462783?region=US&locale=en,9.7,Army green,"M,S,XS,XL,L"
近14天新品,US,1732527565296931064,S260803016257,Amyry,标码女装,女士下装,4.7,https://p16-she-va.ibyteimg.com/tos-alisg-i-f7lenjegsh-sg/a4411dbf83da4eb19bf33799b36a45a3~tplv-g9dfdl17fc-origin-image.image,2026/8/5,内容场占比低,,73,584,,https://shop.tiktok.com/view/product/1732527565296931064?region=US&locale=en,9.6,"Gray,Black,Apricot,Pale blue","M,S,XS,L,XL"
近14天新品,US,1732521720850322032,S260730009390,IMILY BELA Boutique,大码女装,女士上装,3.4,https://p16-she-va.ibyteimg.com/tos-alisg-i-f7lenjegsh-sg/a9a3e86aafd143ffa00dfc6680d85e08~tplv-g9dfdl17fc-origin-image.image,2026/8/6,内容场占比低,,33,585,,https://shop.tiktok.com/view/product/1732521720850322032?region=US&locale=en,9.6,"Green,Pink,Khaki,Hot pink,Red,Gray,Yellow,Black,Dark gray,Light wash,Blue","5XL,4XL,1XL,3XL,2XL"
近14天新品,US,1732530261997687741,S260803012510,Chic Shorties,大码女装,女士上装,Null,https://p16-she-va.ibyteimg.com/tos-alisg-i-f7lenjegsh-sg/52e27bd571f6447e844646d04e7fe093~tplv-g9dfdl17fc-origin-image.image,2026/8/6,内容场占比低,高GPM,24,586,,https://shop.tiktok.com/view/product/1732530261997687741?region=US&locale=en,9.6,Black,"5XL,4XL,1XL,3XL,2XL"
近14天新品,GB,1729889060496382147,S260806015250,XXINGWANG,大码女装,女士上装,4.2,https://p16-she-va.ibyteimg.com/tos-alisg-i-f7lenjegsh-sg/5c277f2b07544957852270ef35fe15e3~tplv-g9dfdl17fc-origin-image.image,2026/8/8,内容场占比低,,4999,350,,https://shop.tiktok.com/view/product/1729889060496382147?region=GB&locale=en,9.5,"Dark blue,Black","2XL,1XL,4XL,5XL,3XL"
近14天新品,GB,1729886055871519535,S260803021796,Chic Fit Bites,标码女装,女士套装及西服,Null,https://p16-she-va.ibyteimg.com/tos-alisg-i-f7lenjegsh-sg/5e066d6e831c470d9aea8898f1a48577~tplv-g9dfdl17fc-origin-image.image,2026/8/3,内容场占比低,,120,351,,https://shop.tiktok.com/view/product/1729886055871519535?region=GB&locale=en,9.5,Black,"S,M,XL,L"
近14天新品,US,1732541888932778321,S260808024174,Crush Wear,标码女装,女士下装,4.3,https://p16-she-va.ibyteimg.com/tos-alisg-i-f7lenjegsh-sg/da19beae0da941728b7bbe1d1ffb1fdc~tplv-g9dfdl17fc-origin-image.image,2026/8/8,内容场占比低,高GPM,71103,587,,https://shop.tiktok.com/view/product/1732541888932778321?region=US&locale=en,9.5,"Multi-color,Multicolor1","M,S,L,XL"
近14天新品,US,1732546191571128657,S260810035009,Crush Wear,标码女装,女士下装,4.3,https://p16-she-va.ibyteimg.com/tos-alisg-i-f7lenjegsh-sg/19c4a924cf3d4940b66bd2b632243b70~tplv-g9dfdl17fc-origin-image.image,2026/8/10,内容场占比低,高GPM,284415,588,,https://shop.tiktok.com/view/product/1732546191571128657?region=US&locale=en,9.5,"Multicolor11,Multicolor7,Multicolor6,Multicolor9,Multicolor12,Colorful 13,Multicolor10,Multicolor8","M,S,XL,L"
近14天新品,US,1732528328585351596,S260802014093,The Pretty Line,标码女装,女士下装,4.6,https://p16-she-va.ibyteimg.com/tos-alisg-i-f7lenjegsh-sg/c7800d26ffb248098fcd224665a0e728~tplv-g9dfdl17fc-origin-image.image,2026/8/6,内容场占比低,,19,589,,https://shop.tiktok.com/view/product/1732528328585351596?region=US&locale=en,9.4,Apricot,"M,S,XL,L"
近14天新品,US,1732532277569884700,S260804002910,Bold Colors,标码女装,女士下装,Null,https://p16-she-va.ibyteimg.com/tos-alisg-i-f7lenjegsh-sg/9c04f71789ff4147bc206e4372760aac~tplv-g9dfdl17fc-origin-image.image,2026/8/4,内容场占比低,高GPM,29999,590,,https://shop.tiktok.com/view/product/1732532277569884700?region=US&locale=en,9.4,"Green,Purple,Yellow,White,Black,Brown","M,S,XL,L,XXL"
近14天新品,US,1732518092668637664,S260728011746,Gude.Good,标码女装,女士下装,Null,https://p16-she-va.ibyteimg.com/tos-alisg-i-f7lenjegsh-sg/f2c65d9bea5f4224b4844ce38d5f91f9~tplv-g9dfdl17fc-origin-image.image,2026/8/5,内容场占比低,,240000,591,,https://shop.tiktok.com/view/product/1732518092668637664?region=US&locale=en,9.4,"Coffee brown,White stripes,Black stripes,White,Black,Burgundy","M,S,XL,L"
近14天新品,US,1732532905311375945,S260804007299,Trendy forLess,标码女装,女士下装,Null,https://p16-she-va.ibyteimg.com/tos-alisg-i-f7lenjegsh-sg/00a51c33a19f43ecac9517b52f30ea32~tplv-g9dfdl17fc-origin-image.image,2026/8/4,内容场占比低,高GPM,35,592,,https://shop.tiktok.com/view/product/1732532905311375945?region=US&locale=en,9.4,"Camel,Gray,Copper brown","M,S,L,XL"
近14天新品,US,1732537181125709879,S260806014745,Asvivid Hub,标码女装,女士下装,Null,https://p16-she-va.ibyteimg.com/tos-alisg-i-f7lenjegsh-sg/72670445775d44bba56d63cd6dd19ac5~tplv-g9dfdl17fc-origin-image.image,2026/8/6,内容场占比低,,92,593,,https://shop.tiktok.com/view/product/1732537181125709879?region=US&locale=en,9.4,Multicolor,"M,S,L,XL"
近14天新品,US,1732509677579440471,S260723008220,FOXCLAW Curve,大码女装,女士上装,4,https://p16-she-va.ibyteimg.com/tos-alisg-i-f7lenjegsh-sg/c464f61604a14ef6911b0f6bbd9dab70~tplv-g9dfdl17fc-origin-image.image,2026/8/5,内容场占比低,,34,594,,https://shop.tiktok.com/view/product/1732509677579440471?region=US&locale=en,9.4,Black,"5XL,4XL,1XL,3XL,2XL"
近14天新品,US,1732535065106354444,S260805028898,Aevum Jia,标码女装,女士下装,4.2,https://p16-she-va.ibyteimg.com/tos-alisg-i-f7lenjegsh-sg/584bd35a63124159977dd860124c618a~tplv-g9dfdl17fc-origin-image.image,2026/8/5,内容场占比低,高GPM,498,595,,https://shop.tiktok.com/view/product/1732535065106354444?region=US&locale=en,9.4,Black and white,"M,S,L,XL,XS"
近14天新品,US,1732534976802623904,S260805022941,OKABASA,大码女装,女士下装,2.8,https://p16-she-va.ibyteimg.com/tos-alisg-i-f7lenjegsh-sg/3875f7e1522748f09994ea1366b45932~tplv-g9dfdl17fc-origin-image.image,2026/8/5,内容场占比低,,15,596,,https://shop.tiktok.com/view/product/1732534976802623904?region=US&locale=en,9.3,Black,"4XL,1XL,0XL,3XL,2XL"
近14天新品,US,1732529245698560557,S260803000825,Toflame,标码女装,女士下装,4.7,https://p16-she-va.ibyteimg.com/tos-alisg-i-f7lenjegsh-sg/f48ae4d70cd440edbcde6b33925f387e~tplv-g9dfdl17fc-origin-image.image,2026/8/5,内容场占比低,,14,597,,https://shop.tiktok.com/view/product/1732529245698560557?region=US&locale=en,9.3,Yellow,"M,S,L"
近14天新品,MX,1736934960079275449,S260724016610,Nancy Form,大码女装,女士上装,Null,https://p16-she-va.ibyteimg.com/tos-alisg-i-f7lenjegsh-sg/03992638dc9342078e1baa784dfc0af2~tplv-g9dfdl17fc-origin-image.image,2026/8/6,内容场占比低,高GPM,38,87,,https://shop.tiktok.com/view/product/1736934960079275449?region=MX&locale=en,9.3,"Multiple colors 2,Multiple colors 1","1XL,0XL,2XL,4XL,3XL"
近14天新品,GB,1729886332118473661,S260731021873,Chic Shorties,大码女装,女士上装,Null,https://p16-she-va.ibyteimg.com/tos-alisg-i-f7lenjegsh-sg/416475bb41a649c0a40a0a3888ba9ac5~tplv-g9dfdl17fc-origin-image.image,2026/8/6,内容场占比低,高GPM,117,352,,https://shop.tiktok.com/view/product/1729886332118473661?region=GB&locale=en,9.3,"Black,Apricot,Rose red,Blue,Hot pink,Gray","5XL,1XL,3XL,2XL,4XL"
近14天新品,GB,1729887522224576583,S260805013526,Mini knit,标码女装,女士针织衫,Null,https://p16-she-va.ibyteimg.com/tos-alisg-i-f7lenjegsh-sg/8ececff489a14d18ae5b591256c0e2b7~tplv-g9dfdl17fc-origin-image.image,2026/8/9,内容场占比低,高GPM,14,353,,https://shop.tiktok.com/view/product/1729887522224576583?region=GB&locale=en,9.3,Black,"S,L,M"
近14天新品,US,1732529026114294367,S260730022586,Vanshee Show,标码女装,女士套装及西服,4.2,https://p16-she-va.ibyteimg.com/tos-alisg-i-f7lenjegsh-sg/119098d2a49d4d0c84c7650a56f2fdb2~tplv-g9dfdl17fc-origin-image.image,2026/8/3,内容场占比低,,159,598,,https://shop.tiktok.com/view/product/1732529026114294367?region=US&locale=en,9.2,"Coffee brown,Yellow","M,S,L,XL"
近14天新品,US,1732516066322322222,S260727022089,Einsamw,标码女装,女士套装及西服,4.7,https://p16-she-va.ibyteimg.com/tos-alisg-i-f7lenjegsh-sg/0fb51f579109475da89f1db8f3a00d33~tplv-g9dfdl17fc-origin-image.image,2026/8/9,内容场占比低,,35,599,,https://shop.tiktok.com/view/product/1732516066322322222?region=US&locale=en,9.2,Black,"M,S,L,XL"
近14天新品,US,1732530427973833071,S260803026967,Dulcette fashion,标码女装,女士下装,Null,https://p16-she-va.ibyteimg.com/tos-alisg-i-f7lenjegsh-sg/a80e0ec97f274da2bce8a6f3b57e7f11~tplv-g9dfdl17fc-origin-image.image,2026/8/12,内容场占比低,高GPM,149,600,,https://shop.tiktok.com/view/product/1732530427973833071?region=US&locale=en,6.1,"Leaf green,Dark beige,Dark brown,Maroon,Blue","M,S,L,XL"
近14天新品,US,1732530443569172488,S260803018919,MuHear,标码女装,女士下装,Null,https://p16-she-va.ibyteimg.com/tos-alisg-i-f7lenjegsh-sg/edaa900d84344ba5a6061a73eca87d50~tplv-g9dfdl17fc-origin-image.image,2026/8/3,内容场占比低,,499,601,,https://shop.tiktok.com/view/product/1732530443569172488?region=US&locale=en,9.1,Black,"M,S,L,XS,XL"
近14天新品,MX,1736914188483659709,S260806024382,Pre Luxe Fabs,大码女装,女士上装,Null,https://p16-she-va.ibyteimg.com/tos-alisg-i-f7lenjegsh-sg/22e110ac9ab1483ba542c56fa407701d~tplv-g9dfdl17fc-origin-image.image,2026/8/9,内容场占比低,高GPM,23,88,,https://shop.tiktok.com/view/product/1736914188483659709?region=MX&locale=en,9.1,Apricot,"3XL,1XL,2XL,5XL,4XL"
近14天新品,US,1732540144800403496,S260807038913,FIRSTROW,标码女装,女士下装,4.2,https://p16-she-va.ibyteimg.com/tos-alisg-i-f7lenjegsh-sg/024f521ad2e3485195d52dc84a426c5b~tplv-g9dfdl17fc-origin-image.image,2026/8/9,内容场占比低,,11,602,,https://shop.tiktok.com/view/product/1732540144800403496?region=US&locale=en,9.1,Medium wash,"M,S,L"
近14天新品,GB,1729886304117299916,S260729027842,GardenJoyy,标码女装,女士下装,4.5,https://p16-she-va.ibyteimg.com/tos-alisg-i-f7lenjegsh-sg/f42b74bd40704388958a86ae5f0f634a~tplv-g9dfdl17fc-origin-image.image,2026/8/4,内容场占比低,高GPM,879,354,,https://shop.tiktok.com/view/product/1729886304117299916?region=GB&locale=en,9,"Gray,Gray 2","XL,M,L,XXL,S"
近14天新品,US,1732533108658377727,S260803021412,Veve Muse,标码女装,女士下装,2.8,https://p16-she-va.ibyteimg.com/tos-alisg-i-f7lenjegsh-sg/028bcbcacd764a48840707989463512c~tplv-g9dfdl17fc-origin-image.image,2026/8/4,内容场占比低,高GPM,41,603,,https://shop.tiktok.com/view/product/1732533108658377727?region=US&locale=en,9,"Gray,Black","M,S,L,XL,XS"
近14天新品,US,1732541633300566855,S260808020159,Zorsen,标码女装,女士下装,2.1,https://p16-she-va.ibyteimg.com/tos-alisg-i-f7lenjegsh-sg/82bcd10a0cdf4362b1ed184aa48149f8~tplv-g9dfdl17fc-origin-image.image,2026/8/8,内容场占比低,高GPM,999,604,,https://shop.tiktok.com/view/product/1732541633300566855?region=US&locale=en,9,"Leopard print,gray leopard print","M,S,L,XL,XS"
近14天新品,US,1732522820654240087,S260730021946,FOXCLAW Curve,大码女装,女士上装,4,https://p16-she-va.ibyteimg.com/tos-alisg-i-f7lenjegsh-sg/449db088897e4becbf549c0ad8c85203~tplv-g9dfdl17fc-origin-image.image,2026/8/4,内容场占比低,高GPM,22,605,,https://shop.tiktok.com/view/product/1732522820654240087?region=US&locale=en,9,Black,"4XL,1XL,0XL,3XL,2XL"
近14天新品,MX,1736892192248727070,S260803019130,Fenglin CurvyChic,大码女装,女士下装,Null,https://p16-she-va.ibyteimg.com/tos-alisg-i-f7lenjegsh-sg/549b3756d12149aea1cd361f61191e8e~tplv-g9dfdl17fc-origin-image.image,2026/8/9,内容场占比低,高GPM,100,89,,https://shop.tiktok.com/view/product/1736892192248727070?region=MX&locale=en,9,Black,"0XL,2XL,4XL,3XL,1XL"
近14天新品,MX,1736691286366389689,S260724015657,Nancy Form,大码女装,女士上装,Null,https://p16-she-va.ibyteimg.com/tos-alisg-i-f7lenjegsh-sg/fd426f877e014f2297c402b42a6175ea~tplv-g9dfdl17fc-origin-image.image,2026/8/6,内容场占比低,,59,90,,https://shop.tiktok.com/view/product/1736691286366389689?region=MX&locale=en,9,"Multiple colors 1,Multiple colors 2,Multiple colors 3","4XL,2XL,3XL,1XL,0XL"
近14天新品,US,1732534740880363528,S260729002356,MuListen,标码女装,女士套装及西服,Null,https://p16-she-va.ibyteimg.com/tos-alisg-i-f7lenjegsh-sg/a2c07fed53914ecea3e5dff90da5994f~tplv-g9dfdl17fc-origin-image.image,2026/8/3,内容场占比低,,999,606,,https://shop.tiktok.com/view/product/1732534740880363528?region=US&locale=en,8.9,Multi-color,"M,S,L,XL,XXL"
近14天新品,MX,1736913103195898985,S260806022686,Wancy's,标码女装,女士下装,1,https://p16-she-va.ibyteimg.com/tos-alisg-i-f7lenjegsh-sg/b1956a5346ad4ef09401bac6fe75153f~tplv-g9dfdl17fc-origin-image.image,2026/8/6,内容场占比低,高GPM,1199,91,,https://shop.tiktok.com/view/product/1736913103195898985?region=MX&locale=en,8.9,Black,"XS,L,S,M"
近14天新品,MX,1736851503241462933,S260801018510,RICH YOU,标码女装,女士套装及西服,Null,https://p16-she-va.ibyteimg.com/tos-alisg-i-f7lenjegsh-sg/219784a5853b48d88d3b1a0e16d8e967~tplv-g9dfdl17fc-origin-image.image,2026/8/3,内容场占比低,,299996,92,,https://shop.tiktok.com/view/product/1736851503241462933?region=MX&locale=en,8.8,Brown,"M,S,L"
近14天新品,GB,1729886891458992574,S260729027832,FeelingChic,标码女装,女士下装,4.4,https://p16-she-va.ibyteimg.com/tos-alisg-i-f7lenjegsh-sg/166ea7ac693e455cb8f168aa7d442b97~tplv-g9dfdl17fc-origin-image.image,2026/8/4,内容场占比低,,9998,355,,https://shop.tiktok.com/view/product/1729886891458992574?region=GB&locale=en,8.8,"Black,Polka dots","XS,XL,L,S,M"
近14天新品,MX,1736879879333840215,S260804021768,FOXCLAW Curve,大码女装,女士上装,3.4,https://p16-she-va.ibyteimg.com/tos-alisg-i-f7lenjegsh-sg/bc3b7909b65e48648858bc35a3aeec6a~tplv-g9dfdl17fc-origin-image.image,2026/8/6,内容场占比低,,23,93,,https://shop.tiktok.com/view/product/1736879879333840215?region=MX&locale=en,8.8,Hot pink,"2XL,0XL,1XL,3XL,4XL"
近14天新品,GB,1729892012439149310,S260810035453,Lunar Miss,标码女装,女士下装,Null,https://p16-she-va.ibyteimg.com/tos-alisg-i-f7lenjegsh-sg/6c4921ec95904f7fa0f597a8510b393a~tplv-g9dfdl17fc-origin-image.image,2026/8/10,内容场占比低,高GPM,355520,356,,https://shop.tiktok.com/view/product/1729892012439149310?region=GB&locale=en,8.8,"Multicolor8,Multicolor5,Multicolor3,Multicolor4,Multicolor2,Multicolor10,Multicolor7,Multicolor9,Multicolor,Multicolor6","L,M,S,XL"
近14天新品,US,1732513009084502504,S260725027105,Chic Vines,标码女装,女士下装,4.4,https://p16-she-va.ibyteimg.com/tos-alisg-i-f7lenjegsh-sg/468d3ecba7ca4620a1b050f3f5741e16~tplv-g9dfdl17fc-origin-image.image,2026/8/8,内容场占比低,高GPM,16,607,,https://shop.tiktok.com/view/product/1732513009084502504?region=US&locale=en,8.7,Black,"M,S,L,XL"
近14天新品,US,1732533675400270403,S260731013380,yuangfulll,标码女装,女士针织衫,2.2,https://p16-she-va.ibyteimg.com/tos-alisg-i-f7lenjegsh-sg/2cd9237e319d444cb60e02dcaa2363b9~tplv-g9dfdl17fc-origin-image.image,2026/8/9,内容场占比低,高GPM,9,608,,https://shop.tiktok.com/view/product/1732533675400270403?region=US&locale=en,8.7,White,"M,S,L,XL"
近14天新品,US,1732525149936717951,S260731020118,Ilya costume,标码女装,女士套装及西服,4.1,https://p16-she-va.ibyteimg.com/tos-alisg-i-f7lenjegsh-sg/d7298cbef5ae4020bfa33e107a0606a2~tplv-g9dfdl17fc-origin-image.image,2026/8/3,内容场占比低,,18,609,,https://shop.tiktok.com/view/product/1732525149936717951?region=US&locale=en,8.7,Black,"M,S,L,XS"
近14天新品,GB,1729885561434183695,S260729037303,CNGBCB927LKJ,标码女装,女士下装,4.2,https://p16-she-va.ibyteimg.com/tos-alisg-i-f7lenjegsh-sg/367c01c76ddf494d9fca787aea22f960~tplv-g9dfdl17fc-origin-image.image,2026/8/3,内容场占比低,高GPM,50,357,,https://shop.tiktok.com/view/product/1729885561434183695?region=GB&locale=en,8.6,Stripe,"XS,M,XL,L,S"
近14天新品,US,1732527652389753175,S260802000123,FOXCLAW Curve,大码女装,女士上装,4,https://p16-she-va.ibyteimg.com/tos-alisg-i-f7lenjegsh-sg/68a50891969f4a8ca2c5ce74f2aed4a4~tplv-g9dfdl17fc-origin-image.image,2026/8/7,内容场占比低,,24,610,,https://shop.tiktok.com/view/product/1732527652389753175?region=US&locale=en,8.6,Brown,"5XL,4XL,1XL,3XL,2XL"
近14天新品,US,1732536638822519579,S260806008405,Slim Tech Shop,标码女装,女士下装,4.4,https://p16-she-va.ibyteimg.com/tos-alisg-i-f7lenjegsh-sg/4aba1ae4bc7240e2b3e9a545e1ff24fa~tplv-g9dfdl17fc-origin-image.image,2026/8/6,内容场占比低,,56,611,,https://shop.tiktok.com/view/product/1732536638822519579?region=US&locale=en,8.6,Gray,"M,S,XS,XL,L"
近14天新品,GB,1729890496514333208,S260807036768,PlumBabe,标码女装,女士下装,Null,https://p16-she-va.ibyteimg.com/tos-alisg-i-f7lenjegsh-sg/4289e6d1cf6c4d029cb52a5c0df62e3b~tplv-g9dfdl17fc-origin-image.image,2026/8/7,内容场占比低,高GPM,500,358,,https://shop.tiktok.com/view/product/1729890496514333208?region=GB&locale=en,8.6,White,"XL,XXL,S,L,M"
近14天新品,GB,1729883836281755991,S260730021946,FOXCLAW Curve,大码女装,女士上装,4.3,https://p16-she-va.ibyteimg.com/tos-alisg-i-f7lenjegsh-sg/449db088897e4becbf549c0ad8c85203~tplv-g9dfdl17fc-origin-image.image,2026/8/4,内容场占比低,,22,359,,https://shop.tiktok.com/view/product/1729883836281755991?region=GB&locale=en,8.5,Black,"1XL,3XL,0XL,4XL,2XL"
近14天新品,US,1732533009026814741,S260804027426,AOMR,标码女装,女士套装及西服,4.4,https://p16-she-va.ibyteimg.com/tos-alisg-i-f7lenjegsh-sg/3b70b5a35e364b0bb237798c80cbba32~tplv-g9dfdl17fc-origin-image.image,2026/8/6,内容场占比低,,14,612,,https://shop.tiktok.com/view/product/1732533009026814741?region=US&locale=en,8.5,Burgundy,"M,S,L"
近14天新品,US,1732525182360260753,S260731004121,MEIMEI Women,标码女装,女士针织衫,4.7,https://p16-she-va.ibyteimg.com/tos-alisg-i-f7lenjegsh-sg/9e3fdffc8f0443f5a46f54610c68c4c3~tplv-g9dfdl17fc-origin-image.image,2026/8/4,内容场占比低,高GPM,24,613,,https://shop.tiktok.com/view/product/1732525182360260753?region=US&locale=en,8.4,Green,"M,S,XL,L,XXL"
近14天新品,US,1732530224426030067,S260803011703,RoyiFay,标码女装,女士下装,Null,https://p16-she-va.ibyteimg.com/tos-alisg-i-f7lenjegsh-sg/1955777342154549b23485567dc7a796~tplv-g9dfdl17fc-origin-image.image,2026/8/7,内容场占比低,,31,614,,https://shop.tiktok.com/view/product/1732530224426030067?region=US&locale=en,8.4,"White,Black","M,S,XS,L"
近14天新品,GB,1729885301095832343,S260802004825,Quick Fit Fashion,标码女装,女士下装,Null,https://p16-she-va.ibyteimg.com/tos-alisg-i-f7lenjegsh-sg/493bfd21fb814c97b72e9c3cead01cc1~tplv-g9dfdl17fc-origin-image.image,2026/8/5,内容场占比低,高GPM,44,360,,https://shop.tiktok.com/view/product/1729885301095832343?region=GB&locale=en,8.4,"Black,Mocha brown,White","S,M,L"
近14天新品,US,1732539651993146169,S260807020421,Leadershow Factory,标码女装,女士下装,3.8,https://p16-she-va.ibyteimg.com/tos-alisg-i-f7lenjegsh-sg/0cbdcc2a73014ab8a0066c6cde991776~tplv-g9dfdl17fc-origin-image.image,2026/8/7,内容场占比低,,14,615,,https://shop.tiktok.com/view/product/1732539651993146169?region=US&locale=en,8.3,Gray,"M,S,L,XS,XL"
近14天新品,US,1732533306361877004,S260804023049,Seraphina Threads,标码女装,女士套装及西服,Null,https://p16-she-va.ibyteimg.com/tos-alisg-i-f7lenjegsh-sg/aec619d7689d47e69b63f7f55fb84dd5~tplv-g9dfdl17fc-origin-image.image,2026/8/4,内容场占比低,,4999,616,,https://shop.tiktok.com/view/product/1732533306361877004?region=US&locale=en,8.3,Multiple colors,"M,S,XL,L,XXL"
近14天新品,US,1732541498232770976,S260808015687,OKABASA,标码女装,女士套装及西服,2.8,https://p16-she-va.ibyteimg.com/tos-alisg-i-f7lenjegsh-sg/c9ae38646ba348759a9725e528227d6f~tplv-g9dfdl17fc-origin-image.image,2026/8/8,内容场占比低,高GPM,40,617,,https://shop.tiktok.com/view/product/1732541498232770976?region=US&locale=en,8.3,Apricot,"M,S,L,XL,XXL"
近14天新品,MX,1736930831315797825,S260807024211,Movve,标码女装,女士下装,4.6,https://p16-she-va.ibyteimg.com/tos-alisg-i-f7lenjegsh-sg/85afae3e86154ecf9206bbc1b16f4a5e~tplv-g9dfdl17fc-origin-image.image,2026/8/7,内容场占比低,,4997,94,,https://shop.tiktok.com/view/product/1736930831315797825?region=MX&locale=en,8.3,Multi-color,"S,M,XS,XL,L"
近14天新品,US,1732542944427676443,S260809002731,Slim Tech Shop,标码女装,女士下装,4.4,https://p16-she-va.ibyteimg.com/tos-alisg-i-f7lenjegsh-sg/26ee8b5567eb47529fa78cfbcef9e5e4~tplv-g9dfdl17fc-origin-image.image,2026/8/9,内容场占比低,,1088,618,,https://shop.tiktok.com/view/product/1732542944427676443?region=US&locale=en,8.3,"Khaki,Sky blue,Deep blue,Blue","M,S,XS,L,XL"
近14天新品,US,1732520717411979530,S260729016117,HoneyBadgercome,标码女装,女士下装,4.5,https://p16-she-va.ibyteimg.com/tos-alisg-i-f7lenjegsh-sg/133bad5f9b824fadb06d9a7e74f603af~tplv-g9dfdl17fc-origin-image.image,2026/8/4,内容场占比低,,17,619,,https://shop.tiktok.com/view/product/1732520717411979530?region=US&locale=en,8.2,Black,"M,S,L"
近14天新品,US,1732514063014204225,S260726011154,Oman Clothing,标码女装,女士下装,3.2,https://p16-she-va.ibyteimg.com/tos-alisg-i-f7lenjegsh-sg/e5f85174f3f84624a7efa6f86eb00d5c~tplv-g9dfdl17fc-origin-image.image,2026/8/5,内容场占比低,,13,620,,https://shop.tiktok.com/view/product/1732514063014204225?region=US&locale=en,8.2,Black,"M,S,L,XL"
近14天新品,US,1732529267928503186,S260729028859,DailySlack,标码女装,女士下装,Null,https://p16-she-va.ibyteimg.com/tos-alisg-i-f7lenjegsh-sg/12f461ab2eaa4def8aa148f1be2a750d~tplv-g9dfdl17fc-origin-image.image,2026/8/6,,,34,621,,https://shop.tiktok.com/view/product/1732529267928503186?region=US&locale=en,8.1,Multi-color,"M,S,L,XL,XXL"
近14天新品,US,1732539607949284053,S260807015797,Ribbon & Rouge,大码女装,连体衣,Null,https://p16-she-va.ibyteimg.com/tos-alisg-i-f7lenjegsh-sg/d9b9ac4505644603ba11d9e929104e4b~tplv-g9dfdl17fc-origin-image.image,2026/8/7,内容场占比低,,11109,622,,https://shop.tiktok.com/view/product/1732539607949284053?region=US&locale=en,8,"Red,Black","4XL,1XL,0XL,3XL,2XL"
近14天新品,US,1732533138648568254,S260729027832,FeelingChic,标码女装,女士下装,4.4,https://p16-she-va.ibyteimg.com/tos-alisg-i-f7lenjegsh-sg/166ea7ac693e455cb8f168aa7d442b97~tplv-g9dfdl17fc-origin-image.image,2026/8/4,内容场占比低,,9998,623,,https://shop.tiktok.com/view/product/1732533138648568254?region=US&locale=en,8,"Black,Polka dots","M,S,XL,XS,L"
近14天新品,US,1732532352432377864,S260803018883,MuEcho,标码女装,女士下装,Null,https://p16-she-va.ibyteimg.com/tos-alisg-i-f7lenjegsh-sg/0ae5d94f1a0f45828cc1870eefec5518~tplv-g9dfdl17fc-origin-image.image,2026/8/5,内容场占比低,,999,624,,https://shop.tiktok.com/view/product/1732532352432377864?region=US&locale=en,8,White,"M,S,L,XL,XS"
近14天新品,US,1732549184657003026,S260811033986,Belle Fleurs,标码女装,女士下装,4.9,https://p16-she-va.ibyteimg.com/tos-alisg-i-f7lenjegsh-sg/20dc3da0ecd84388b72c959658a3dbed~tplv-g9dfdl17fc-origin-image.image,2026/8/11,内容场占比低,,39992,625,,https://shop.tiktok.com/view/product/1732549184657003026?region=US&locale=en,6.6,Black,"M,S,L,XS"
近14天新品,US,1732537532051264204,S260806030193,FelixGarden,标码女装,女士套装及西服,3.3,https://p16-she-va.ibyteimg.com/tos-alisg-i-f7lenjegsh-sg/aacd0eb781ef4deabf468198c0f7819c~tplv-g9dfdl17fc-origin-image.image,2026/8/6,内容场占比低,,2500,626,,https://shop.tiktok.com/view/product/1732537532051264204?region=US&locale=en,7.9,"Pink and brown stripes,Blue stripes,Pink stripes,Pink and white stripes,Brown stripes","M,S,L,XL,XXL"
近14天新品,US,1732503436206051493,S260710018012,Luxe Classics,标码女装,女士下装,Null,https://p16-she-va.ibyteimg.com/tos-alisg-i-f7lenjegsh-sg/fd31741423244d799d0cf74fe77faf28~tplv-g9dfdl17fc-origin-image.image,2026/8/5,内容场占比低,,134,627,,https://shop.tiktok.com/view/product/1732503436206051493?region=US&locale=en,7.9,"Blue,Pink,Black,Green","M,S,L,XL,XXL"
近14天新品,US,1732522341963763798,S260730008225,StreamNan,标码女装,女士下装,Null,https://p16-she-va.ibyteimg.com/tos-alisg-i-f7lenjegsh-sg/157b7df917e540659c1266d870ccbd39~tplv-g9dfdl17fc-origin-image.image,2026/8/4,内容场占比低,,18,628,,https://shop.tiktok.com/view/product/1732522341963763798?region=US&locale=en,7.9,Black,"M,S,L,XL"
近14天新品,GB,1729893352279415657,S260812013181,Hijab Haven,标码女装,女士穆斯林服饰,2.9,https://p16-she-va.ibyteimg.com/tos-alisg-i-f7lenjegsh-sg/f0ca4cb30d874cd5af5f12446216d46f~tplv-g9dfdl17fc-origin-image.image,2026/8/12,内容场占比低,,89,361,,https://shop.tiktok.com/view/product/1729893352279415657?region=GB&locale=en,5.2,"01# White, 6 pieces,01#3 pieces white,01# White",one-size
近14天新品,US,1732531298911097243,S260803033913,Pink Ora,标码女装,女士下装,Null,https://p16-she-va.ibyteimg.com/tos-alisg-i-f7lenjegsh-sg/43b7b1a495424f16b3f6c00532cc91a4~tplv-g9dfdl17fc-origin-image.image,2026/8/4,内容场占比低,高GPM,2999,629,,https://shop.tiktok.com/view/product/1732531298911097243?region=US&locale=en,7.8,"Multi-color,Black","M,S,XL,L,XXL"
近14天新品,US,1732537250970112590,S260806011350,bboyAlun,大码女装,女士连衣裙,3.4,https://p16-she-va.ibyteimg.com/tos-alisg-i-f7lenjegsh-sg/a278dfc045ff4843935d6972dd8a07ad~tplv-g9dfdl17fc-origin-image.image,2026/8/6,内容场占比低,,249,630,,https://shop.tiktok.com/view/product/1732537250970112590?region=US&locale=en,7.8,Red,"5XL,4XL,1XL,3XL,2XL"
近14天新品,US,1732532825071456522,S260804022473,HoneyBadgercome,标码女装,女士套装及西服,4.5,https://p16-she-va.ibyteimg.com/tos-alisg-i-f7lenjegsh-sg/1385339a09644c73bcb09fea1ed7e4e1~tplv-g9dfdl17fc-origin-image.image,2026/8/6,内容场占比低,,59,631,,https://shop.tiktok.com/view/product/1732532825071456522?region=US&locale=en,7.7,"Under white, top black—color-blocked,Black and white color contrast","M,S,L,XL,XS"
近14天新品,US,1732535004179370518,S260805025050,AORUNOVA,标码女装,女士套装及西服,4.7,https://p16-she-va.ibyteimg.com/tos-alisg-i-f7lenjegsh-sg/a12489780f9740cc88dfe64e796710e8~tplv-g9dfdl17fc-origin-image.image,2026/8/5,内容场占比低,,79,632,,https://shop.tiktok.com/view/product/1732535004179370518?region=US&locale=en,7.7,White,"M,S,L,XL"
近14天新品,US,1732522090879291889,S260730002211,sisterlinda,标码女装,女士套装及西服,Null,https://p16-she-va.ibyteimg.com/tos-alisg-i-f7lenjegsh-sg/346bb647fcb24e0b967c97130fa4d126~tplv-g9dfdl17fc-origin-image.image,2026/8/8,内容场占比低,高GPM,14,633,,https://shop.tiktok.com/view/product/1732522090879291889?region=US&locale=en,7.6,Red,"M,S,L"
近14天新品,US,1732516061941764443,S260727021311,CORRENA,标码女装,女士套装及西服,Null,https://p16-she-va.ibyteimg.com/tos-alisg-i-f7lenjegsh-sg/8c9ef63451fa4980873ba93e82c21973~tplv-g9dfdl17fc-origin-image.image,2026/8/7,内容场占比低,,104,634,,https://shop.tiktok.com/view/product/1732516061941764443?region=US&locale=en,7.5,"Brown,Black,Blue","M,S,XL,L,XXL"
近14天新品,GB,1729872739926579543,S260714016739,FOXCLAW Curve,大码女装,女士上装,4.3,https://p16-she-va.ibyteimg.com/tos-alisg-i-f7lenjegsh-sg/114e4156371048da8186f5dbf521bd60~tplv-g9dfdl17fc-origin-image.image,2026/8/5,内容场占比低,,31,362,,https://shop.tiktok.com/view/product/1729872739926579543?region=GB&locale=en,7.4,Khaki,"4XL,1XL,3XL,5XL,2XL"
近14天新品,GB,1729826814441003229,S260508029249,Cyan grass seedling,标码女装,女士下装,4.8,https://p16-she-va.ibyteimg.com/tos-alisg-i-f7lenjegsh-sg/3d5d89c1bf47473aa3ca9be97e9efb1e~tplv-g9dfdl17fc-origin-image.image,2026/8/3,内容场占比低,,12,363,,https://shop.tiktok.com/view/product/1729826814441003229?region=GB&locale=en,7.4,Black,"L,M,S,XL"
近14天新品,US,1732537310345859511,S260728032953,LKSF SX,标码女装,女士下装,1.9,https://p16-she-va.ibyteimg.com/tos-alisg-i-f7lenjegsh-sg/96b70378bf914808a1d6f8d57a12cd90~tplv-g9dfdl17fc-origin-image.image,2026/8/6,内容场占比低,高GPM,199,635,,https://shop.tiktok.com/view/product/1732537310345859511?region=US&locale=en,7.4,Black,"M,S,L,XL"
近14天新品,US,1732521053508506306,S260729037930,Chic Moda Savings,标码女装,女士针织衫,Null,https://p16-she-va.ibyteimg.com/tos-alisg-i-f7lenjegsh-sg/56052216049e45b3b41bc947a4f41689~tplv-g9dfdl17fc-origin-image.image,2026/8/7,内容场占比低,,78,636,,https://shop.tiktok.com/view/product/1732521053508506306?region=US&locale=en,7.4,"Yellow,White,Black,Apricot","M,S,XL,L"
近14天新品,US,1732534414656901120,S260805008363,Bloom Drape,标码女装,女士下装,4,https://p16-she-va.ibyteimg.com/tos-alisg-i-f7lenjegsh-sg/e6871f7097cf4851b9c4cf1c9a17619b~tplv-g9dfdl17fc-origin-image.image,2026/8/9,内容场占比低,,24,637,,https://shop.tiktok.com/view/product/1732534414656901120?region=US&locale=en,7.1,Black,"M,S,L,XL,XS"
近14天新品,US,1732534893840076905,S260805016629,Wancy's,标码女装,女士下装,4.7,https://p16-she-va.ibyteimg.com/tos-alisg-i-f7lenjegsh-sg/711def79a68447ec8d45608287e82fde~tplv-g9dfdl17fc-origin-image.image,2026/8/5,内容场占比低,,1200,638,,https://shop.tiktok.com/view/product/1732534893840076905?region=US&locale=en,7,Light brown,"M,S,XS,L"
近14天新品,US,1732529294649234199,S260802016331,Quick Fit Fashion,标码女装,女士下装,Null,https://p16-she-va.ibyteimg.com/tos-alisg-i-f7lenjegsh-sg/041f88f192bb45a89cf5e09d23c3c8c8~tplv-g9dfdl17fc-origin-image.image,2026/8/6,内容场占比低,,74,639,,https://shop.tiktok.com/view/product/1732529294649234199?region=US&locale=en,7,"Khaki,Olive green,off-white,Black,Brown","M,S,L"
近14天新品,US,1732532723171823959,S260804021768,FOXCLAW Curve,大码女装,女士上装,4,https://p16-she-va.ibyteimg.com/tos-alisg-i-f7lenjegsh-sg/bc3b7909b65e48648858bc35a3aeec6a~tplv-g9dfdl17fc-origin-image.image,2026/8/6,内容场占比低,,23,640,,https://shop.tiktok.com/view/product/1732532723171823959?region=US&locale=en,7,Hot pink,"4XL,1XL,0XL,3XL,2XL"
近14天新品,GB,1729886256110671995,S260803035361,ROVELA Clothing,标码女装,女士下装,4.8,https://p16-she-va.ibyteimg.com/tos-alisg-i-f7lenjegsh-sg/9ff1ead4336545da93ef75531297db90~tplv-g9dfdl17fc-origin-image.image,2026/8/6,内容场占比低,,205,364,,https://shop.tiktok.com/view/product/1729886256110671995?region=GB&locale=en,6.8,"Orange,Black,Khaki,Light blue,Mauve purple,Blue","XL,L,M,XXL,S"
近14天新品,GB,1729886620000295869,S260803018084,Chic Shorties,大码女装,女士上装,Null,https://p16-she-va.ibyteimg.com/tos-alisg-i-f7lenjegsh-sg/cf80c55d22fb49c08064435b56cb001e~tplv-g9dfdl17fc-origin-image.image,2026/8/7,内容场占比低,高GPM,24,365,,https://shop.tiktok.com/view/product/1729886620000295869?region=GB&locale=en,6.8,Blue,"2XL,5XL,4XL,3XL,1XL"
近14天新品,US,1732534630951523029,S260805006142,Ribbon & Rouge,大码女装,女士上装,Null,https://p16-she-va.ibyteimg.com/tos-alisg-i-f7lenjegsh-sg/51a42f5545df4c67a65a546266082d7c~tplv-g9dfdl17fc-origin-image.image,2026/8/5,内容场占比低,高GPM,2000,641,,https://shop.tiktok.com/view/product/1732534630951523029?region=US&locale=en,6.8,Black,"1XL,0XL"
近14天新品,US,1732532915086332753,S260804032968,BASIC CHIC LADY,标码女装,女士下装,4,https://p16-she-va.ibyteimg.com/tos-alisg-i-f7lenjegsh-sg/d88a052574054ee6bc93d7c329de9bbc~tplv-g9dfdl17fc-origin-image.image,2026/8/7,内容场占比低,高GPM,19,642,,https://shop.tiktok.com/view/product/1732532915086332753?region=US&locale=en,6.8,Pink,"M,S,L,XL"
近14天新品,US,1732537734833738591,S260806034031,SeeYouLater Store,标码女装,女士下装,4.7,https://p16-she-va.ibyteimg.com/tos-alisg-i-f7lenjegsh-sg/6e7d13b67604438296e13ea316ee8a40~tplv-g9dfdl17fc-origin-image.image,2026/8/9,内容场占比低,高GPM,13,643,,https://shop.tiktok.com/view/product/1732537734833738591?region=US&locale=en,6.8,Black,"M,S,L"
近14天新品,US,1732508203341746199,S260723011182,Top MOMO,标码女装,女士套装及西服,Null,https://p16-she-va.ibyteimg.com/tos-alisg-i-f7lenjegsh-sg/48fec698f67e47429c0d7604290192f2~tplv-g9dfdl17fc-origin-image.image,2026/8/3,内容场占比低,,23,644,,https://shop.tiktok.com/view/product/1732508203341746199?region=US&locale=en,6.7,Dark wash,"M,S,XL,L,XXL"
近14天新品,US,1732532662959313436,S260731029983,Chicvv,标码女装,女士下装,3.4,https://p16-she-va.ibyteimg.com/tos-alisg-i-f7lenjegsh-sg/ca1b858f57ff453796dbc51e7d29ea04~tplv-g9dfdl17fc-origin-image.image,2026/8/4,内容场占比低,高GPM,355552,645,,https://shop.tiktok.com/view/product/1732532662959313436?region=US&locale=en,6.7,Pink leopard-print drawstring,"M,S,L,XL"
近14天新品,US,1732539939996734206,S260807035011,Lunar Miss,标码女装,女士下装,3.9,https://p16-she-va.ibyteimg.com/tos-alisg-i-f7lenjegsh-sg/173aa42a5ebe48488890608da5c309df~tplv-g9dfdl17fc-origin-image.image,2026/8/7,内容场占比低,,284415,646,,https://shop.tiktok.com/view/product/1732539939996734206?region=US&locale=en,6.7,"White leopard print,Multicolor2,Multicolor3,Black leopard print,Multicolor,Yellow leopard print,Multicolor1,Pink leopard print","M,S,XL,L"
近14天新品,US,1732500568964305729,S260719012141,Oman Clothing,标码女装,女士下装,3.2,https://p16-she-va.ibyteimg.com/tos-alisg-i-f7lenjegsh-sg/007da3a487474a6aa0fd1ab1bd19d645~tplv-g9dfdl17fc-origin-image.image,2026/8/5,内容场占比低,高GPM,19,647,,https://shop.tiktok.com/view/product/1732500568964305729?region=US&locale=en,6.7,Black,"M,S,XL,L"
近14天新品,US,1732534519284798330,S260805002304,Yinos Fashion1,标码女装,女士套装及西服,4.2,https://p16-she-va.ibyteimg.com/tos-alisg-i-f7lenjegsh-sg/e2fd4670ce424790b6c6227381ce80f7~tplv-g9dfdl17fc-origin-image.image,2026/8/8,内容场占比低,,18,648,,https://shop.tiktok.com/view/product/1732534519284798330?region=US&locale=en,6.7,Brown,"M,S,L,XL"
近14天新品,GB,1729879136862771310,S260709020948,Chic Design Visual,标码女装,女士下装,Null,https://p16-she-va.ibyteimg.com/tos-alisg-i-f7lenjegsh-sg/da26919ffac147718882ff649c24e1cc~tplv-g9dfdl17fc-origin-image.image,2026/8/5,内容场占比低,,19,366,,https://shop.tiktok.com/view/product/1729879136862771310?region=GB&locale=en,6.6,White,"XS,L,M,S"
近14天新品,US,1732530206376431990,S260730034951,Western Retro,标码女装,女士下装,Null,https://p16-she-va.ibyteimg.com/tos-alisg-i-f7lenjegsh-sg/cf946540883d4b6aa4bbf1ade538078b~tplv-g9dfdl17fc-origin-image.image,2026/8/9,内容场占比低,,78,649,,https://shop.tiktok.com/view/product/1732530206376431990?region=US&locale=en,6.4,"Camel,Black,Apricot,Brown","M,S,XL,L,XXL"
近14天新品,US,1732506184498057626,S260722030457,PST pants,标码女装,女士下装,Null,https://p16-she-va.ibyteimg.com/tos-alisg-i-f7lenjegsh-sg/456db512d55f4f23a25071d8ea62de21~tplv-g9dfdl17fc-origin-image.image,2026/8/3,内容场占比低,高GPM,29,650,,https://shop.tiktok.com/view/product/1732506184498057626?region=US&locale=en,6.3,Black,"M,S,XL,L,XXL"
近14天新品,US,1732514184469319935,S260726015340,yunline,标码女装,女士穆斯林服饰,Null,https://p16-she-va.ibyteimg.com/tos-alisg-i-f7lenjegsh-sg/a5237f2e3a84417e9c9738d4d8866b1f~tplv-g9dfdl17fc-origin-image.image,2026/8/8,内容场占比低,,14,651,,https://shop.tiktok.com/view/product/1732514184469319935?region=US&locale=en,3,"Khaki,Gray,Black,Dark gray,Apricot",one-size
近14天新品,US,1732501202791666624,S260718026836,Cute Pants,标码女装,女士下装,2.9,https://p16-she-va.ibyteimg.com/tos-alisg-i-f7lenjegsh-sg/84cf3e8ae974490b967eea886a336b5d~tplv-g9dfdl17fc-origin-image.image,2026/8/6,内容场占比低,,21,652,,https://shop.tiktok.com/view/product/1732501202791666624?region=US&locale=en,6,"Mixed colors,White,Black","M,S,L,XL,XXL"
近14天新品,US,1732532994396557786,S260804034364,Baillin Dress,标码女装,女士套装及西服,4.7,https://p16-she-va.ibyteimg.com/tos-alisg-i-f7lenjegsh-sg/0911d3eb4fd241c38f5b22d0b419289c~tplv-g9dfdl17fc-origin-image.image,2026/8/4,内容场占比低,,1198,653,,https://shop.tiktok.com/view/product/1732532994396557786?region=US&locale=en,5.9,"Pink-gray stripe,Yellow,Black","M,S,XL,L"
近14天新品,US,1732525191712903894,S260731019664,Chic And Durable,标码女装,女士下装,3.9,https://p16-she-va.ibyteimg.com/tos-alisg-i-f7lenjegsh-sg/986ace241aa245478de3d072b61423f9~tplv-g9dfdl17fc-origin-image.image,2026/8/3,内容场占比低,高GPM,35,654,,https://shop.tiktok.com/view/product/1732525191712903894?region=US&locale=en,5.8,Black,"M,S,L,XL"
近14天新品,US,1732522720303026953,S260730015712,inmen,标码女装,女士下装,Null,https://p16-she-va.ibyteimg.com/tos-alisg-i-f7lenjegsh-sg/42f3da82ef7a48508f270d5556b6821d~tplv-g9dfdl17fc-origin-image.image,2026/8/7,内容场占比低,,19,655,,https://shop.tiktok.com/view/product/1732522720303026953?region=US&locale=en,5.8,Reddish brown,"M,S,L,XS"
近14天新品,US,1732529439430382255,S260803004379,Xingkun scarf,标码女装,女士穆斯林服饰,3,https://p16-she-va.ibyteimg.com/tos-alisg-i-f7lenjegsh-sg/66567bb920ef428394d79cd365696c96~tplv-g9dfdl17fc-origin-image.image,2026/8/3,内容场占比低,,117,656,,https://shop.tiktok.com/view/product/1732529439430382255?region=US&locale=en,5.4,"Coffee,Pink,dark blue,White",one-size
近14天新品,US,1732529990847730298,S260730022098,Luna Bay Wear,标码女装,女士下装,Null,https://p16-she-va.ibyteimg.com/tos-alisg-i-f7lenjegsh-sg/63652527b8bd4ef6a5851a5894184292~tplv-g9dfdl17fc-origin-image.image,2026/8/6,内容场占比低,高GPM,19,657,,https://shop.tiktok.com/view/product/1732529990847730298?region=US&locale=en,5.1,Black and white,"M,S,L,XS"
近14天新品,US,1732534701580849238,S260805010763,StreamNan,标码女装,女士下装,Null,https://p16-she-va.ibyteimg.com/tos-alisg-i-f7lenjegsh-sg/49602431855b4cebb52d63d4ff05ad60~tplv-g9dfdl17fc-origin-image.image,2026/8/9,内容场占比低,,19,658,,https://shop.tiktok.com/view/product/1732534701580849238?region=US&locale=en,5.1,Khaki,"M,S,L,XL"
近14天新品,US,1732530742238483305,S260803026231,Hijab Haven,标码女装,女士穆斯林服饰,4.4,https://p16-she-va.ibyteimg.com/tos-alisg-i-f7lenjegsh-sg/45fd5f87f9b3455ab8759a330735183c~tplv-g9dfdl17fc-origin-image.image,2026/8/3,内容场占比低,,172,659,,https://shop.tiktok.com/view/product/1732530742238483305?region=US&locale=en,4.5,"06# Coffee,02# White,04 #navy blue,05# Beige,03#Khaki,01#Black",one-size
近14天新品,US,1732534992921203483,S260805023772,Slim Tech Shop,标码女装,女士下装,4.4,https://p16-she-va.ibyteimg.com/tos-alisg-i-f7lenjegsh-sg/748d5e7385e447f29130881e06b68eda~tplv-g9dfdl17fc-origin-image.image,2026/8/5,内容场占比低,,53,660,,https://shop.tiktok.com/view/product/1732534992921203483?region=US&locale=en,4.5,Black,"M,S,L,XS,XL"
近14天新品,MX,1736810445700630310,S260731027979,Lysee Ti,标码女装,女士下装,4.9,https://p16-she-va.ibyteimg.com/tos-alisg-i-f7lenjegsh-sg/7f283fe4fbf947e78396b9b512496d06~tplv-g9dfdl17fc-origin-image.image,2026/8/3,内容场占比低,,44,95,,https://shop.tiktok.com/view/product/1736810445700630310?region=MX&locale=en,3.7,"Multicolor3,Multicolor2,Multicolor1","S,M,XS,L"
近14天新品,US,1732529464326525615,S260803004994,Xingkun scarf,标码女装,女士穆斯林服饰,3,https://p16-she-va.ibyteimg.com/tos-alisg-i-f7lenjegsh-sg/99b602e0d85e4088bec750bd8ad7e693~tplv-g9dfdl17fc-origin-image.image,2026/8/3,内容场占比低,,120,661,,https://shop.tiktok.com/view/product/1732529464326525615?region=US&locale=en,3,"Coffee,wine red,dark blue,Black",one-size
近14天新品,GB,1729885302888700840,S260802005816,Chic Weaves,标码女装,女士针织衫,4.6,https://p16-she-va.ibyteimg.com/tos-alisg-i-f7lenjegsh-sg/ce9b6d6023074ad4b680d2a6a7dd9c70~tplv-g9dfdl17fc-origin-image.image,2026/8/5,内容场占比低,,165,367,,https://shop.tiktok.com/view/product/1729885302888700840?region=GB&locale=en,,"Baby pink,Yellow,Khaki,Army green","L,XL,M,S,XXL"
近14天新品,US,1732529024087724760,S260730035688,HOTAPEI,标码女装,女士套装及西服,4.7,https://p16-she-va.ibyteimg.com/tos-alisg-i-f7lenjegsh-sg/f30340530c0349bf9e6d26b3f957d4c3~tplv-g9dfdl17fc-origin-image.image,2026/8/3,内容场占比低,,23,662,,https://shop.tiktok.com/view/product/1732529024087724760?region=US&locale=en,,Green,"M,S,XL,L"
近14天新品,GB,1729886330690967595,S260803020512,Yinos Fashion,标码女装,女士套装及西服,4.8,https://p16-she-va.ibyteimg.com/tos-alisg-i-f7lenjegsh-sg/db7d2953816749b9ab33e6718e988c5a~tplv-g9dfdl17fc-origin-image.image,2026/8/6,内容场占比低,,19,368,,https://shop.tiktok.com/view/product/1729886330690967595?region=GB&locale=en,,Dark violet,"M,L,XL,S"
近14天新品,US,1732526702644072777,S260730040285,XL Sweat,大码女装,女士针织衫,4.7,https://p16-she-va.ibyteimg.com/tos-alisg-i-f7lenjegsh-sg/0b472e4dad984e9c9073969f648eedec~tplv-g9dfdl17fc-origin-image.image,2026/8/3,内容场占比低,,42,663,,https://shop.tiktok.com/view/product/1732526702644072777?region=US&locale=en,,"Khaki,Hot pink,Orange,Gray,White,Blue",one-size
近14天新品,US,1732528638980428105,S260802019131,XL Sweat,大码女装,女士针织衫,4.7,https://p16-she-va.ibyteimg.com/tos-alisg-i-f7lenjegsh-sg/c301e75969384597bf0aa4a520610f25~tplv-g9dfdl17fc-origin-image.image,2026/8/5,内容场占比低,,19,664,,https://shop.tiktok.com/view/product/1732528638980428105?region=US&locale=en,,Brown,"1XL,0XL,3XL,2XL"
近14天新品,US,1732525329932783789,S260731022968,ZIZI Sweater,大码女装,女士针织衫,4,https://p16-she-va.ibyteimg.com/tos-alisg-i-f7lenjegsh-sg/053ea46963e24381a4e23a40dea6b6bd~tplv-g9dfdl17fc-origin-image.image,2026/8/5,内容场占比低,,16,665,,https://shop.tiktok.com/view/product/1732525329932783789?region=US&locale=en,,Khaki,"4XL,1XL,3XL,2XL"
近14天新品,GB,1729879989839305047,S260723000841,FOXCLAW Curve,大码女装,女士上装,4.3,https://p16-she-va.ibyteimg.com/tos-alisg-i-f7lenjegsh-sg/f7ae78bb51bb496bb03ed15568d03e68~tplv-g9dfdl17fc-origin-image.image,2026/8/3,内容场占比低,,32,369,,https://shop.tiktok.com/view/product/1729879989839305047?region=GB&locale=en,,Dark wash,"1XL,4XL,3XL,5XL,2XL"
近14天新品,GB,1729883294874311105,S260729002848,Giolshon Plus,大码女装,女士上装,4.2,https://p16-she-va.ibyteimg.com/tos-alisg-i-f7lenjegsh-sg/f09021d179f242779669b640ab371127~tplv-g9dfdl17fc-origin-image.image,2026/8/3,内容场占比低,,37,370,,https://shop.tiktok.com/view/product/1729883294874311105?region=GB&locale=en,,"Red,Black","1XL,2XL,5XL,3XL,4XL"
近14天新品,US,1732521732397961559,S260727007662,FOXCLAW Curve,大码女装,女士连衣裙,4,https://p16-she-va.ibyteimg.com/tos-alisg-i-f7lenjegsh-sg/9788200abef9484381739fa3f3f1cba7~tplv-g9dfdl17fc-origin-image.image,2026/8/5,内容场占比低,,24,666,,https://shop.tiktok.com/view/product/1732521732397961559?region=US&locale=en,,Apricot,"5XL,4XL,1XL,3XL,2XL"
近14天新品,US,1732526827254682580,S260801019440,fashion iconn,标码女装,女士针织衫,4.6,https://p16-she-va.ibyteimg.com/tos-alisg-i-f7lenjegsh-sg/11282d9bc7bf4dc2a0c0a31544041725~tplv-g9dfdl17fc-origin-image.image,2026/8/8,内容场占比低,,143,667,,https://shop.tiktok.com/view/product/1732526827254682580?region=US&locale=en,,"Khaki,Olive green,Black,Dark brown","M,S,L,XL,XXL"
近14天新品,US,1732554211462582569,S260809007872,Kitten Knit,大码女装,女士针织衫,4.5,https://p16-she-va.ibyteimg.com/tos-alisg-i-f7lenjegsh-sg/f6b7a20cfabb4416a0f26f25409f70d1~tplv-g9dfdl17fc-origin-image.image,2026/8/13,内容场占比低,,25,668,,https://shop.tiktok.com/view/product/1732554211462582569?region=US&locale=en,,Black,"5XL,4XL,1XL,0XL,3XL,2XL"
近14天新品,US,1732541785862148425,S260808025865,XL Sweat,大码女装,女士针织衫,4.7,https://p16-she-va.ibyteimg.com/tos-alisg-i-f7lenjegsh-sg/61a6ad95c1364f70bec7ef3b4a001b8d~tplv-g9dfdl17fc-origin-image.image,2026/8/12,内容场占比低,,36,669,,https://shop.tiktok.com/view/product/1732541785862148425?region=US&locale=en,,"Coffee brown,Khaki","4XL,1XL,3XL,2XL"
近14天新品,US,1732525298345874430,S260731031284,Ailyak knit,标码女装,女士针织衫,4.4,https://p16-she-va.ibyteimg.com/tos-alisg-i-f7lenjegsh-sg/4c24d3d92762468791877b8d46f50a7e~tplv-g9dfdl17fc-origin-image.image,2026/8/6,内容场占比低,,107,670,,https://shop.tiktok.com/view/product/1732525298345874430?region=US&locale=en,,"Brown,Blue,Purple,Red,Black,Green","M,S,XL,L,XXL,XS"
近14天新品,US,1732534988254057413,S260805023479,JNUIYOA,大码女装,女士针织衫,4.6,https://p16-she-va.ibyteimg.com/tos-alisg-i-f7lenjegsh-sg/1fdddb28103947bfbb1af4868e9c9a7b~tplv-g9dfdl17fc-origin-image.image,2026/8/5,内容场占比低,,270,671,,https://shop.tiktok.com/view/product/1732534988254057413?region=US&locale=en,,"Pink,White,Black","1XL,3XL,2XL"
近14天新品,US,1732528015638369212,S260802005137,Denim Bloom,大码女装,牛仔,Null,https://p16-she-va.ibyteimg.com/tos-alisg-i-f7lenjegsh-sg/a7fb0ba39a874c4ebdff322ef7004546~tplv-g9dfdl17fc-origin-image.image,2026/8/4,内容场占比低,,38,672,,https://shop.tiktok.com/view/product/1732528015638369212?region=US&locale=en,,"Dark wash,Blue","5XL,4XL,1XL,3XL,2XL"
近14天新品,US,1732527064161489069,S260801019144,ZIZI Sweater,大码女装,女士针织衫,4,https://p16-she-va.ibyteimg.com/tos-alisg-i-f7lenjegsh-sg/2c3a09bdb8f14945949aa92ef8c34c1f~tplv-g9dfdl17fc-origin-image.image,2026/8/8,内容场占比低,,54,673,,https://shop.tiktok.com/view/product/1732527064161489069?region=US&locale=en,,"White,Black,Burgundy","4XL,1XL,3XL,2XL"
近7天新品,US,1732538681195925940,S260807000978,Celesmeety,标码女装,女士穆斯林服饰,Null,https://p16-she-va.ibyteimg.com/tos-alisg-i-f7lenjegsh-sg/7fdb598c78e0475aa1769c0c20155a9b~tplv-g9dfdl17fc-origin-image.image,2026/8/11,内容场占比低,高GPM,143,1,,https://shop.tiktok.com/view/product/1732538681195925940?region=US&locale=en,71.2,"Silver,Pink,Light blue,Black/Silver,Black Gold",one-size
近7天新品,GB,1729891344058652989,S260809015651,LumosModesty,标码女装,女士穆斯林服饰,4.4,https://p16-she-va.ibyteimg.com/tos-alisg-i-f7lenjegsh-sg/c4d7722bcbdb448ca6bbd183df402fbf~tplv-g9dfdl17fc-origin-image.image,2026/8/11,,,103,1,,https://shop.tiktok.com/view/product/1729891344058652989?region=GB&locale=en,23.1,"Dark brown,Pale green,Dark beige,Light wash","M,L"
近7天新品,MX,1736987764141557336,S260811024453,Festival Costume,标码女装,女士特殊服饰,Null,https://p16-she-va.ibyteimg.com/tos-alisg-i-f7lenjegsh-sg/0d78aefbceb4452b88224f559c5e5c8a~tplv-g9dfdl17fc-origin-image.image,2026/8/12,内容场占比低,高GPM,100,1,,https://shop.tiktok.com/view/product/1736987764141557336?region=MX&locale=en,34.1,White,one-size
近7天新品,US,1732533152539382680,S260804038691,Vogue Knit,标码女装,女士针织衫,3.3,https://p16-she-va.ibyteimg.com/tos-alisg-i-f7lenjegsh-sg/58575087e24c439ea400d3abe59f4aea~tplv-g9dfdl17fc-origin-image.image,2026/8/10,内容场占比低,高GPM,200,2,,https://shop.tiktok.com/view/product/1732533152539382680?region=US&locale=en,17.1,"Medium wash,Black,Fawn brown","M,S,XL,L,XXL"
近7天新品,US,1732549184930747329,S260811033963,Modest plus clothing,标码女装,女士穆斯林服饰,2.6,https://p16-she-va.ibyteimg.com/tos-alisg-i-f7lenjegsh-sg/cfe260b9ea7e481c92917d830a1d6386~tplv-g9dfdl17fc-origin-image.image,2026/8/11,内容场占比低,高GPM,2001,3,,https://shop.tiktok.com/view/product/1732549184930747329?region=US&locale=en,45.8,"Pink,Orange,lotus purple,Beige,Light wash,Pale green,Mauve purple","M,S,XL,L"
近7天新品,US,1732554211382366699,S260812022395,Finjani Plus,大码女装,女士连衣裙,4.3,https://p16-she-va.ibyteimg.com/tos-alisg-i-f7lenjegsh-sg/76041055b2714dc4a8493de96e9988c2~tplv-g9dfdl17fc-origin-image.image,2026/8/13,内容场占比低,高GPM,90,4,,https://shop.tiktok.com/view/product/1732554211382366699?region=US&locale=en,27.5,"Red,Navy blue,Black","4XL,1XL,0XL,3XL,2XL"
近7天新品,MX,1736817035582539139,S260731027737,HOLOUN Cosplay,标码女装,女士特殊服饰,Null,https://p16-she-va.ibyteimg.com/tos-alisg-i-f7lenjegsh-sg/b844ae23fd6d4673ac5b6815b9632a46~tplv-g9dfdl17fc-origin-image.image,2026/8/10,内容场占比低,高GPM,19,2,,https://shop.tiktok.com/view/product/1736817035582539139?region=MX&locale=en,106.8,Multi-color,"Asian S,Asian M,Asian XXL,Asian XL,Asian L"
近7天新品,US,1732501591308537929,S260714036187,Dragons Kaoru,大码女装,女士套装及西服,3.7,https://p16-she-va.ibyteimg.com/tos-alisg-i-f7lenjegsh-sg/64bfa9cf731f4b1196edbf47a42a4e42~tplv-g9dfdl17fc-origin-image.image,2026/8/14,内容场占比低,高GPM,34,5,,https://shop.tiktok.com/view/product/1732501591308537929?region=US&locale=en,34.9,Coffee brown,"4XL,1XL,0XL,3XL,2XL"
近7天新品,US,1732542824009011261,S260809000967,Modish Moo,大码女装,牛仔,3.4,https://p16-she-va.ibyteimg.com/tos-alisg-i-f7lenjegsh-sg/36db93bcec204ae79fdefa1500227906~tplv-g9dfdl17fc-origin-image.image,2026/8/9,内容场占比低,高GPM,50,6,,https://shop.tiktok.com/view/product/1732542824009011261?region=US&locale=en,17.3,Blue,"4XL,1XL,0XL,3XL,2XL"
近7天新品,US,1732549251771634334,S260811035368,Chic Night Luxe,标码女装,女士下装,4.4,https://p16-she-va.ibyteimg.com/tos-alisg-i-f7lenjegsh-sg/4a4161264a674f0abdf6a665c0da7b5c~tplv-g9dfdl17fc-origin-image.image,2026/8/12,内容场占比低,高GPM,75000,7,,https://shop.tiktok.com/view/product/1732549251771634334?region=US&locale=en,20.6,"Khaki,White,Black","M,S,XL,L,XXL"
近7天新品,US,1732544107755836374,S260807030831,SHUANGBO SHOP,标码女装,女士针织衫,Null,https://p16-she-va.ibyteimg.com/tos-alisg-i-f7lenjegsh-sg/160331faa75a4c048de9e5ad9d230159~tplv-g9dfdl17fc-origin-image.image,2026/8/9,内容场占比低,高GPM,880,8,,https://shop.tiktok.com/view/product/1732544107755836374?region=US&locale=en,12.5,"Red,Black","M,S,XL,XS,L"
近7天新品,GB,1729890279400184244,S260807012953,Celesmeety,标码女装,女士穆斯林服饰,Null,https://p16-she-va.ibyteimg.com/tos-alisg-i-f7lenjegsh-sg/feb1b6b626d34f3da37b367ce4cc4539~tplv-g9dfdl17fc-origin-image.image,2026/8/11,内容场占比低,高GPM,10,2,,https://shop.tiktok.com/view/product/1729890279400184244?region=GB&locale=en,66.5,Wine red,"XL,M,L,S,XXL"
近7天新品,US,1732535504508982168,S260805040915,Vogue Knit,标码女装,女士针织衫,3.3,https://p16-she-va.ibyteimg.com/tos-alisg-i-f7lenjegsh-sg/aa9a73e1f8714cacab62f68966361af3~tplv-g9dfdl17fc-origin-image.image,2026/8/11,内容场占比低,高GPM,69,9,,https://shop.tiktok.com/view/product/1732535504508982168?region=US&locale=en,21.1,Green,"M,S,L,XL,XXL"
近7天新品,US,1732557393413837596,S260814010525,BloomSoft Boutique,标码女装,女士下装,Null,https://p16-she-va.ibyteimg.com/tos-alisg-i-f7lenjegsh-sg/6fceeee83c3f4d83a25275d3ddf081d1~tplv-g9dfdl17fc-origin-image.image,2026/8/14,内容场占比低,高GPM,20000,10,,https://shop.tiktok.com/view/product/1732557393413837596?region=US&locale=en,24.7,"Pink,Stripe,White,Black","M,S,L,XS,XL"
近7天新品,GB,1729891340768484340,S260809004593,Lumeire Apparel,标码女装,女士下装,4.4,https://p16-she-va.ibyteimg.com/tos-alisg-i-f7lenjegsh-sg/bd4f79a1d4984277a565692facf0940d~tplv-g9dfdl17fc-origin-image.image,2026/8/12,内容场占比低,高GPM,57,3,,https://shop.tiktok.com/view/product/1729891340768484340?region=GB&locale=en,15.5,"White,Deep blue,Black,Coffee brown","M,L,S"
近7天新品,US,1732549284077212270,S260811035893,LINGliang Fashion,标码女装,女士针织衫,3.3,https://p16-she-va.ibyteimg.com/tos-alisg-i-f7lenjegsh-sg/e09294bccc0a4f6d9371c23f08e55c4a~tplv-g9dfdl17fc-origin-image.image,2026/8/11,内容场占比低,高GPM,10999,11,,https://shop.tiktok.com/view/product/1732549284077212270?region=US&locale=en,27.9,"Lavender,Royal blue,Mint green,Pink,Hot pink,Cream,Red,Silver gray,Black,Fawn brown,Sky blue",one-size
近7天新品,US,1732553549073911998,S260812029007,Wake Seasons,标码女装,女士套装及西服,4.1,https://p16-she-va.ibyteimg.com/tos-alisg-i-f7lenjegsh-sg/15a7426916f545fea778ac67f5fc2b2b~tplv-g9dfdl17fc-origin-image.image,2026/8/12,内容场占比低,高GPM,71103,12,,https://shop.tiktok.com/view/product/1732553549073911998?region=US&locale=en,32.5,"Multicolor2,Multicolor","M,S,XL,L"
近7天新品,ES,1729879890988276166,S260724004745,TY Trove,标码女装,女士套装及西服,3.9,https://p16-she-va.ibyteimg.com/tos-alisg-i-f7lenjegsh-sg/1f5da62aa00146bf85df8ccfdb7f3e10~tplv-g9dfdl17fc-origin-image.image,2026/8/9,内容场占比低,高GPM,32,1,,https://shop.tiktok.com/view/product/1729879890988276166?region=DE&locale=en,32.1,Blue,"M,L,XL,S"
近7天新品,GB,1729891532809017592,S260807004895,Tokyo Chic,标码女装,女士套装及西服,Null,https://p16-she-va.ibyteimg.com/tos-alisg-i-f7lenjegsh-sg/76123b554f6e45d884aea7c635fd948a~tplv-g9dfdl17fc-origin-image.image,2026/8/10,内容场占比低,高GPM,5,4,,https://shop.tiktok.com/view/product/1729891532809017592?region=GB&locale=en,63.3,Apricot,one-size
近7天新品,US,1732527929056465075,S260730032454,ZOVINRIA,标码女装,女士针织衫,3.8,https://p16-she-va.ibyteimg.com/tos-alisg-i-f7lenjegsh-sg/1d16307fbab845b9b9b7a5efc02cfe28~tplv-g9dfdl17fc-origin-image.image,2026/8/11,内容场占比低,高GPM,194,13,,https://shop.tiktok.com/view/product/1732527929056465075?region=US&locale=en,12.8,"Cream and black combination,Coffee brown,Custard,White and black combination,Medium gray,Large gray,Deep Apricot,Dark coffee,Apricot,color,White Apricot","M,S,L"
近7天新品,GB,1729886898078391192,S260804038691,Vogue Knit,标码女装,女士针织衫,4.5,https://p16-she-va.ibyteimg.com/tos-alisg-i-f7lenjegsh-sg/58575087e24c439ea400d3abe59f4aea~tplv-g9dfdl17fc-origin-image.image,2026/8/10,内容场占比低,高GPM,200,5,,https://shop.tiktok.com/view/product/1729886898078391192?region=GB&locale=en,15.1,"Black,Fawn brown,Medium wash","XXL,XL,S,M,L"
近7天新品,US,1732548983203861462,S260810019879,SHUANGBO SHOP,标码女装,女士穆斯林服饰,Null,https://p16-she-va.ibyteimg.com/tos-alisg-i-f7lenjegsh-sg/26eabfa0afc8466389a949635224bba4~tplv-g9dfdl17fc-origin-image.image,2026/8/11,内容场占比低,高GPM,880,14,,https://shop.tiktok.com/view/product/1732548983203861462?region=US&locale=en,16.7,"Apricot,Blue","M,S,L,XL,XS"
近7天新品,US,1732548920359489889,S260811023931,The Flood,标码女装,女士套装及西服,2.1,https://p16-she-va.ibyteimg.com/tos-alisg-i-f7lenjegsh-sg/740cf54de9754935b7f61d1529203bef~tplv-g9dfdl17fc-origin-image.image,2026/8/11,内容场占比低,高GPM,480,15,,https://shop.tiktok.com/view/product/1732548920359489889?region=US&locale=en,16.7,"Yellow,Black,Apricot,Blue","M,S,L,XL"
近7天新品,GB,1729895657295616396,S260727038848,Clothing Lili,标码女装,女士下装,Null,https://p16-she-va.ibyteimg.com/tos-alisg-i-f7lenjegsh-sg/52f4463893d345c5aa567f7c77e219c5~tplv-g9dfdl17fc-origin-image.image,2026/8/12,内容场占比低,高GPM,49,6,,https://shop.tiktok.com/view/product/1729895657295616396?region=GB&locale=en,19.6,"Army green,Olive green","XL,M,S,L,XXL"
近7天新品,ES,1729889996091464115,S260804023723,XHJEANS,大码女装,牛仔,Null,https://p16-she-va.ibyteimg.com/tos-alisg-i-f7lenjegsh-sg/5e5f615dad674f5ca5bf1591ea5d9652~tplv-g9dfdl17fc-origin-image.image,2026/8/13,内容场占比低,高GPM,29,2,,https://shop.tiktok.com/view/product/1729889996091464115?region=DE&locale=en,29.3,Royal blue,"0XL,4XL,1XL,2XL,3XL"
近7天新品,US,1732520837638164934,S260729032476,TY Trove,标码女装,女士套装及西服,4.1,https://p16-she-va.ibyteimg.com/tos-alisg-i-f7lenjegsh-sg/6529a66fd63a491487e9db80a9661fe9~tplv-g9dfdl17fc-origin-image.image,2026/8/9,内容场占比低,高GPM,129,16,,https://shop.tiktok.com/view/product/1732520837638164934?region=US&locale=en,22.3,"Navy blue,Gray,White,Black","M,S,XL,L,XXL"
近7天新品,US,1732546501620699902,S260810038067,Lunar Miss,标码女装,女士下装,3.9,https://p16-she-va.ibyteimg.com/tos-alisg-i-f7lenjegsh-sg/f2090a3513a44fa5af06905afb9436ad~tplv-g9dfdl17fc-origin-image.image,2026/8/10,内容场占比低,高GPM,71104,17,,https://shop.tiktok.com/view/product/1732546501620699902?region=US&locale=en,27.6,"Multicolor,Multicolor1","M,S,L,XL"
近7天新品,US,1732543525265445310,S260809012571,FeelingChic,标码女装,女士下装,4.4,https://p16-she-va.ibyteimg.com/tos-alisg-i-f7lenjegsh-sg/2180a606b9194a25b9db88286d5d04ee~tplv-g9dfdl17fc-origin-image.image,2026/8/9,内容场占比低,高GPM,5000,18,,https://shop.tiktok.com/view/product/1732543525265445310?region=US&locale=en,30.1,Multi-color,"M,S,L,XL,XS"
近7天新品,US,1732515682773799594,S260725001722,Modern Women's Wear Sprint,标码女装,女士套装及西服,4.3,https://p16-she-va.ibyteimg.com/tos-alisg-i-f7lenjegsh-sg/76702951fe0f4cde9cf76155a407aca8~tplv-g9dfdl17fc-origin-image.image,2026/8/10,内容场占比低,高GPM,5000,19,,https://shop.tiktok.com/view/product/1732515682773799594?region=US&locale=en,16.8,"Coffee brown,Purple,Pink,Hot pink,Light brown,Gray,White,Black,Champagne,Pale green","M,S,XL,L,XXL"
近7天新品,US,1732538731956375895,S260807002383,FOXCLAW Curve,大码女装,女士下装,4,https://p16-she-va.ibyteimg.com/tos-alisg-i-f7lenjegsh-sg/4d4d4b89327e0fe7011ae9b899468ebb~tplv-g9dfdl17fc-origin-image.image,2026/8/11,内容场占比低,高GPM,87,20,,https://shop.tiktok.com/view/product/1732538731956375895?region=US&locale=en,20.1,"Black,Fawn brown,Apricot","5XL,4XL,1XL,3XL,2XL"
近7天新品,US,1732548733901705707,S260811013435,Finjani Plus,大码女装,女士上装,4.3,https://p16-she-va.ibyteimg.com/tos-alisg-i-f7lenjegsh-sg/d973dd3d6745491d9de86c3a564c4b13~tplv-g9dfdl17fc-origin-image.image,2026/8/11,内容场占比低,高GPM,19,21,,https://shop.tiktok.com/view/product/1732548733901705707?region=US&locale=en,12.9,Black,"4XL,1XL,0XL,3XL,2XL"
近7天新品,US,1732538365563867890,S260805006459,ZANZEAFASHION,标码女装,女士穆斯林服饰,2,https://p16-she-va.ibyteimg.com/tos-alisg-i-f7lenjegsh-sg/aa54f9f7879c47d38c1fb0c66bbce5fe~tplv-g9dfdl17fc-origin-image.image,2026/8/13,内容场占比低,高GPM,53,22,,https://shop.tiktok.com/view/product/1732538365563867890?region=US&locale=en,23,"Yellow,Black,Apricot","M,S,L,XL,XXL"
近7天新品,US,1732519395152794605,S260728039323,Bosen Clothing,标码女装,女士套装及西服,2.9,https://p16-she-va.ibyteimg.com/tos-alisg-i-f7lenjegsh-sg/cbe1c912279344d1b2aa61834c48e224~tplv-g9dfdl17fc-origin-image.image,2026/8/9,内容场占比低,高GPM,15,23,,https://shop.tiktok.com/view/product/1732519395152794605?region=US&locale=en,10.7,LT8052#Navy Blue Houndstooth,"M,S,L,XL"
近7天新品,GB,1729891738667620531,S260809007934,ZOVINRIA,标码女装,女士针织衫,4.7,https://p16-she-va.ibyteimg.com/tos-alisg-i-f7lenjegsh-sg/8fd496c6053c43a381c61bc432e75aff~tplv-g9dfdl17fc-origin-image.image,2026/8/13,内容场占比低,高GPM,89,7,,https://shop.tiktok.com/view/product/1729891738667620531?region=GB&locale=en,22.1,"Khaki,Soft pink,Creamy Peach,color,Ivory","S,M,L"
近7天新品,US,1732551934302851981,S260812035868,Chic Trendy Boutique,标码女装,女士套装及西服,Null,https://p16-she-va.ibyteimg.com/tos-alisg-i-f7lenjegsh-sg/a5ab86beeb0a4394ae5b060df47f9169~tplv-g9dfdl17fc-origin-image.image,2026/8/12,内容场占比低,高GPM,3600,24,,https://shop.tiktok.com/view/product/1732551934302851981?region=US&locale=en,27.9,"White,Black,Lime red,Dark wash,Brown","M,S,L,XL"
近7天新品,MX,1736822864471950638,S260801006407,RaverageCloset,标码女装,女士套装及西服,Null,https://p16-she-va.ibyteimg.com/tos-alisg-i-f7lenjegsh-sg/939031eee9784161b7e2b99e07646b92~tplv-g9dfdl17fc-origin-image.image,2026/8/12,内容场占比低,,17,3,,https://shop.tiktok.com/view/product/1736822864471950638?region=MX&locale=en,9.2,"Mushroom Brown,Yellow","S,XXS,XS,M"
近7天新品,MX,1737022300981986810,S260813028518,Elegant Finjani,大码女装,女士套装及西服,Null,https://p16-she-va.ibyteimg.com/tos-alisg-i-f7lenjegsh-sg/4ebf143f668b4cd386da3f5845b215fb~tplv-g9dfdl17fc-origin-image.image,2026/8/13,内容场占比低,高GPM,181,4,,https://shop.tiktok.com/view/product/1737022300981986810?region=MX&locale=en,20.6,"Brown,Black","1XL,4XL,2XL,3XL,0XL"
近7天新品,MX,1737020663857055211,S260812022395,Finjani Plus,大码女装,女士连衣裙,4.5,https://p16-she-va.ibyteimg.com/tos-alisg-i-f7lenjegsh-sg/76041055b2714dc4a8493de96e9988c2~tplv-g9dfdl17fc-origin-image.image,2026/8/13,内容场占比低,,90,5,,https://shop.tiktok.com/view/product/1737020663857055211?region=MX&locale=en,20.6,"Black,Navy blue,Red","0XL,1XL,2XL,3XL,4XL"
近7天新品,US,1732550645660619463,S260812003483,Justoneone,标码女装,女士下装,Null,https://p16-she-va.ibyteimg.com/tos-alisg-i-f7lenjegsh-sg/df55c1b56ffb4d2ca13d08061de5b37f~tplv-g9dfdl17fc-origin-image.image,2026/8/12,内容场占比低,,1250,25,,https://shop.tiktok.com/view/product/1732550645660619463?region=US&locale=en,13.3,"Khaki,Navy blue,Lemon yellow,Black,Bright orange","M,S,L,XL,XXL"
近7天新品,MX,1736425114118292934,S260707015608,TY Trove,标码女装,女士套装及西服,4.9,https://p16-she-va.ibyteimg.com/tos-alisg-i-f7lenjegsh-sg/471795e3bcd1411995607144697f4b91~tplv-g9dfdl17fc-origin-image.image,2026/8/9,内容场占比低,高GPM,34,6,,https://shop.tiktok.com/view/product/1736425114118292934?region=MX&locale=en,22.7,Black,"M,XL,L,S"
近7天新品,US,1732537323924394487,S260806018812,SEETMR,大码女装,女士下装,4.6,https://p16-she-va.ibyteimg.com/tos-alisg-i-f7lenjegsh-sg/1f27febf28c34462acede1a78d5429a1~tplv-g9dfdl17fc-origin-image.image,2026/8/9,内容场占比低,高GPM,119,26,,https://shop.tiktok.com/view/product/1732537323924394487?region=US&locale=en,32.3,"Mustard Yellow,Ankura Red,Black,Brown","4XL,1XL,0XL,3XL,2XL"
近7天新品,US,1732548252840727135,S260810016252,Vanshee Show,标码女装,女士套装及西服,4.2,https://p16-she-va.ibyteimg.com/tos-alisg-i-f7lenjegsh-sg/97578bcaa593448ca988363c065f1a9b~tplv-g9dfdl17fc-origin-image.image,2026/8/10,内容场占比低,,79,27,,https://shop.tiktok.com/view/product/1732548252840727135?region=US&locale=en,15.6,Baby pink,"M,S,XL,L"
近7天新品,US,1732504734669902034,S260721035667,Chic Value Novelties,标码女装,女士针织衫,Null,https://p16-she-va.ibyteimg.com/tos-alisg-i-f7lenjegsh-sg/cd2f545f4bc940d6bdd59d2ed054e233~tplv-g9dfdl17fc-origin-image.image,2026/8/9,,高GPM,18,28,,https://shop.tiktok.com/view/product/1732504734669902034?region=US&locale=en,43.7,White,"M,S,XL,L"
近7天新品,GB,1729878948678179159,S260722024265,FOXCLAW Curve,大码女装,女士下装,4.3,https://p16-she-va.ibyteimg.com/tos-alisg-i-f7lenjegsh-sg/3f78d59a042b420abdcf672c7a9bedd6~tplv-g9dfdl17fc-origin-image.image,2026/8/11,内容场占比低,高GPM,23,8,,https://shop.tiktok.com/view/product/1729878948678179159?region=GB&locale=en,15.5,Khaki,"1XL,4XL,2XL,3XL,5XL"
近7天新品,US,1732532033098716005,S260801021252,Chic Materials Snob,标码女装,女士针织衫,4.7,https://p16-she-va.ibyteimg.com/tos-alisg-i-f7lenjegsh-sg/63978be893c74fffb36a1df406f677f7~tplv-g9dfdl17fc-origin-image.image,2026/8/10,,,81,29,,https://shop.tiktok.com/view/product/1732532033098716005?region=US&locale=en,12.3,"Camel,Dark wash,Burgundy","M,S,L,XL"
近7天新品,DE,1729892129237080923,S260810041560,BOUBOU fashion,大码女装,女士连衣裙,Null,https://p16-she-va.ibyteimg.com/tos-alisg-i-f7lenjegsh-sg/620801626aec4074a15f61919f1f009d~tplv-g9dfdl17fc-origin-image.image,2026/8/10,内容场占比低,高GPM,175,1,,https://shop.tiktok.com/view/product/1729892129237080923?region=DE&locale=en,30.6,"Black,Blue,Green,Heather violet,Orange,Lime yellow,Red,Bright orange",one-size
近7天新品,GB,1729887637590940528,S260805019695,ELia Notess,标码女装,女士套装及西服,3.8,https://p16-she-va.ibyteimg.com/tos-alisg-i-f7lenjegsh-sg/e17dfacd81824e6284c592de9a7bd890~tplv-g9dfdl17fc-origin-image.image,2026/8/11,内容场占比低,高GPM,18,9,,https://shop.tiktok.com/view/product/1729887637590940528?region=GB&locale=en,15.3,Brown,"S,L,M,XS"
近7天新品,US,1732545754842959964,S260810016063,Lush Apparel,标码女装,女士下装,3.5,https://p16-she-va.ibyteimg.com/tos-alisg-i-f7lenjegsh-sg/cfa4185f69454d6b865816ccfda9b381~tplv-g9dfdl17fc-origin-image.image,2026/8/10,内容场占比低,高GPM,15998,30,,https://shop.tiktok.com/view/product/1732545754842959964?region=US&locale=en,17.9,"Royal blue,Khaki,Black,Brown","M,S,L,XL"
近7天新品,US,1732550060051960004,S260811008155,Irene Dress,标码女装,女士套装及西服,3.1,https://p16-she-va.ibyteimg.com/tos-alisg-i-f7lenjegsh-sg/545787e3e7084d2cb14fa0d331d7c3a8~tplv-g9dfdl17fc-origin-image.image,2026/8/11,内容场占比低,高GPM,79,31,,https://shop.tiktok.com/view/product/1732550060051960004?region=US&locale=en,23.8,Coral pink,"M,S,L,XL"
近7天新品,US,1732548651267428695,S260809000153,FOXCLAW Curve,大码女装,女士套装及西服,4,https://p16-she-va.ibyteimg.com/tos-alisg-i-f7lenjegsh-sg/a4a5056552b14654a5f5a401c4a11b53~tplv-g9dfdl17fc-origin-image.image,2026/8/10,内容场占比低,高GPM,23,32,,https://shop.tiktok.com/view/product/1732548651267428695?region=US&locale=en,28.8,Purple,"4XL,1XL,0XL,3XL,2XL"
近7天新品,US,1732548922425577842,S260811023862,Lune et Mer,标码女装,女士套装及西服,2.7,https://p16-she-va.ibyteimg.com/tos-alisg-i-f7lenjegsh-sg/cabfca58b84642ae8e87dfaf894d07c5~tplv-g9dfdl17fc-origin-image.image,2026/8/12,内容场占比低,高GPM,480,33,,https://shop.tiktok.com/view/product/1732548922425577842?region=US&locale=en,23,"Yellow,Black,Apricot,Blue","M,S,XL,L"
近7天新品,GB,1729891896034367575,S260810029273,TWcozy,标码女装,女士套装及西服,Null,https://p16-she-va.ibyteimg.com/tos-alisg-i-f7lenjegsh-sg/51724107683c45eb9cff33d68cba0c9f~tplv-g9dfdl17fc-origin-image.image,2026/8/10,内容场占比低,高GPM,2000,10,,https://shop.tiktok.com/view/product/1729891896034367575?region=GB&locale=en,34.4,"Multicolor3,Multicolor4,Multicolor5,Dark gray,Multicolor2,Pink,Multicolor1,Coffee brown,Rusty pink,Red","L,XL,S,M"
近7天新品,GB,1729892051876026886,S260810034896,Lira Select,标码女装,女士下装,Null,https://p16-she-va.ibyteimg.com/tos-alisg-i-f7lenjegsh-sg/62d3359646ea4670b2147b4f17f371d5~tplv-g9dfdl17fc-origin-image.image,2026/8/10,内容场占比低,高GPM,250000,11,,https://shop.tiktok.com/view/product/1729892051876026886?region=GB&locale=en,28.6,"Yellow,Reddish brown,Sky blue,Pink,Army green,Light green,Coffee brown,Navy blue,White,Black","L,S,XL,M,XXL"
近7天新品,MX,1737024068287694439,S260813038706,Beauty Beauty Plus,大码女装,女士连衣裙,3.4,https://p16-she-va.ibyteimg.com/tos-alisg-i-f7lenjegsh-sg/d85d73faa4a54b1da5cf6b386e234d2f~tplv-g9dfdl17fc-origin-image.image,2026/8/13,内容场占比低,高GPM,250,7,,https://shop.tiktok.com/view/product/1737024068287694439?region=MX&locale=en,16.6,Apricot,"2XL,0XL,3XL,4XL,1XL"
近7天新品,GB,1729894972599343753,S260813037199,.Home sweet home,大码女装,女士下装,2.8,https://p16-she-va.ibyteimg.com/tos-alisg-i-f7lenjegsh-sg/f714c2a7a07047d6bff6a3b9056dbe5b~tplv-g9dfdl17fc-origin-image.image,2026/8/13,内容场占比低,高GPM,170,12,,https://shop.tiktok.com/view/product/1729894972599343753?region=GB&locale=en,16.6,Black,"1XL,4XL,0XL,3XL,2XL"
近7天新品,GB,1729891193936517181,S260809000967,Modish Moo,大码女装,牛仔,4.3,https://p16-she-va.ibyteimg.com/tos-alisg-i-f7lenjegsh-sg/36db93bcec204ae79fdefa1500227906~tplv-g9dfdl17fc-origin-image.image,2026/8/9,内容场占比低,高GPM,50,13,,https://shop.tiktok.com/view/product/1729891193936517181?region=GB&locale=en,19.1,Blue,"2XL,3XL,4XL,1XL,0XL"
近7天新品,US,1732522950448943501,S260730030150,Rusttydustty Curve,大码女装,女士连衣裙,4.8,https://p16-she-va.ibyteimg.com/tos-alisg-i-f7lenjegsh-sg/64fadef286d641adb1bcf82b4b80d88d~tplv-g9dfdl17fc-origin-image.image,2026/8/9,内容场占比低,高GPM,57,34,,https://shop.tiktok.com/view/product/1732522950448943501?region=US&locale=en,12.6,"Apricot,Dark Blue","4XL,1XL,0XL,3XL,2XL"
近7天新品,US,1732528226312425912,S260802011171,ZY PLUS JEANS,大码女装,牛仔,3.9,https://p16-she-va.ibyteimg.com/tos-alisg-i-f7lenjegsh-sg/e9baa61e68db43e99738fe46780f9498~tplv-g9dfdl17fc-origin-image.image,2026/8/9,内容场占比低,高GPM,28,35,,https://shop.tiktok.com/view/product/1732528226312425912?region=US&locale=en,18.6,Medium wash,"4XL,1XL,0XL,3XL,2XL"
近7天新品,GB,1729881180696451374,S260726012125,WZQH Women's Clothing,标码女装,女士下装,4.8,https://p16-she-va.ibyteimg.com/tos-alisg-i-f7lenjegsh-sg/25c5e601e3244d199c7355e0d393f593~tplv-g9dfdl17fc-origin-image.image,2026/8/10,内容场占比低,高GPM,90,14,,https://shop.tiktok.com/view/product/1729881180696451374?region=GB&locale=en,15.9,"Black,Brown","L,XL,M,XXL,S"
近7天新品,US,1732549406871687270,S260811038351,JN Chic Budget Chic,大码女装,女士针织衫,4.4,https://p16-she-va.ibyteimg.com/tos-alisg-i-f7lenjegsh-sg/e577a6c8ee7d4cb2918d0ea8f024355b~tplv-g9dfdl17fc-origin-image.image,2026/8/11,内容场占比低,高GPM,200,36,,https://shop.tiktok.com/view/product/1732549406871687270?region=US&locale=en,25.3,Dark gray,"4XL,1XL,3XL,2XL"
近7天新品,US,1732522749686027089,S260730016782,ruisusu Marketplace,标码女装,女士穆斯林服饰,1.6,https://p16-she-va.ibyteimg.com/tos-alisg-i-f7lenjegsh-sg/e078452014ca4950803d5dfd0f14b01e~tplv-g9dfdl17fc-origin-image.image,2026/8/10,内容场占比低,,92,37,,https://shop.tiktok.com/view/product/1732522749686027089?region=US&locale=en,15.2,"Coffee brown,Baby pink,Pink,Khaki,Army green,Black,Dark green,Dark Blue","M,XL,L"
近7天新品,DE,1729887524014495923,S260731028050,ZOVINRIA,标码女装,女士针织衫,4.6,https://p16-she-va.ibyteimg.com/tos-alisg-i-f7lenjegsh-sg/52a5ca73ff9142618f0e80a1db8e51ad~tplv-g9dfdl17fc-origin-image.image,2026/8/11,内容场占比低,高GPM,160,2,,https://shop.tiktok.com/view/product/1729887524014495923?region=DE&locale=en,25,"Red,Early Red,color,Dark blue,Warm Apricot,Custard,Medium gray,Teeth Whitening,Dark Coffee","M,S,L"
近7天新品,US,1732542972456375284,S260809003041,Nice Clothing stores,标码女装,女士穆斯林服饰,4.4,https://p16-she-va.ibyteimg.com/tos-alisg-i-f7lenjegsh-sg/297cd7df9e1d4ae585020e629c73a1da~tplv-g9dfdl17fc-origin-image.image,2026/8/12,内容场占比低,高GPM,19,38,,https://shop.tiktok.com/view/product/1732542972456375284?region=US&locale=en,19.9,Apricot,"M,XL,L,XXL"
近7天新品,US,1732545851013566952,S260810020523,Chic Smart Closet,标码女装,女士针织衫,Null,https://p16-she-va.ibyteimg.com/tos-alisg-i-f7lenjegsh-sg/1725de5284974cef9ed177456fbcc0e3~tplv-g9dfdl17fc-origin-image.image,2026/8/10,内容场占比低,高GPM,499,39,,https://shop.tiktok.com/view/product/1732545851013566952?region=US&locale=en,29.3,Orange,"M,S,L,XL,XS"
近7天新品,US,1732548911178551949,S260811023886,Gold Full,标码女装,女士套装及西服,2.7,https://p16-she-va.ibyteimg.com/tos-alisg-i-f7lenjegsh-sg/8aea3a94d63e4e01a79bd9f1928d03cd~tplv-g9dfdl17fc-origin-image.image,2026/8/11,内容场占比低,高GPM,480,40,,https://shop.tiktok.com/view/product/1732548911178551949?region=US&locale=en,24.2,"Yellow,Black,Apricot,Blue","M,S,XL,L"
近7天新品,MX,1736914546133665632,S260806025955,YAABAAH,标码女装,女士特殊服饰,Null,https://p16-she-va.ibyteimg.com/tos-alisg-i-f7lenjegsh-sg/bae8e33f799d4fcab13a81addd61e407~tplv-g9dfdl17fc-origin-image.image,2026/8/11,内容场占比低,,103,8,,https://shop.tiktok.com/view/product/1736914546133665632?region=MX&locale=en,24,"Navy blue,Pink,Purple,Black,Yellow,Cyan,Mauve purple,Hot pink","S,M,XL,L,XXL"
近7天新品,GB,1729890765162453493,S260808006186,Zen Budget,标码女装,女士下装,4.5,https://p16-she-va.ibyteimg.com/tos-alisg-i-f7lenjegsh-sg/a6244fa882734c6eb5624f4d8e148e49~tplv-g9dfdl17fc-origin-image.image,2026/8/10,内容场占比低,高GPM,43,15,,https://shop.tiktok.com/view/product/1729890765162453493?region=GB&locale=en,14.3,"Black,Brown,Khaki","S,M,L"
近7天新品,GB,1729890449750399813,S260807034049,ZANZEA CHOICE,标码女装,女士套装及西服,4,https://p16-she-va.ibyteimg.com/tos-alisg-i-f7lenjegsh-sg/a23e475e58294b068fc0a380b3ee9b47~tplv-g9dfdl17fc-origin-image.image,2026/8/12,内容场占比低,高GPM,40,16,,https://shop.tiktok.com/view/product/1729890449750399813?region=GB&locale=en,18.8,"Army green,Apricot,Dark wash","XL,L,M,XXL"
近7天新品,IT,1729892725222906374,S260811028296,Lira Select,标码女装,女士下装,Null,https://p16-she-va.ibyteimg.com/tos-alisg-i-f7lenjegsh-sg/8538b5b762794a8daf875eb73a11f2ed~tplv-g9dfdl17fc-origin-image.image,2026/8/11,内容场占比低,高GPM,150000,1,,https://shop.tiktok.com/view/product/1729892725222906374?region=DE&locale=en,23.4,"White,Lemon yellow,Gray,Army green,Light green,Burgundy,Green,Coffee brown,Black","XL,XXL,S,XXXL,L,M"
近7天新品,US,1732532169831715676,S260804002546,Glow Lady Fashion,标码女装,女士针织衫,Null,https://p16-she-va.ibyteimg.com/tos-alisg-i-f7lenjegsh-sg/78dc62d2689143db93a9ba62b65fc962~tplv-g9dfdl17fc-origin-image.image,2026/8/10,内容场占比低,高GPM,19,41,,https://shop.tiktok.com/view/product/1732532169831715676?region=US&locale=en,27.9,White,"M,S,XL,L,XXL"
近7天新品,GB,1729881752425896611,S260727017592,Vincira,标码女装,女士套装及西服,Null,https://p16-she-va.ibyteimg.com/tos-alisg-i-f7lenjegsh-sg/795a06274a244023a81143b9fc8f7c03~tplv-g9dfdl17fc-origin-image.image,2026/8/9,内容场占比低,高GPM,32,17,,https://shop.tiktok.com/view/product/1729881752425896611?region=GB&locale=en,10.8,Brown,"L,M,XL,S"
近7天新品,US,1732544634075976333,S260808025401,Gold Full,标码女装,女士套装及西服,2.7,https://p16-she-va.ibyteimg.com/tos-alisg-i-f7lenjegsh-sg/82974a843c4b4e87a0edc940213791c9~tplv-g9dfdl17fc-origin-image.image,2026/8/10,内容场占比低,高GPM,1500,42,,https://shop.tiktok.com/view/product/1732544634075976333?region=US&locale=en,13.5,"Burgundy,Pink,Khaki,Hot pink,Red,White,Black,Dark gray,Apricot,Blue","M,S,L,XL,XXL"
近7天新品,US,1732544627309449586,S260808025362,Lune et Mer,标码女装,女士套装及西服,2.7,https://p16-she-va.ibyteimg.com/tos-alisg-i-f7lenjegsh-sg/d12131b182c34893aa2924b04b57f8bd~tplv-g9dfdl17fc-origin-image.image,2026/8/10,内容场占比低,高GPM,1500,43,,https://shop.tiktok.com/view/product/1732544627309449586?region=US&locale=en,13.4,"Burgundy,Pink,Khaki,Hot pink,Red,White,Black,Dark gray,Apricot,Blue","M,S,XL,L,XXL"
近7天新品,US,1732537583678231331,S260806034317,ZowieEve,标码女装,女士下装,3.3,https://p16-she-va.ibyteimg.com/tos-alisg-i-f7lenjegsh-sg/2b6063bf13224597b1aabfed7ba2b03a~tplv-g9dfdl17fc-origin-image.image,2026/8/10,内容场占比低,高GPM,58,44,,https://shop.tiktok.com/view/product/1732537583678231331?region=US&locale=en,13.3,"Gray,White,Black,Fawn brown","M,S,L,XS"
近7天新品,GB,1729892825472473880,S260811033785,Maren Apparel,标码女装,女士下装,Null,https://p16-she-va.ibyteimg.com/tos-alisg-i-f7lenjegsh-sg/ba3795a6936843a585fccf8f12e691f9~tplv-g9dfdl17fc-origin-image.image,2026/8/11,内容场占比低,,19979,18,,https://shop.tiktok.com/view/product/1729892825472473880?region=GB&locale=en,11.1,"Multi-color,Black,White,Pink","XS,M,XL,L,S"
近7天新品,US,1732554736104149645,S260813033661,Gold Full,标码女装,女士套装及西服,2.7,https://p16-she-va.ibyteimg.com/tos-alisg-i-f7lenjegsh-sg/8261f46570884b5a8fd48bd3c8b53997~tplv-g9dfdl17fc-origin-image.image,2026/8/13,内容场占比低,高GPM,120,45,,https://shop.tiktok.com/view/product/1732554736104149645?region=US&locale=en,13.2,,"M,S,XL,L"
近7天新品,GB,1729881652984453207,S260727010218,Novelife,标码女装,女士套装及西服,4.6,https://p16-she-va.ibyteimg.com/tos-alisg-i-f7lenjegsh-sg/d3b7592855964f9282a7d53d124b14ac~tplv-g9dfdl17fc-origin-image.image,2026/8/11,内容场占比低,高GPM,27,19,,https://shop.tiktok.com/view/product/1729881652984453207?region=GB&locale=en,21.6,Green,"XL,M,S,L"
近7天新品,US,1732531206714134968,S260803004489,ZY PLUS JEANS,大码女装,牛仔,3.9,https://p16-she-va.ibyteimg.com/tos-alisg-i-f7lenjegsh-sg/abe19a7ea4bb4898b45263ca7c61b643~tplv-g9dfdl17fc-origin-image.image,2026/8/9,内容场占比低,高GPM,33,46,,https://shop.tiktok.com/view/product/1732531206714134968?region=US&locale=en,15.1,Dark wash,"4XL,1XL,0XL,3XL,2XL"
近7天新品,FR,1729892826351835928,S260811033785,Maren Apparel,标码女装,女士下装,Null,https://p16-she-va.ibyteimg.com/tos-alisg-i-f7lenjegsh-sg/ba3795a6936843a585fccf8f12e691f9~tplv-g9dfdl17fc-origin-image.image,2026/8/11,内容场占比低,高GPM,19979,1,,https://shop.tiktok.com/view/product/1729892826351835928?region=DE&locale=en,17.1,"Multi-color,Black,White,Pink","XS,M,XL,L,S"
近7天新品,US,1732548813108318919,S260811016733,Justoneone,大码女装,女士连衣裙,Null,https://p16-she-va.ibyteimg.com/tos-alisg-i-f7lenjegsh-sg/6726e99ae0fb4e3fa4f7a632f1124fa9~tplv-g9dfdl17fc-origin-image.image,2026/8/11,内容场占比低,高GPM,1,47,,https://shop.tiktok.com/view/product/1732548813108318919?region=US&locale=en,21.3,Vermilion,"4XL,1XL,0XL,3XL,2XL"
近7天新品,US,1732525136765358259,S260731028486,ZOVINRIA,标码女装,女士针织衫,3.8,https://p16-she-va.ibyteimg.com/tos-alisg-i-f7lenjegsh-sg/55721b4a298d40fc8a8c86f8e2ddf07c~tplv-g9dfdl17fc-origin-image.image,2026/8/10,内容场占比低,高GPM,70,48,,https://shop.tiktok.com/view/product/1732525136765358259?region=US&locale=en,12.7,"Medium Gray,Yellow,White,Black","M,S,L"
近7天新品,MX,1736962806025979529,S260810001051,.Home sweet home,大码女装,女士连衣裙,4.6,https://p16-she-va.ibyteimg.com/tos-alisg-i-f7lenjegsh-sg/b8ac370d0da346ebbe880a2b71a16485~tplv-g9dfdl17fc-origin-image.image,2026/8/10,内容场占比低,高GPM,257,9,,https://shop.tiktok.com/view/product/1736962806025979529?region=MX&locale=en,12.6,"Navy blue,Black,Pink,Dark blue","3XL,0XL,1XL,4XL,2XL"
近7天新品,US,1732544615725240673,S260808025353,The Flood,标码女装,女士套装及西服,2.1,https://p16-she-va.ibyteimg.com/tos-alisg-i-f7lenjegsh-sg/6d0c958a5c1f40c4b1b7c58019228afe~tplv-g9dfdl17fc-origin-image.image,2026/8/10,内容场占比低,高GPM,1500,49,,https://shop.tiktok.com/view/product/1732544615725240673?region=US&locale=en,12.5,"Burgundy,Pink,Khaki,Hot pink,Red,White,Black,Dark gray,Apricot,Blue","M,S,XL,L,XXL"
近7天新品,GB,1729890081273780620,S260807002946,Hafizah modest,标码女装,女士穆斯林服饰,Null,https://p16-she-va.ibyteimg.com/tos-alisg-i-f7lenjegsh-sg/7cbba58bf33a4747ba352022a89fe220~tplv-g9dfdl17fc-origin-image.image,2026/8/9,内容场占比低,高GPM,24,20,,https://shop.tiktok.com/view/product/1729890081273780620?region=GB&locale=en,28.7,Black,"S,XL,L,M,XXL"
近7天新品,US,1732552080920252644,S260812039043,Chic N' Cozy,标码女装,女士下装,3.4,https://p16-she-va.ibyteimg.com/tos-alisg-i-f7lenjegsh-sg/dc77513a1abf4d88be0d6eea4c65337f~tplv-g9dfdl17fc-origin-image.image,2026/8/12,内容场占比低,高GPM,495,50,,https://shop.tiktok.com/view/product/1732552080920252644?region=US&locale=en,16.2,Dark gray,"M,S,XL,L,XXL"
近7天新品,US,1732539715158642879,S260807023198,STOLKISS,标码女装,女士套装及西服,Null,https://p16-she-va.ibyteimg.com/tos-alisg-i-f7lenjegsh-sg/5e6c2d0de31b4fdb83c6aecda9f8a593~tplv-g9dfdl17fc-origin-image.image,2026/8/10,内容场占比低,高GPM,124,51,,https://shop.tiktok.com/view/product/1732539715158642879?region=US&locale=en,24.1,"wine red,Coffee color,Black,Deep blue,dark green","M,S,XL,L,XXL"
近7天新品,US,1732514962443047255,S260724015304,FOXCLAW Curve,大码女装,女士下装,4,https://p16-she-va.ibyteimg.com/tos-alisg-i-f7lenjegsh-sg/9e7aa43c79f44fdfb150bb7f6fd46929~tplv-g9dfdl17fc-origin-image.image,2026/8/10,内容场占比低,高GPM,34,52,,https://shop.tiktok.com/view/product/1732514962443047255?region=US&locale=en,24,Apricot,"5XL,4XL,1XL,3XL,2XL"
近7天新品,GB,1729890955268298943,S260808020295,STOLKISS,标码女装,女士套装及西服,4.8,https://p16-she-va.ibyteimg.com/tos-alisg-i-f7lenjegsh-sg/4ca7562fb98145c487109bf6b6c51e96~tplv-g9dfdl17fc-origin-image.image,2026/8/11,内容场占比低,高GPM,149,21,,https://shop.tiktok.com/view/product/1729890955268298943?region=GB&locale=en,20,"Deep blue,apricot red,Army green,Black,Rose red,reddish brown","L,S,M,XL,XXL"
近7天新品,GB,1729892673975130353,S260811020835,Miss Zone,大码女装,女士套装及西服,4.2,https://p16-she-va.ibyteimg.com/tos-alisg-i-f7lenjegsh-sg/f477bc1d82d94d1aba497e6c807f0e25~tplv-g9dfdl17fc-origin-image.image,2026/8/11,内容场占比低,高GPM,107,22,,https://shop.tiktok.com/view/product/1729892673975130353?region=GB&locale=en,19.5,"Black,White","1XL,3XL,2XL,4XL,0XL"
近7天新品,MX,1736621569939113462,S260719010802,Volupt Curve Studio,大码女装,女士连衣裙,Null,https://p16-she-va.ibyteimg.com/tos-alisg-i-f7lenjegsh-sg/92b48d7500434215a400c1ca331f9835~tplv-g9dfdl17fc-origin-image.image,2026/8/9,内容场占比低,高GPM,25,10,,https://shop.tiktok.com/view/product/1736621569939113462?region=MX&locale=en,27.1,Black,"2XL,0XL,4XL,1XL,3XL"
近7天新品,US,1732539769491722756,S260807026861,NacreBlue,标码女装,女士针织衫,Null,https://p16-she-va.ibyteimg.com/tos-alisg-i-f7lenjegsh-sg/c774fca53d5c4fbebf023c250f9f0b55~tplv-g9dfdl17fc-origin-image.image,2026/8/9,内容场占比低,高GPM,24,53,,https://shop.tiktok.com/view/product/1732539769491722756?region=US&locale=en,27,Plaid,"M,S,L,XL,XXL"
近7天新品,MX,1736691760241084147,S260724019391,Chic Simp Finds,标码女装,女士套装及西服,4.4,https://p16-she-va.ibyteimg.com/tos-alisg-i-f7lenjegsh-sg/dee8b8a2660546ba96066fb8934557df~tplv-g9dfdl17fc-origin-image.image,2026/8/9,内容场占比低,,33,11,,https://shop.tiktok.com/view/product/1736691760241084147?region=MX&locale=en,13.2,Black and white,"XS,M,XL,L,S"
近7天新品,GB,1729891839397501364,S260807025367,Cherry Show,标码女装,女士套装及西服,4.5,https://p16-she-va.ibyteimg.com/tos-alisg-i-f7lenjegsh-sg/8554ab4a05ca43dea23b23d5dbbd0895~tplv-g9dfdl17fc-origin-image.image,2026/8/10,内容场占比低,高GPM,79,23,,https://shop.tiktok.com/view/product/1729891839397501364?region=GB&locale=en,22.6,Pink,"L,S,M,XL"
近7天新品,US,1732543849983152616,S260809016521,TTS Rebecca Shop,标码女装,女士针织衫,3.9,https://p16-she-va.ibyteimg.com/tos-alisg-i-f7lenjegsh-sg/096146eb6cb04dfea1202fa5442e5214~tplv-g9dfdl17fc-origin-image.image,2026/8/9,内容场占比低,高GPM,750,54,,https://shop.tiktok.com/view/product/1732543849983152616?region=US&locale=en,13.1,"Pink,White,Apricot","M,S,XL,L,XS"
近7天新品,MX,1736982417324869544,S260811009006,Cosfuns,标码女装,女士特殊服饰,4.5,https://p16-she-va.ibyteimg.com/tos-alisg-i-f7lenjegsh-sg/88ad60d15f29481a869cedf3dd7fefc3~tplv-g9dfdl17fc-origin-image.image,2026/8/11,内容场占比低,,14,12,,https://shop.tiktok.com/view/product/1736982417324869544?region=MX&locale=en,18.7,Set1,"M,XXL,XL,S,L"
近7天新品,GB,1729880113919728465,S260724022469,ruisusu Marketplace,标码女装,女士穆斯林服饰,4.3,https://p16-she-va.ibyteimg.com/tos-alisg-i-f7lenjegsh-sg/15f2532a884545fab807e4f062e359fe~tplv-g9dfdl17fc-origin-image.image,2026/8/10,内容场占比低,高GPM,31,24,,https://shop.tiktok.com/view/product/1729880113919728465?region=GB&locale=en,22.3,"Apricot,Burgundy,Black,Khaki,Silver,Dark Blue,Army green,Coffee brown",one-size
近7天新品,US,1732545574831296795,S260810010674,YM-MidiNest,标码女装,女士下装,Null,https://p16-she-va.ibyteimg.com/tos-alisg-i-f7lenjegsh-sg/bd362d4b9e2243e1900e76456a1b7304~tplv-g9dfdl17fc-origin-image.image,2026/8/10,内容场占比低,高GPM,800,55,,https://shop.tiktok.com/view/product/1732545574831296795?region=US&locale=en,11.1,"Orange-red,Black + Off-white + Coffee brown,Cream white,Coffee color,Military green,Black,Dark blue,Burgundy","M,S,L,XL,XXL"
近7天新品,US,1732537138042212695,S260806013751,FOXCLAW Curve,大码女装,女士针织衫,4,https://p16-she-va.ibyteimg.com/tos-alisg-i-f7lenjegsh-sg/95ae4a429863435d8ef221e9965ae648~tplv-g9dfdl17fc-origin-image.image,2026/8/11,内容场占比低,高GPM,74,56,,https://shop.tiktok.com/view/product/1732537138042212695?region=US&locale=en,18.5,"Navy blue,White,Black","5XL,4XL,1XL,3XL,2XL"
近7天新品,GB,1729890907085838481,S260808012037,MEIMEI Women,标码女装,女士针织衫,4.7,https://p16-she-va.ibyteimg.com/tos-alisg-i-f7lenjegsh-sg/4af90bbafd97448d96a8b0e9e762b7ab~tplv-g9dfdl17fc-origin-image.image,2026/8/12,内容场占比低,高GPM,11,25,,https://shop.tiktok.com/view/product/1729890907085838481?region=GB&locale=en,14.7,coral color,"M,S,L"
近7天新品,US,1732546470921277630,S260810035181,Wake Seasons,标码女装,女士下装,4.1,https://p16-she-va.ibyteimg.com/tos-alisg-i-f7lenjegsh-sg/2651cbfc1d2e461081c6567c83ffec84~tplv-g9dfdl17fc-origin-image.image,2026/8/10,内容场占比低,高GPM,35552,57,,https://shop.tiktok.com/view/product/1732546470921277630?region=US&locale=en,21.9,Multicolor2,"M,S,XL,L"
近7天新品,US,1732543720920552236,S260809015118,Design Darling,标码女装,女士针织衫,Null,https://p16-she-va.ibyteimg.com/tos-alisg-i-f7lenjegsh-sg/aaad052f2a944efd8fb09710ecec616d~tplv-g9dfdl17fc-origin-image.image,2026/8/9,内容场占比低,高GPM,999,58,,https://shop.tiktok.com/view/product/1732543720920552236?region=US&locale=en,25.1,Coffee brown,"M,S,L,XL,XXL"
近7天新品,US,1732540935884476926,S260807041065,Wangsiting clothes,标码女装,女士穆斯林服饰,4,https://p16-she-va.ibyteimg.com/tos-alisg-i-f7lenjegsh-sg/9c3e00d0670b4fa88433bea9161eb4db~tplv-g9dfdl17fc-origin-image.image,2026/8/10,内容场占比低,高GPM,379,59,,https://shop.tiktok.com/view/product/1732540935884476926?region=US&locale=en,10.7,Gray,"M,S,L,XL"
近7天新品,US,1732554357667828186,S260813019027,Baillin Dress,标码女装,女士下装,4.7,https://p16-she-va.ibyteimg.com/tos-alisg-i-f7lenjegsh-sg/d1e9df77daeb4d7bade6f4852c01441d~tplv-g9dfdl17fc-origin-image.image,2026/8/13,内容场占比低,高GPM,400,60,,https://shop.tiktok.com/view/product/1732554357667828186?region=US&locale=en,10.6,Champagne,"M,S,L,XL"
近7天新品,US,1732536444632404422,S260806003758,TY Trove,标码女装,女士下装,4.1,https://p16-she-va.ibyteimg.com/tos-alisg-i-f7lenjegsh-sg/1c28bb7207e3468796b2b32fdd1588a8~tplv-g9dfdl17fc-origin-image.image,2026/8/10,内容场占比低,高GPM,35,61,,https://shop.tiktok.com/view/product/1732536444632404422?region=US&locale=en,21.1,Black,"M,S,XL,L"
近7天新品,US,1732544582433149873,S260809020744,Everlane Other Stories,标码女装,女士穆斯林服饰,Null,https://p16-she-va.ibyteimg.com/tos-alisg-i-f7lenjegsh-sg/f082984031294d48a73ca388bcd37cdf~tplv-g9dfdl17fc-origin-image.image,2026/8/12,内容场占比低,高GPM,18,62,,https://shop.tiktok.com/view/product/1732544582433149873?region=US&locale=en,14,Khaki,"M,S,XL,XS,L"
近7天新品,US,1732520920515973600,S260729028512,Choove,标码女装,女士下装,4.3,https://p16-she-va.ibyteimg.com/tos-alisg-i-f7lenjegsh-sg/d6b57eab7599436cbcf73ea83e6274fb~tplv-g9dfdl17fc-origin-image.image,2026/8/11,内容场占比低,,162,63,,https://shop.tiktok.com/view/product/1732520920515973600?region=US&locale=en,17.3,"Coffee brown,Pink,Khaki,Navy blue,Gray,Black,Burgundy","M,S,L,XL,XXL"
近7天新品,US,1732536416605737303,S260806004166,FOXCLAW Curve,大码女装,女士上装,4,https://p16-she-va.ibyteimg.com/tos-alisg-i-f7lenjegsh-sg/a961bcf9a3694b01977835e037f3f8e0~tplv-g9dfdl17fc-origin-image.image,2026/8/11,内容场占比低,高GPM,49,64,,https://shop.tiktok.com/view/product/1732536416605737303?region=US&locale=en,17.3,"Black,Dark gray","5XL,4XL,1XL,3XL,2XL"
近7天新品,DE,1729885675968763952,S260730015349,Eastoon Stars,标码女装,女士下装,Null,https://p16-she-va.ibyteimg.com/tos-alisg-i-f7lenjegsh-sg/9e4df3d26f594d64b81e50566c4951e5~tplv-g9dfdl17fc-origin-image.image,2026/8/9,内容场占比低,高GPM,99,3,,https://shop.tiktok.com/view/product/1729885675968763952?region=DE&locale=en,23.9,"Deep blue,Coffee brown,Khaki,Black","XL,L,XS,M,S"
近7天新品,GB,1729891543477492365,S260808025401,Gold Full,标码女装,女士套装及西服,4.2,https://p16-she-va.ibyteimg.com/tos-alisg-i-f7lenjegsh-sg/82974a843c4b4e87a0edc940213791c9~tplv-g9dfdl17fc-origin-image.image,2026/8/10,内容场占比低,高GPM,1500,26,,https://shop.tiktok.com/view/product/1729891543477492365?region=GB&locale=en,20.4,"Burgundy,Blue,White,Dark gray,Hot pink,Apricot,Pink,Red,Black,Khaki","S,XL,L,M,XXL"
近7天新品,US,1732544626038116705,S260809001111,Few Months,标码女装,女士套装及西服,3,https://p16-she-va.ibyteimg.com/tos-alisg-i-f7lenjegsh-sg/165962ea25784366a7570f635b602223~tplv-g9dfdl17fc-origin-image.image,2026/8/10,内容场占比低,高GPM,1500,65,,https://shop.tiktok.com/view/product/1732544626038116705?region=US&locale=en,10.2,"Burgundy,Pink,Khaki,Hot pink,Red,White,Black,Dark gray,Apricot,Blue","M,S,L,XL,XXL"
近7天新品,GB,1729893588798642971,S260812038173,EARO-w,大码女装,女士上装,Null,https://p16-she-va.ibyteimg.com/tos-alisg-i-f7lenjegsh-sg/1a775e26350c465c955ac426d1368f0a~tplv-g9dfdl17fc-origin-image.image,2026/8/12,内容场占比低,高GPM,574,27,,https://shop.tiktok.com/view/product/1729893588798642971?region=GB&locale=en,13.4,"Khaki,Deep blue,Black,White,Hot pink,Brown","0XL,5XL,1XL,3XL,2XL,4XL"
近7天新品,US,1732544961912213801,S260810003833,Kitten Knit,标码女装,女士针织衫,4.5,https://p16-she-va.ibyteimg.com/tos-alisg-i-f7lenjegsh-sg/7c821f9ea07f45fba2c734469ee6a0a0~tplv-g9dfdl17fc-origin-image.image,2026/8/10,内容场占比低,高GPM,15,66,,https://shop.tiktok.com/view/product/1732544961912213801?region=US&locale=en,20.1,Apricot,"Xxl-xxxl,L-XL,S-m"
近7天新品,US,1732534972602618719,S260805022343,SeeYouLater Store,标码女装,女士针织衫,4.7,https://p16-she-va.ibyteimg.com/tos-alisg-i-f7lenjegsh-sg/105e0fe404b744eb8f8c608867857975~tplv-g9dfdl17fc-origin-image.image,2026/8/9,内容场占比低,高GPM,18,67,,https://shop.tiktok.com/view/product/1732534972602618719?region=US&locale=en,23.3,Fawn brown,"M,S,L"
近7天新品,GB,1729889874112519101,S260806023362,Pre Luxe Fabs,大码女装,女士下装,Null,https://p16-she-va.ibyteimg.com/tos-alisg-i-f7lenjegsh-sg/7c9bcfa667504c5295abaef31b31b4ad~tplv-g9dfdl17fc-origin-image.image,2026/8/9,内容场占比低,高GPM,24,28,,https://shop.tiktok.com/view/product/1729889874112519101?region=GB&locale=en,22.8,Camel,"3XL,1XL,5XL,2XL,4XL"
近7天新品,US,1732530189316494247,S260803014979,RUII,标码女装,女士套装及西服,3.4,https://p16-she-va.ibyteimg.com/tos-alisg-i-f7lenjegsh-sg/b18af684bbdc4aebbb8ca8bb371c70c0~tplv-g9dfdl17fc-origin-image.image,2026/8/9,内容场占比低,高GPM,495,68,,https://shop.tiktok.com/view/product/1732530189316494247?region=US&locale=en,22.5,Brown,"M,S,L,XL,XS"
近7天新品,US,1732543750494065176,S260809015624,PlumBabe,标码女装,女士下装,Null,https://p16-she-va.ibyteimg.com/tos-alisg-i-f7lenjegsh-sg/7144c4886a9e44d5a42f89267724ca96~tplv-g9dfdl17fc-origin-image.image,2026/8/9,内容场占比低,高GPM,500,69,,https://shop.tiktok.com/view/product/1732543750494065176?region=US&locale=en,22.4,Black,"M,S,L,XL,XXL"
近7天新品,US,1732541480785712083,S260808014908,sky costume,标码女装,女士下装,4.6,https://p16-she-va.ibyteimg.com/tos-alisg-i-f7lenjegsh-sg/d35bcc77b2824fc99772bc618d406e9c~tplv-g9dfdl17fc-origin-image.image,2026/8/10,内容场占比低,高GPM,24,70,,https://shop.tiktok.com/view/product/1732541480785712083?region=US&locale=en,19,Silver,"M,S,L,XL,XXL"
近7天新品,US,1732545964354539545,S260810018004,NS Dress,大码女装,女士连衣裙,3.7,https://p16-she-va.ibyteimg.com/tos-alisg-i-f7lenjegsh-sg/642fde9d2f4344e4ae8380b156abca0b~tplv-g9dfdl17fc-origin-image.image,2026/8/10,内容场占比低,高GPM,23,71,,https://shop.tiktok.com/view/product/1732545964354539545?region=US&locale=en,18.9,Blue,"1XL,0XL,3XL,2XL"
近7天新品,US,1732514968240165136,S260724007280,SunnySide Blue,大码女装,牛仔,4.6,https://p16-she-va.ibyteimg.com/tos-alisg-i-f7lenjegsh-sg/adb73be0c2c04ecaa8c5b9d81da6c09c~tplv-g9dfdl17fc-origin-image.image,2026/8/10,内容场占比低,,24,72,,https://shop.tiktok.com/view/product/1732514968240165136?region=US&locale=en,18.7,Khaki,"4XL,1XL,0XL,3XL,2XL"
近7天新品,GB,1729890062888442199,S260807002383,FOXCLAW Curve,大码女装,女士下装,4.3,https://p16-she-va.ibyteimg.com/tos-alisg-i-f7lenjegsh-sg/4d4d4b89327e0fe7011ae9b899468ebb~tplv-g9dfdl17fc-origin-image.image,2026/8/11,内容场占比低,,87,29,,https://shop.tiktok.com/view/product/1729890062888442199?region=GB&locale=en,15.5,"Apricot,Black,Fawn brown","4XL,3XL,1XL,5XL,2XL"
近7天新品,IT,1729891128228026858,S260709038211,YYXIN CLOTHES,标码女装,女士穆斯林服饰,4.5,https://p16-she-va.ibyteimg.com/tos-alisg-i-f7lenjegsh-sg/9ace492c21284393897b4daaa06d17f5~tplv-g9dfdl17fc-origin-image.image,2026/8/9,内容场占比低,高GPM,379,2,,https://shop.tiktok.com/view/product/1729891128228026858?region=DE&locale=en,21.6,Fawn brown,"M,S,XL,L"
近7天新品,GB,1729891363880016684,S260809015118,Design Darling,标码女装,女士针织衫,Null,https://p16-she-va.ibyteimg.com/tos-alisg-i-f7lenjegsh-sg/aaad052f2a944efd8fb09710ecec616d~tplv-g9dfdl17fc-origin-image.image,2026/8/9,内容场占比低,高GPM,999,30,,https://shop.tiktok.com/view/product/1729891363880016684?region=GB&locale=en,21.5,Coffee brown,"M,S,L,XL,XXL"
近7天新品,US,1732480637533917718,S260708036483,Ai Junsen costume,标码女装,女士套装及西服,4.7,https://p16-she-va.ibyteimg.com/tos-alisg-i-f7lenjegsh-sg/d72da47f09724bff9b1fddd80d5dcc1a~tplv-g9dfdl17fc-origin-image.image,2026/8/9,内容场占比低,,19,73,,https://shop.tiktok.com/view/product/1732480637533917718?region=US&locale=en,21.4,Pink and white,"M,S,XL,L"
近7天新品,US,1732475530159494018,S260703032538,Mh Fashion Lab,标码女装,女士套装及西服,4.5,https://p16-she-va.ibyteimg.com/tos-alisg-i-f7lenjegsh-sg/22307d6518604d74abc86f627a86ae9b~tplv-g9dfdl17fc-origin-image.image,2026/8/9,内容场占比低,高GPM,24,74,,https://shop.tiktok.com/view/product/1732475530159494018?region=US&locale=en,21.4,Reed green,"M,S,XL,L,XXL"
近7天新品,US,1732542889011810993,S260809000250,Female Garment,标码女装,女士套装及西服,4.6,https://p16-she-va.ibyteimg.com/tos-alisg-i-f7lenjegsh-sg/0b124e257363483086a7b5fa7b18988c~tplv-g9dfdl17fc-origin-image.image,2026/8/9,内容场占比低,,5000,75,,https://shop.tiktok.com/view/product/1732542889011810993?region=US&locale=en,21.3,"Pink,Black","M,S,L,XL,XS"
近7天新品,US,1732505543214666015,S260722009415,Chic Muslim Gowns,标码女装,女士穆斯林服饰,Null,https://p16-she-va.ibyteimg.com/tos-alisg-i-f7lenjegsh-sg/f18574437bd241b8955f091fe0333a50~tplv-g9dfdl17fc-origin-image.image,2026/8/12,内容场占比低,高GPM,24,76,,https://shop.tiktok.com/view/product/1732505543214666015?region=US&locale=en,12.1,Black,"M,S,XL,L,XXL"
近7天新品,US,1732541552130232516,S260808017860,FACIO Direct,标码女装,女士针织衫,4.2,https://p16-she-va.ibyteimg.com/tos-alisg-i-f7lenjegsh-sg/dfdcc14c83c44e2892d0f4a123f18061~tplv-g9dfdl17fc-origin-image.image,2026/8/10,内容场占比低,高GPM,14,77,,https://shop.tiktok.com/view/product/1732541552130232516?region=US&locale=en,18.2,Yellow,"M,S,L"
近7天新品,US,1732533142928396515,S260804026630,GEORGIO PEVIANI,大码女装,牛仔,4.1,https://p16-she-va.ibyteimg.com/tos-alisg-i-f7lenjegsh-sg/89ce5f800e4f43588a4261b403114a7f~tplv-g9dfdl17fc-origin-image.image,2026/8/9,内容场占比低,,24,78,,https://shop.tiktok.com/view/product/1732533142928396515?region=US&locale=en,20.6,Blue,"4XL,1XL,0XL,3XL,2XL"
近7天新品,GB,1729884490956511575,S260731013097,FOXCLAW Curve,大码女装,女士上装,4.3,https://p16-she-va.ibyteimg.com/tos-alisg-i-f7lenjegsh-sg/603f0939b4cd418b9a77a8ed1b5c81da~tplv-g9dfdl17fc-origin-image.image,2026/8/9,内容场占比低,高GPM,103,31,,https://shop.tiktok.com/view/product/1729884490956511575?region=GB&locale=en,10.2,"Hot pink,Black,Dark Blue","1XL,2XL,4XL,5XL,3XL"
近7天新品,US,1732545740871209685,S260807007165,Chic Quick Fits,标码女装,女士下装,Null,https://p16-she-va.ibyteimg.com/tos-alisg-i-f7lenjegsh-sg/5fad715f78f84b459500745de0734703~tplv-g9dfdl17fc-origin-image.image,2026/8/10,内容场占比低,高GPM,800,79,,https://shop.tiktok.com/view/product/1732545740871209685?region=US&locale=en,17.5,"Jet black,White,Black","M,S,L,XL"
近7天新品,US,1732494707498914103,S260716006995,PlusLady,大码女装,女士连衣裙,Null,https://p16-she-va.ibyteimg.com/tos-alisg-i-f7lenjegsh-sg/b584532892d64a3797e52f1e3e202a55~tplv-g9dfdl17fc-origin-image.image,2026/8/9,内容场占比低,高GPM,24,80,,https://shop.tiktok.com/view/product/1732494707498914103?region=US&locale=en,20.3,Floral,"5XL,4XL,1XL,0XL,3XL,2XL"
近7天新品,US,1732544630969307489,S260807025176,The Flood,标码女装,女士套装及西服,2.1,https://p16-she-va.ibyteimg.com/tos-alisg-i-f7lenjegsh-sg/e020d2015dcd4e79a549050df73dd451~tplv-g9dfdl17fc-origin-image.image,2026/8/10,内容场占比低,高GPM,1200,81,,https://shop.tiktok.com/view/product/1732544630969307489?region=US&locale=en,8.7,"Brown,Blue,Gray and white,Purple,Pink,Yellow,Black,Fawn brown,Apricot,Green","M,S,XL,L"
近7天新品,US,1732534876590346311,S260805013688,Mini knit,标码女装,女士针织衫,3.4,https://p16-she-va.ibyteimg.com/tos-alisg-i-f7lenjegsh-sg/76fe0a94a86941568dfd40b3e13061bc~tplv-g9dfdl17fc-origin-image.image,2026/8/9,内容场占比低,高GPM,14,82,,https://shop.tiktok.com/view/product/1732534876590346311?region=US&locale=en,20.2,Black,"M,S,L"
近7天新品,US,1732544606007103756,S260807029363,Aevum Jia,标码女装,女士下装,4.2,https://p16-she-va.ibyteimg.com/tos-alisg-i-f7lenjegsh-sg/38a07456d4a84c809b2c1b3cbefa712c~tplv-g9dfdl17fc-origin-image.image,2026/8/10,内容场占比低,高GPM,499,83,,https://shop.tiktok.com/view/product/1732544606007103756?region=US&locale=en,16.8,Stripe,"M,S,XL,L,XXL"
近7天新品,US,1732476496249327933,S260706012950,Luxerve,标码女装,女士下装,3.7,https://p16-she-va.ibyteimg.com/tos-alisg-i-f7lenjegsh-sg/eefa4941e93e4e748f4fe02d84140cd7~tplv-g9dfdl17fc-origin-image.image,2026/8/12,内容场占比低,高GPM,49,84,,https://shop.tiktok.com/view/product/1732476496249327933?region=US&locale=en,11.1,"Khaki,Orange,Army green,Black,Dark gray,Light gray","M,S,L,XL,XXL"
近7天新品,US,1732546324811387550,S260810033806,Chic Night Luxe,标码女装,女士下装,4.4,https://p16-she-va.ibyteimg.com/tos-alisg-i-f7lenjegsh-sg/02b0d56e38154d459c97753819f6a255~tplv-g9dfdl17fc-origin-image.image,2026/8/10,内容场占比低,高GPM,250000,85,,https://shop.tiktok.com/view/product/1732546324811387550?region=US&locale=en,16.5,"Coffee brown,Pink,Light green,Army green,Navy blue,Yellow,White,Black,Reddish brown,Sky blue","M,S,L,XL,XXL"
近7天新品,GB,1729891183822084439,S260809000153,FOXCLAW Curve,大码女装,女士套装及西服,4.3,https://p16-she-va.ibyteimg.com/tos-alisg-i-f7lenjegsh-sg/a4a5056552b14654a5f5a401c4a11b53~tplv-g9dfdl17fc-origin-image.image,2026/8/10,内容场占比低,高GPM,23,32,,https://shop.tiktok.com/view/product/1729891183822084439?region=GB&locale=en,16.3,Purple,"2XL,3XL,0XL,1XL,4XL"
近7天新品,GB,1729885281104402611,S260731028050,ZOVINRIA,标码女装,女士针织衫,4.7,https://p16-she-va.ibyteimg.com/tos-alisg-i-f7lenjegsh-sg/52a5ca73ff9142618f0e80a1db8e51ad~tplv-g9dfdl17fc-origin-image.image,2026/8/11,内容场占比低,高GPM,160,33,,https://shop.tiktok.com/view/product/1729885281104402611?region=GB&locale=en,13.5,"Red,Early Red,color,Dark blue,Warm Apricot,Custard,Medium gray,Teeth Whitening,Dark Coffee","M,S,L"
近7天新品,US,1732539654904844713,S260807020801,CCUICLAW,标码女装,女士针织衫,Null,https://p16-she-va.ibyteimg.com/tos-alisg-i-f7lenjegsh-sg/a8d979ebf69b4773ac1e0ef4d03b827a~tplv-g9dfdl17fc-origin-image.image,2026/8/10,内容场占比低,高GPM,24,86,,https://shop.tiktok.com/view/product/1732539654904844713?region=US&locale=en,16.1,Blue/Yellow,"M,S,XL,L,XXL"
近7天新品,US,1732530720564220884,S260803023232,fashion iconn,标码女装,女士针织衫,4.6,https://p16-she-va.ibyteimg.com/tos-alisg-i-f7lenjegsh-sg/8c03680730514f9e9598fcbddff50768~tplv-g9dfdl17fc-origin-image.image,2026/8/11,内容场占比低,高GPM,49,87,,https://shop.tiktok.com/view/product/1732530720564220884?region=US&locale=en,13.2,Black and white color block,"M,S,XL,L,XXL"
近7天新品,GB,1729888075378890996,S260805019019,Pure Luxe Fabs,标码女装,女士下装,Null,https://p16-she-va.ibyteimg.com/tos-alisg-i-f7lenjegsh-sg/635537797ff14514bf0e033f4b720d87~tplv-g9dfdl17fc-origin-image.image,2026/8/9,内容场占比低,高GPM,11,34,,https://shop.tiktok.com/view/product/1729888075378890996?region=GB&locale=en,9.1,Black,"S,XL,L,M"
近7天新品,MX,1737016967541917464,S260812037751,Elara Apparel Wear,标码女装,女士套装及西服,Null,https://p16-she-va.ibyteimg.com/tos-alisg-i-f7lenjegsh-sg/926674dd520d44af82d5c8b608de1dc2~tplv-g9dfdl17fc-origin-image.image,2026/8/13,内容场占比低,,10000,13,,https://shop.tiktok.com/view/product/1737016967541917464?region=MX&locale=en,7.8,"Light wash,Multi-color","M,S,XS,XL,L"
近7天新品,US,1732536528680489414,S260806004228,TY Trove,标码女装,女士套装及西服,4.1,https://p16-she-va.ibyteimg.com/tos-alisg-i-f7lenjegsh-sg/cc3b0384ce164710a153585f9b11a492~tplv-g9dfdl17fc-origin-image.image,2026/8/11,内容场占比低,,35,88,,https://shop.tiktok.com/view/product/1732536528680489414?region=US&locale=en,12.9,Black,"M,S,XL,L"
近7天新品,GB,1729889127977556311,S260806020251,FOXCLAW Curve,大码女装,女士上装,4.3,https://p16-she-va.ibyteimg.com/tos-alisg-i-f7lenjegsh-sg/c9b479c2fd05438e9878a8667981f236~tplv-g9dfdl17fc-origin-image.image,2026/8/11,内容场占比低,高GPM,49,35,,https://shop.tiktok.com/view/product/1729889127977556311?region=GB&locale=en,12.8,"White,Black","1XL,5XL,3XL,2XL,4XL"
近7天新品,US,1732549113364124359,S260811033059,Justoneone,标码女装,女士下装,Null,https://p16-she-va.ibyteimg.com/tos-alisg-i-f7lenjegsh-sg/0a5f586bc27d49e18e3780d22b716dec~tplv-g9dfdl17fc-origin-image.image,2026/8/11,内容场占比低,高GPM,200,89,,https://shop.tiktok.com/view/product/1732549113364124359?region=US&locale=en,12.7,Gray-green,"M,S,XL,L"
近7天新品,GB,1729891759330400702,S260810010426,ComfyChic Boutique,标码女装,女士套装及西服,4.4,https://p16-she-va.ibyteimg.com/tos-alisg-i-f7lenjegsh-sg/9a8acbf458d84238a806d3d4f76e233e~tplv-g9dfdl17fc-origin-image.image,2026/8/10,内容场占比低,高GPM,5000,36,,https://shop.tiktok.com/view/product/1729891759330400702?region=GB&locale=en,15.2,Multi-color,"M,XL,S,XXL,L"
近7天新品,GB,1729879621103425820,S260723035058,CHAN & DU Fashion,标码女装,女士针织衫,Null,https://p16-she-va.ibyteimg.com/tos-alisg-i-f7lenjegsh-sg/cfa3a36dca9349b0a7cc19b51b3ca1c3~tplv-g9dfdl17fc-origin-image.image,2026/8/9,内容场占比低,高GPM,19,37,,https://shop.tiktok.com/view/product/1729879621103425820?region=GB&locale=en,17.7,Khaki,"XL,M,L,S"
近7天新品,MX,1736883242268198231,S260804005205,FOXCLAW Curve,大码女装,女士下装,3.4,https://p16-she-va.ibyteimg.com/tos-alisg-i-f7lenjegsh-sg/7ee99104bbb443a29593a968688648e4~tplv-g9dfdl17fc-origin-image.image,2026/8/11,内容场占比低,高GPM,35,14,,https://shop.tiktok.com/view/product/1736883242268198231?region=MX&locale=en,12.6,Black,"3XL,5XL,1XL,2XL,4XL"
近7天新品,US,1732537563160744655,S260806033700,Naimisi-Plus,大码女装,女士连衣裙,4,https://p16-she-va.ibyteimg.com/tos-alisg-i-f7lenjegsh-sg/444c9b37f2ba4db3bede5d2742101a39~tplv-g9dfdl17fc-origin-image.image,2026/8/9,内容场占比低,高GPM,19,90,,https://shop.tiktok.com/view/product/1732537563160744655?region=US&locale=en,17.2,Lime yellow,"5XL,4XL,3XL,2XL"
近7天新品,US,1732539793490547380,S260807027655,Uniq Chic Designs,标码女装,女士下装,4.2,https://p16-she-va.ibyteimg.com/tos-alisg-i-f7lenjegsh-sg/fd6372a054b74521b8c93147dc13aa36~tplv-g9dfdl17fc-origin-image.image,2026/8/10,内容场占比低,,349,91,,https://shop.tiktok.com/view/product/1732539793490547380?region=US&locale=en,14.7,"Multicolor7,Colorful 14,Multicolor6,Multicolor9,Multicolor12,Colorful 13,Multicolor1,Multicolor8,Multicolor11,Multicolor5,Multicolor2,Multicolor3,Colorful 15,Multicolor10,Multicolor4","M,S,XL,L,XXL"
近7天新品,US,1732545936146272323,S260810026545,Edge Mode.,标码女装,女士下装,Null,https://p16-she-va.ibyteimg.com/tos-alisg-i-f7lenjegsh-sg/9695be31dfbc41b48993a77dace3b1af~tplv-g9dfdl17fc-origin-image.image,2026/8/10,内容场占比低,高GPM,762,92,,https://shop.tiktok.com/view/product/1732545936146272323?region=US&locale=en,14.7,"Jet black,Red,Black","M,S,XL,L,XXL"
近7天新品,GB,1729885056694786221,S260801021278,ZIZI Sweater,大码女装,女士针织衫,4.1,https://p16-she-va.ibyteimg.com/tos-alisg-i-f7lenjegsh-sg/4eef8d46f20d4f5587c8892c0a9e5f8c~tplv-g9dfdl17fc-origin-image.image,2026/8/10,内容场占比低,高GPM,59,38,,https://shop.tiktok.com/view/product/1729885056694786221?region=GB&locale=en,14.6,"Black,Pink,Apricot","2XL,3XL,4XL,1XL"
近7天新品,GB,1729873975202126135,S260715033278,PlusLady,大码女装,女士连衣裙,Null,https://p16-she-va.ibyteimg.com/tos-alisg-i-f7lenjegsh-sg/ad1882b8f3bb48538cf100519f78fb21~tplv-g9dfdl17fc-origin-image.image,2026/8/9,内容场占比低,高GPM,24,39,,https://shop.tiktok.com/view/product/1729873975202126135?region=GB&locale=en,16.9,Black,"5XL,1XL,2XL,3XL,0XL,4XL"
近7天新品,US,1732537435843956888,S260806027609,Oohneed,标码女装,女士套装及西服,4.1,https://p16-she-va.ibyteimg.com/tos-alisg-i-f7lenjegsh-sg/d1bc65e17fdb4d99aa0a91f39046cc41~tplv-g9dfdl17fc-origin-image.image,2026/8/11,内容场占比低,高GPM,39,93,,https://shop.tiktok.com/view/product/1732537435843956888?region=US&locale=en,12.1,Purple,"M,S,XS,L"
近7天新品,US,1732531743527375356,S260731009425,Hi anan,标码女装,女士针织衫,4.2,https://p16-she-va.ibyteimg.com/tos-alisg-i-f7lenjegsh-sg/251bfa7f708b42428784a54000c3b0f2~tplv-g9dfdl17fc-origin-image.image,2026/8/10,内容场占比低,高GPM,27,94,,https://shop.tiktok.com/view/product/1732531743527375356?region=US&locale=en,14.4,Multi-color,"M,S,L,XL"
近7天新品,MX,1736702930319148473,S260725001159,Nancy Form,大码女装,女士连衣裙,Null,https://p16-she-va.ibyteimg.com/tos-alisg-i-f7lenjegsh-sg/5a3515eb08b347679c520ea16f9ccbe3~tplv-g9dfdl17fc-origin-image.image,2026/8/10,内容场占比低,高GPM,40,15,,https://shop.tiktok.com/view/product/1736702930319148473?region=MX&locale=en,14.3,"Black,Burgundy","3XL,0XL,2XL,1XL,4XL"
近7天新品,MX,1736983830044509976,S260810029643,Elara Apparel Wear,标码女装,女士套装及西服,Null,https://p16-she-va.ibyteimg.com/tos-alisg-i-f7lenjegsh-sg/6c996236a8a4449fa654454a6fc3b878~tplv-g9dfdl17fc-origin-image.image,2026/8/11,内容场占比低,,9999,16,,https://shop.tiktok.com/view/product/1736983830044509976?region=MX&locale=en,11.6,"Stripe,Multi-color","M,L,XL,XS,S"
近7天新品,GB,1729890990872959912,S260808026177,Chic Weaves,标码女装,女士针织衫,4.6,https://p16-she-va.ibyteimg.com/tos-alisg-i-f7lenjegsh-sg/50536e16908742799a2482b402abd2a0~tplv-g9dfdl17fc-origin-image.image,2026/8/11,内容场占比低,高GPM,99,40,,https://shop.tiktok.com/view/product/1729890990872959912?region=GB&locale=en,11.6,"Turquoise green,Dark wash,Baby pink,Iron gray,Burgundy","M,S,L,XXL,XL"
近7天新品,US,1732547313281307014,S260808025345,Catch My Breath,标码女装,女士套装及西服,2.9,https://p16-she-va.ibyteimg.com/tos-alisg-i-f7lenjegsh-sg/5d78cf61375d4d3f9e1ad129939c3a46~tplv-g9dfdl17fc-origin-image.image,2026/8/10,内容场占比低,高GPM,1500,95,,https://shop.tiktok.com/view/product/1732547313281307014?region=US&locale=en,11.5,"Burgundy,Pink,Khaki,Hot pink,Red,White,Black,Dark gray,Apricot,Blue","M,S,L,XL,XXL"
近7天新品,GB,1729892814153423259,S260811035179,Pink Ora,标码女装,女士下装,Null,https://p16-she-va.ibyteimg.com/tos-alisg-i-f7lenjegsh-sg/3ed97b3b86fc44e6ba8313cc94550cc1~tplv-g9dfdl17fc-origin-image.image,2026/8/11,内容场占比低,高GPM,3000,41,,https://shop.tiktok.com/view/product/1729892814153423259?region=GB&locale=en,11.5,"Gray,Black","XL,S,L,XXL,M"
近7天新品,GB,1729883271095556576,S260729028512,Choove,标码女装,女士下装,4.1,https://p16-she-va.ibyteimg.com/tos-alisg-i-f7lenjegsh-sg/d6b57eab7599436cbcf73ea83e6274fb~tplv-g9dfdl17fc-origin-image.image,2026/8/11,内容场占比低,高GPM,162,42,,https://shop.tiktok.com/view/product/1729883271095556576?region=GB&locale=en,11.4,"Khaki,Pink,Navy blue,Burgundy,Coffee brown,Gray,Black","M,L,XXL,XL,S"
近7天新品,GB,1729891597283400329,S260810001051,.Home sweet home,大码女装,女士连衣裙,2.8,https://p16-she-va.ibyteimg.com/tos-alisg-i-f7lenjegsh-sg/b8ac370d0da346ebbe880a2b71a16485~tplv-g9dfdl17fc-origin-image.image,2026/8/10,内容场占比低,高GPM,257,43,,https://shop.tiktok.com/view/product/1729891597283400329?region=GB&locale=en,13.6,"Navy blue,Black,Pink,Dark blue","4XL,2XL,1XL,3XL,0XL"
近7天新品,GB,1729884362585053791,S260731015526,Xinyou Clothing,标码女装,女士下装,4.1,https://p16-she-va.ibyteimg.com/tos-alisg-i-f7lenjegsh-sg/466114b5d1834656af18cd84eddcc7f5~tplv-g9dfdl17fc-origin-image.image,2026/8/10,内容场占比低,高GPM,15,44,,https://shop.tiktok.com/view/product/1729884362585053791?region=GB&locale=en,13.5,Black,"XXL,XL,S,M,L"
近7天新品,US,1732495238396809559,S260716016528,FOXCLAW Curve,大码女装,女士下装,4,https://p16-she-va.ibyteimg.com/tos-alisg-i-f7lenjegsh-sg/1841f66a58ee43f682ceae8c99ff221b~tplv-g9dfdl17fc-origin-image.image,2026/8/11,内容场占比低,高GPM,34,96,,https://shop.tiktok.com/view/product/1732495238396809559?region=US&locale=en,11.1,Brown,"5XL,4XL,1XL,3XL,2XL"
近7天新品,MX,1736870254893106543,S260803035069,Dulcette fashion,标码女装,女士下装,Null,https://p16-she-va.ibyteimg.com/tos-alisg-i-f7lenjegsh-sg/916138a892ee487ab7d78dbce28de3da~tplv-g9dfdl17fc-origin-image.image,2026/8/12,内容场占比低,高GPM,79,17,,https://shop.tiktok.com/view/product/1736870254893106543?region=MX&locale=en,8.9,"White,Coffee brown,Apricot","L,XL,S,M"
近7天新品,GB,1729891400242403698,S260809017488,Bargain Chic Fashion,大码女装,女士上装,Null,https://p16-she-va.ibyteimg.com/tos-alisg-i-f7lenjegsh-sg/b8df2bc9f5d244d3b2bf4cd7066a9455~tplv-g9dfdl17fc-origin-image.image,2026/8/9,内容场占比低,高GPM,440,45,,https://shop.tiktok.com/view/product/1729891400242403698?region=GB&locale=en,15.2,White,"4XL,5XL,2XL,3XL,1XL"
近7天新品,US,1732548987711885830,S260811028296,Lira Select,标码女装,女士下装,Null,https://p16-she-va.ibyteimg.com/tos-alisg-i-f7lenjegsh-sg/8538b5b762794a8daf875eb73a11f2ed~tplv-g9dfdl17fc-origin-image.image,2026/8/11,内容场占比低,高GPM,150000,97,,https://shop.tiktok.com/view/product/1732548987711885830?region=US&locale=en,10.9,"Green,Coffee brown,Light green,Army green,Lemon yellow,Gray,White,Black,Burgundy","M,XXXL,S,XL,L,XXL"
近7天新品,GB,1729890533161081752,S260807038713,Vogue Knit,标码女装,女士针织衫,4.5,https://p16-she-va.ibyteimg.com/tos-alisg-i-f7lenjegsh-sg/3cf018fc9ef84d8f960bc0416cf7b8fd~tplv-g9dfdl17fc-origin-image.image,2026/8/9,内容场占比低,高GPM,39,46,,https://shop.tiktok.com/view/product/1729890533161081752?region=GB&locale=en,15,Black,"M,XL,S,L,XXL"
近7天新品,US,1732548874413314289,S260811020835,Miss Zone,大码女装,女士套装及西服,3.6,https://p16-she-va.ibyteimg.com/tos-alisg-i-f7lenjegsh-sg/f477bc1d82d94d1aba497e6c807f0e25~tplv-g9dfdl17fc-origin-image.image,2026/8/11,内容场占比低,,107,98,,https://shop.tiktok.com/view/product/1732548874413314289?region=US&locale=en,10.7,"White,Black","4XL,1XL,0XL,3XL,2XL"
近7天新品,MX,1736861723427243382,S260730034951,Western Retro,标码女装,女士下装,Null,https://p16-she-va.ibyteimg.com/tos-alisg-i-f7lenjegsh-sg/cf946540883d4b6aa4bbf1ade538078b~tplv-g9dfdl17fc-origin-image.image,2026/8/9,内容场占比低,高GPM,78,18,,https://shop.tiktok.com/view/product/1736861723427243382?region=MX&locale=en,14.8,"Apricot,Black,Camel,Brown","L,XXL,XL,S,M"
近7天新品,MX,1736965772454233882,S260810008574,lili clothes,大码女装,女士上装,Null,https://p16-she-va.ibyteimg.com/tos-alisg-i-f7lenjegsh-sg/a0e0dea7c6bf48e7a4a60be0dfb792c0~tplv-g9dfdl17fc-origin-image.image,2026/8/10,内容场占比低,高GPM,5,19,,https://shop.tiktok.com/view/product/1736965772454233882?region=MX&locale=en,12.7,Leopard print,"M,XXL,L,S"
近7天新品,GB,1729889547685174111,S260806034031,SeeYouLater Store,标码女装,女士下装,4.7,https://p16-she-va.ibyteimg.com/tos-alisg-i-f7lenjegsh-sg/6e7d13b67604438296e13ea316ee8a40~tplv-g9dfdl17fc-origin-image.image,2026/8/9,内容场占比低,,13,47,,https://shop.tiktok.com/view/product/1729889547685174111?region=GB&locale=en,14.7,Black,"S,M,L"
近7天新品,US,1732542525085684202,S260710034604,YYXIN CLOTHES,标码女装,女士针织衫,3.9,https://p16-she-va.ibyteimg.com/tos-alisg-i-f7lenjegsh-sg/783d7f465e51436aa20943d612630ce6~tplv-g9dfdl17fc-origin-image.image,2026/8/9,内容场占比低,高GPM,475,99,,https://shop.tiktok.com/view/product/1732542525085684202?region=US&locale=en,14.7,Yellow,"M,S,L,XS,XL"
近7天新品,DE,1729880032914086827,S260724011439,"Yiwu MeihuixuClothing Co., LTD",标码女装,女士下装,4.3,https://p16-she-va.ibyteimg.com/tos-alisg-i-f7lenjegsh-sg/1a23f61665fe4c98a56c9024cc9c1103~tplv-g9dfdl17fc-origin-image.image,2026/8/9,内容场占比低,高GPM,18,4,,https://shop.tiktok.com/view/product/1729880032914086827?region=DE&locale=en,14.3,Black,"M,XL,L,S"
近7天新品,US,1732493823102849846,S260715037065,TrendyPlussize,大码女装,女士上装,Null,https://p16-she-va.ibyteimg.com/tos-alisg-i-f7lenjegsh-sg/aa7f69b7526b469eb519a02708ae0efb~tplv-g9dfdl17fc-origin-image.image,2026/8/9,内容场占比低,高GPM,17,100,,https://shop.tiktok.com/view/product/1732493823102849846?region=US&locale=en,14.2,Burgundy,"5XL,4XL,1XL,0XL,3XL,2XL"
近7天新品,GB,1729891296098032151,S260809007941,MYEHBXZ FASHION,标码女装,女士针织衫,Null,https://p16-she-va.ibyteimg.com/tos-alisg-i-f7lenjegsh-sg/44486822389f4499b7acac222cb924d6~tplv-g9dfdl17fc-origin-image.image,2026/8/9,内容场占比低,高GPM,120,48,,https://shop.tiktok.com/view/product/1729891296098032151?region=GB&locale=en,14.2,Coffee brown,"M,XL,L,S"
近7天新品,GB,1729885537678563808,S260731029231,Gude.Good,标码女装,女士下装,Null,https://p16-she-va.ibyteimg.com/tos-alisg-i-f7lenjegsh-sg/c9ee63a03d8a47839fe1e0daf295763c~tplv-g9dfdl17fc-origin-image.image,2026/8/9,内容场占比低,高GPM,120000,49,,https://shop.tiktok.com/view/product/1729885537678563808?region=GB&locale=en,14,"Black,Beige,Coffee brown","S,XL,L,M"
近7天新品,GB,1729883915474081971,S260730032719,ZOVINRIA,标码女装,女士针织衫,4.7,https://p16-she-va.ibyteimg.com/tos-alisg-i-f7lenjegsh-sg/9922f61f49a84839bec05b6be326ac87~tplv-g9dfdl17fc-origin-image.image,2026/8/9,内容场占比低,高GPM,35,50,,https://shop.tiktok.com/view/product/1729883915474081971?region=GB&locale=en,13.9,"Coffee color, yellow,Multiple colors","S,L,M"
近7天新品,US,1732533138000876440,S260804038952,Vogue Knit,标码女装,女士针织衫,3.3,https://p16-she-va.ibyteimg.com/tos-alisg-i-f7lenjegsh-sg/43b32e4269404a378d88eae373895fee~tplv-g9dfdl17fc-origin-image.image,2026/8/9,内容场占比低,,140,101,,https://shop.tiktok.com/view/product/1732533138000876440?region=US&locale=en,13.7,"Fawn brown,Blue","M,S,XL,L,XXL"
近7天新品,GB,1729889287368841559,S260806027171,FOXCLAW Curve,大码女装,女士下装,4.3,https://p16-she-va.ibyteimg.com/tos-alisg-i-f7lenjegsh-sg/c4133075ebdf483c9ed1190402ec0534~tplv-g9dfdl17fc-origin-image.image,2026/8/11,内容场占比低,,24,51,,https://shop.tiktok.com/view/product/1729889287368841559?region=GB&locale=en,9.8,Black,"4XL,1XL,3XL,2XL,0XL"
近7天新品,US,1732546117458826118,S260810031220,Muir sweet,标码女装,女士下装,3.3,https://p16-she-va.ibyteimg.com/tos-alisg-i-f7lenjegsh-sg/2d4b1edcfd4a4970a9f55b61331d35a9~tplv-g9dfdl17fc-origin-image.image,2026/8/10,内容场占比低,,500,102,,https://shop.tiktok.com/view/product/1732546117458826118?region=US&locale=en,11.7,Black,"M,S,L,XS,XL"
近7天新品,GB,1729892707427981848,S260811026387,PlumBabe,标码女装,女士下装,Null,https://p16-she-va.ibyteimg.com/tos-alisg-i-f7lenjegsh-sg/546083c27a4f47c39646696d3fe01470~tplv-g9dfdl17fc-origin-image.image,2026/8/11,内容场占比低,高GPM,500,52,,https://shop.tiktok.com/view/product/1729892707427981848?region=GB&locale=en,9.7,White,"S,XXL,XL,L,M"
近7天新品,DE,1729891325883226761,S260809012301,.Home sweet home,大码女装,女士下装,4.4,https://p16-she-va.ibyteimg.com/tos-alisg-i-f7lenjegsh-sg/426355e30d3d4751925bf2bed37e3d7e~tplv-g9dfdl17fc-origin-image.image,2026/8/9,内容场占比低,高GPM,50,5,,https://shop.tiktok.com/view/product/1729891325883226761?region=DE&locale=en,12.9,Black,"2XL,3XL,0XL,4XL,1XL"
近7天新品,US,1732538805179552701,S260807003984,Artisan Chic Customs,大码女装,女士连衣裙,Null,https://p16-she-va.ibyteimg.com/tos-alisg-i-f7lenjegsh-sg/4188e476ada34dabb70dab9e18ccc366~tplv-g9dfdl17fc-origin-image.image,2026/8/9,内容场占比低,高GPM,67,103,,https://shop.tiktok.com/view/product/1732538805179552701?region=US&locale=en,12.6,"Pink,White,Black,Deep Purple,Mauve purple","5XL,4XL,1XL,3XL,2XL"
近7天新品,MX,1736768821523285226,S260728028464,Topbuy Time,标码女装,女士下装,4.4,https://p16-she-va.ibyteimg.com/tos-alisg-i-f7lenjegsh-sg/db2c9615d9204bcb91aaeaefa13c0a76~tplv-g9dfdl17fc-origin-image.image,2026/8/9,内容场占比低,高GPM,34,20,,https://shop.tiktok.com/view/product/1736768821523285226?region=MX&locale=en,12.5,Black,"XS,S,L,M,XL"
近7天新品,MX,1736866117217649966,S260803033325,RaverageCloset,标码女装,女士下装,Null,https://p16-she-va.ibyteimg.com/tos-alisg-i-f7lenjegsh-sg/75701e45e92d4ff098b4eb8a9874a7e2~tplv-g9dfdl17fc-origin-image.image,2026/8/9,内容场占比低,,39,21,,https://shop.tiktok.com/view/product/1736866117217649966?region=MX&locale=en,12.5,"Red,Black","M,XS,S,L"
近7天新品,US,1732544625671705303,S260808025357,Coveira Mode,标码女装,女士套装及西服,2.2,https://p16-she-va.ibyteimg.com/tos-alisg-i-f7lenjegsh-sg/79c8a4078cad4d9da322dcc606eea26e~tplv-g9dfdl17fc-origin-image.image,2026/8/10,内容场占比低,,1500,104,,https://shop.tiktok.com/view/product/1732544625671705303?region=US&locale=en,10.1,"Blue,Pink,Khaki,Hot pink,Red,White,Black,Dark gray,Apricot,Burgundy","M,S,XL,L,XXL"
近7天新品,MX,1736740005941577379,S260727017592,Vincira,标码女装,女士套装及西服,4.8,https://p16-she-va.ibyteimg.com/tos-alisg-i-f7lenjegsh-sg/795a06274a244023a81143b9fc8f7c03~tplv-g9dfdl17fc-origin-image.image,2026/8/9,内容场占比低,,32,22,,https://shop.tiktok.com/view/product/1736740005941577379?region=MX&locale=en,11.7,Brown,"M,XL,S,L"
近7天新品,US,1732546194216423938,S260810027501,Rosella shops,标码女装,女士针织衫,4.4,https://p16-she-va.ibyteimg.com/tos-alisg-i-f7lenjegsh-sg/ef7a0f47184a486288730da2c97e46cf~tplv-g9dfdl17fc-origin-image.image,2026/8/10,内容场占比低,高GPM,500,105,,https://shop.tiktok.com/view/product/1732546194216423938?region=US&locale=en,9.7,Heather violet,"M,S,XL,L,XXL"
近7天新品,US,1732521566180642850,S260729013925,Muslim clothing top store,标码女装,女士穆斯林服饰,Null,https://p16-she-va.ibyteimg.com/tos-alisg-i-f7lenjegsh-sg/bdeed289cac44f9cb4ba7c84a1c03eb9~tplv-g9dfdl17fc-origin-image.image,2026/8/9,内容场占比低,,79,106,,https://shop.tiktok.com/view/product/1732521566180642850?region=US&locale=en,11.2,"Navy blue,White,Black,Dark green,Burgundy","M,S,L,XL"
近7天新品,GB,1729880033068751787,S260724011439,"Yiwu MeihuixuClothing Co., LTD",标码女装,女士下装,4.5,https://p16-she-va.ibyteimg.com/tos-alisg-i-f7lenjegsh-sg/1a23f61665fe4c98a56c9024cc9c1103~tplv-g9dfdl17fc-origin-image.image,2026/8/9,内容场占比低,高GPM,18,53,,https://shop.tiktok.com/view/product/1729880033068751787?region=GB&locale=en,11.1,Black,"M,XL,L,S"
近7天新品,US,1732546191571128657,S260810035009,Crush Wear,标码女装,女士下装,4.3,https://p16-she-va.ibyteimg.com/tos-alisg-i-f7lenjegsh-sg/19c4a924cf3d4940b66bd2b632243b70~tplv-g9dfdl17fc-origin-image.image,2026/8/10,内容场占比低,高GPM,284415,107,,https://shop.tiktok.com/view/product/1732546191571128657?region=US&locale=en,9.5,"Multicolor11,Multicolor7,Multicolor6,Multicolor9,Multicolor12,Colorful 13,Multicolor10,Multicolor8","M,S,XL,L"
近7天新品,GB,1729890263661386461,S260807011849,Curvy Threads,大码女装,女士连衣裙,Null,https://p16-she-va.ibyteimg.com/tos-alisg-i-f7lenjegsh-sg/30ca4a72d2c14effb4f2618fa87d73a1~tplv-g9dfdl17fc-origin-image.image,2026/8/9,内容场占比低,,24,54,,https://shop.tiktok.com/view/product/1729890263661386461?region=GB&locale=en,10.8,Green,"4XL,1XL,5XL,2XL,3XL"
近7天新品,US,1732530427973833071,S260803026967,Dulcette fashion,标码女装,女士下装,Null,https://p16-she-va.ibyteimg.com/tos-alisg-i-f7lenjegsh-sg/a80e0ec97f274da2bce8a6f3b57e7f11~tplv-g9dfdl17fc-origin-image.image,2026/8/12,内容场占比低,高GPM,149,108,,https://shop.tiktok.com/view/product/1732530427973833071?region=US&locale=en,6.1,"Leaf green,Dark beige,Dark brown,Maroon,Blue","M,S,L,XL"
近7天新品,GB,1729892012439149310,S260810035453,Lunar Miss,标码女装,女士下装,Null,https://p16-she-va.ibyteimg.com/tos-alisg-i-f7lenjegsh-sg/6c4921ec95904f7fa0f597a8510b393a~tplv-g9dfdl17fc-origin-image.image,2026/8/10,内容场占比低,高GPM,355520,55,,https://shop.tiktok.com/view/product/1729892012439149310?region=GB&locale=en,8.8,"Multicolor8,Multicolor5,Multicolor3,Multicolor4,Multicolor2,Multicolor10,Multicolor7,Multicolor9,Multicolor,Multicolor6","L,M,S,XL"
近7天新品,US,1732542532211610090,S260709037954,YYXIN CLOTHES,标码女装,女士穆斯林服饰,3.9,https://p16-she-va.ibyteimg.com/tos-alisg-i-f7lenjegsh-sg/91d567163d3241e6b0503aa0769536c9~tplv-g9dfdl17fc-origin-image.image,2026/8/9,内容场占比低,高GPM,380,109,,https://shop.tiktok.com/view/product/1732542532211610090?region=US&locale=en,10.2,Fawn brown,"M,S,XL,L"
近7天新品,GB,1729891259423234840,S260809005108,Elowen Studio Wear,标码女装,女士下装,Null,https://p16-she-va.ibyteimg.com/tos-alisg-i-f7lenjegsh-sg/44b2aef9d5fb4669a4daf66109c77885~tplv-g9dfdl17fc-origin-image.image,2026/8/9,内容场占比低,高GPM,5000,56,,https://shop.tiktok.com/view/product/1729891259423234840?region=GB&locale=en,10.1,"Gray,Pink and white,Black","S,M,XS,XL,L"
近7天新品,US,1732535437173231941,S260805039799,YouAnnn,标码女装,女士针织衫,4.1,https://p16-she-va.ibyteimg.com/tos-alisg-i-f7lenjegsh-sg/74b008def64246b2abb05383dddc8caf~tplv-g9dfdl17fc-origin-image.image,2026/8/9,内容场占比低,,70,110,,https://shop.tiktok.com/view/product/1732535437173231941?region=US&locale=en,9.9,Multicolor,"M,S,XL,L,XXL"
近7天新品,US,1732549184657003026,S260811033986,Belle Fleurs,标码女装,女士下装,4.9,https://p16-she-va.ibyteimg.com/tos-alisg-i-f7lenjegsh-sg/20dc3da0ecd84388b72c959658a3dbed~tplv-g9dfdl17fc-origin-image.image,2026/8/11,内容场占比低,,39992,111,,https://shop.tiktok.com/view/product/1732549184657003026?region=US&locale=en,6.6,Black,"M,S,L,XS"
近7天新品,GB,1729887522224576583,S260805013526,Mini knit,标码女装,女士针织衫,Null,https://p16-she-va.ibyteimg.com/tos-alisg-i-f7lenjegsh-sg/8ececff489a14d18ae5b591256c0e2b7~tplv-g9dfdl17fc-origin-image.image,2026/8/9,内容场占比低,高GPM,14,57,,https://shop.tiktok.com/view/product/1729887522224576583?region=GB&locale=en,9.3,Black,"S,L,M"
近7天新品,US,1732516066322322222,S260727022089,Einsamw,标码女装,女士套装及西服,4.7,https://p16-she-va.ibyteimg.com/tos-alisg-i-f7lenjegsh-sg/0fb51f579109475da89f1db8f3a00d33~tplv-g9dfdl17fc-origin-image.image,2026/8/9,内容场占比低,,35,112,,https://shop.tiktok.com/view/product/1732516066322322222?region=US&locale=en,9.2,Black,"M,S,L,XL"
近7天新品,MX,1736914188483659709,S260806024382,Pre Luxe Fabs,大码女装,女士上装,Null,https://p16-she-va.ibyteimg.com/tos-alisg-i-f7lenjegsh-sg/22e110ac9ab1483ba542c56fa407701d~tplv-g9dfdl17fc-origin-image.image,2026/8/9,内容场占比低,高GPM,23,23,,https://shop.tiktok.com/view/product/1736914188483659709?region=MX&locale=en,9.1,Apricot,"3XL,1XL,2XL,5XL,4XL"
近7天新品,GB,1729893352279415657,S260812013181,Hijab Haven,标码女装,女士穆斯林服饰,2.9,https://p16-she-va.ibyteimg.com/tos-alisg-i-f7lenjegsh-sg/f0ca4cb30d874cd5af5f12446216d46f~tplv-g9dfdl17fc-origin-image.image,2026/8/12,内容场占比低,,89,58,,https://shop.tiktok.com/view/product/1729893352279415657?region=GB&locale=en,5.2,"01# White, 6 pieces,01#3 pieces white,01# White",one-size
近7天新品,US,1732540144800403496,S260807038913,FIRSTROW,标码女装,女士下装,4.2,https://p16-she-va.ibyteimg.com/tos-alisg-i-f7lenjegsh-sg/024f521ad2e3485195d52dc84a426c5b~tplv-g9dfdl17fc-origin-image.image,2026/8/9,内容场占比低,,11,113,,https://shop.tiktok.com/view/product/1732540144800403496?region=US&locale=en,9.1,Medium wash,"M,S,L"
近7天新品,MX,1736892192248727070,S260803019130,Fenglin CurvyChic,大码女装,女士下装,Null,https://p16-she-va.ibyteimg.com/tos-alisg-i-f7lenjegsh-sg/549b3756d12149aea1cd361f61191e8e~tplv-g9dfdl17fc-origin-image.image,2026/8/9,内容场占比低,高GPM,100,24,,https://shop.tiktok.com/view/product/1736892192248727070?region=MX&locale=en,9,Black,"0XL,2XL,4XL,3XL,1XL"
近7天新品,US,1732533675400270403,S260731013380,yuangfulll,标码女装,女士针织衫,2.2,https://p16-she-va.ibyteimg.com/tos-alisg-i-f7lenjegsh-sg/2cd9237e319d444cb60e02dcaa2363b9~tplv-g9dfdl17fc-origin-image.image,2026/8/9,内容场占比低,高GPM,9,114,,https://shop.tiktok.com/view/product/1732533675400270403?region=US&locale=en,8.7,White,"M,S,L,XL"
近7天新品,US,1732542944427676443,S260809002731,Slim Tech Shop,标码女装,女士下装,4.4,https://p16-she-va.ibyteimg.com/tos-alisg-i-f7lenjegsh-sg/26ee8b5567eb47529fa78cfbcef9e5e4~tplv-g9dfdl17fc-origin-image.image,2026/8/9,内容场占比低,,1088,115,,https://shop.tiktok.com/view/product/1732542944427676443?region=US&locale=en,8.3,"Khaki,Sky blue,Deep blue,Blue","M,S,XS,L,XL"
近7天新品,US,1732534414656901120,S260805008363,Bloom Drape,标码女装,女士下装,4,https://p16-she-va.ibyteimg.com/tos-alisg-i-f7lenjegsh-sg/e6871f7097cf4851b9c4cf1c9a17619b~tplv-g9dfdl17fc-origin-image.image,2026/8/9,内容场占比低,,24,116,,https://shop.tiktok.com/view/product/1732534414656901120?region=US&locale=en,7.1,Black,"M,S,L,XL,XS"
近7天新品,US,1732537734833738591,S260806034031,SeeYouLater Store,标码女装,女士下装,4.7,https://p16-she-va.ibyteimg.com/tos-alisg-i-f7lenjegsh-sg/6e7d13b67604438296e13ea316ee8a40~tplv-g9dfdl17fc-origin-image.image,2026/8/9,内容场占比低,高GPM,13,117,,https://shop.tiktok.com/view/product/1732537734833738591?region=US&locale=en,6.8,Black,"M,S,L"
近7天新品,US,1732530206376431990,S260730034951,Western Retro,标码女装,女士下装,Null,https://p16-she-va.ibyteimg.com/tos-alisg-i-f7lenjegsh-sg/cf946540883d4b6aa4bbf1ade538078b~tplv-g9dfdl17fc-origin-image.image,2026/8/9,内容场占比低,,78,118,,https://shop.tiktok.com/view/product/1732530206376431990?region=US&locale=en,6.4,"Camel,Black,Apricot,Brown","M,S,XL,L,XXL"
近7天新品,US,1732534701580849238,S260805010763,StreamNan,标码女装,女士下装,Null,https://p16-she-va.ibyteimg.com/tos-alisg-i-f7lenjegsh-sg/49602431855b4cebb52d63d4ff05ad60~tplv-g9dfdl17fc-origin-image.image,2026/8/9,内容场占比低,,19,119,,https://shop.tiktok.com/view/product/1732534701580849238?region=US&locale=en,5.1,Khaki,"M,S,L,XL"
近7天新品,US,1732554211462582569,S260809007872,Kitten Knit,大码女装,女士针织衫,4.5,https://p16-she-va.ibyteimg.com/tos-alisg-i-f7lenjegsh-sg/f6b7a20cfabb4416a0f26f25409f70d1~tplv-g9dfdl17fc-origin-image.image,2026/8/13,内容场占比低,,25,120,,https://shop.tiktok.com/view/product/1732554211462582569?region=US&locale=en,,Black,"5XL,4XL,1XL,0XL,3XL,2XL"
近7天新品,US,1732541785862148425,S260808025865,XL Sweat,大码女装,女士针织衫,4.7,https://p16-she-va.ibyteimg.com/tos-alisg-i-f7lenjegsh-sg/61a6ad95c1364f70bec7ef3b4a001b8d~tplv-g9dfdl17fc-origin-image.image,2026/8/12,内容场占比低,,36,121,,https://shop.tiktok.com/view/product/1732541785862148425?region=US&locale=en,,"Coffee brown,Khaki","4XL,1XL,3XL,2XL"
